series_id,month,cost_tsfm,cost_emp,cost_delta,S_tsfm,S_emp,y,context_len,drift_ratio,cv_rolling,zero_share,adf_p
01ntrj3qj9j,2019-07-01,36.764999999999965,51.74333333333329,-14.978333333333325,134.0,123.0,161.0,181,1.6207452725250278,0.20158504543467154,0.11602209944751381,0.02085776011275505
02fouwduzgn,2019-07-01,1.1155,0.3718333333333333,0.7436666666666667,7.0,5.0,4.0,157,1.6881720430107527,0.8312813831825072,0.9235668789808917,0.0020918614940619693
02mrj37btaj,2019-07-01,48.78283333333334,48.78283333333334,0.0,18.0,16.0,1.0,165,0.13306451612903225,0.7284755202669325,0.8424242424242424,0.008113077275821626
02pk9tq4a7l,2019-07-01,25.602499999999978,30.257499999999975,-4.654999999999998,312.0,306.0,345.0,180,1.8531228551818806,0.39598265036127844,0.17222222222222222,0.001802925775406173
039mzypf7lf,2019-07-01,0.2191666666666667,4.164166666666663,-3.9449999999999963,11.0,9.0,10.0,149,1.716589861751152,0.3630830811764363,0.8187919463087249,0.0005218193742461389
04gwopyn6ng,2019-07-01,1.6846666666666668,2.1058333333333334,-0.4211666666666667,53.0,60.0,25.0,179,0.6531893154284045,0.2888452631857195,0.48044692737430167,2.7928664483999074e-06
04vc71z1knc,2019-07-01,0.8213333333333334,1.9413333333333336,-1.12,63.0,78.0,52.0,178,1.0053220375801022,0.37813929987276745,0.34831460674157305,0.017166624811628426
06m0unfyki1,2019-07-01,22.91466666666667,22.91466666666667,0.0,42.0,39.0,32.0,171,1.2343785247011052,0.30700384273029774,0.5672514619883041,1.5303210878036728e-06
06yoc7bt928,2019-07-01,3.3553333333333337,2.396666666666667,0.9586666666666668,8.0,6.0,1.0,150,0.6048387096774193,1.4633963239223546,0.9733333333333334,0.0006739825257875705
06zjudzbk1m,2019-07-01,1.6099999999999997,1.6099999999999997,0.0,38.0,27.0,23.0,181,1.3844363152643833,0.9642274525968432,0.6961325966850829,0.0544818032792877
0798slmbnf9,2019-07-01,47.311833333333325,47.311833333333325,0.0,2.0,6.0,0.0,96,0.0,1.1066207006016109,0.9791666666666666,0.008478666720950547
07p7qcx41nf,2019-07-01,3.5458333333333334,9.219166666666666,-5.673333333333333,62.0,102.0,37.0,181,0.7475164638910593,0.5913051334388311,0.36464088397790057,0.00144612019074481
07pcigvb0g5,2019-07-01,14.382999999999987,4.794333333333329,9.588666666666658,31.0,35.0,37.0,181,1.4796730004418912,0.2761268253796927,0.4972375690607735,0.00443846370277289
08ux4d1znud,2019-07-01,2.064,2.064,0.0,12.0,7.0,6.0,150,1.6129032258064517,0.8160991837634265,0.9066666666666666,0.004556439816723811
09tbi8ws4kv,2019-07-01,58.026666666666664,94.03733333333324,-36.01066666666657,516.0,147.0,176.0,169,2.0328048113723347,0.6203254626407672,0.3431952662721893,0.9759575224315877
0amazxhzuxn,2019-07-01,4.253500000000001,4.253500000000001,0.0,24.0,20.0,11.0,174,0.8948106591865358,0.46215619669841257,0.7586206896551724,0.0014874121037932301
0b9zwxddi88,2019-07-01,1.9900000000000002,2.3880000000000003,-0.39800000000000013,29.0,32.0,14.0,180,0.6503225806451612,0.3492974633669973,0.5,0.0013757232245437281
0bdpo7dmmsb,2019-07-01,29.634166666666673,55.82250000000001,-26.18833333333334,57.0,95.0,14.0,181,0.5173540220498163,1.149450108136235,0.8342541436464088,0.00019094931965231993
0c60xrjm0te,2019-07-01,3.5783333333333336,3.5783333333333336,0.0,11.0,7.0,4.0,167,1.0261136712749617,0.7647582136830344,0.9041916167664671,2.9144685949309785e-05
0enkgy0xzpy,2019-07-01,8.18,6.816666666666666,1.3633333333333333,36.0,32.0,12.0,179,0.5543225806451613,0.18329928947760585,0.553072625698324,2.6136631937101616e-06
0g59nta5c4b,2019-07-01,4.4795,5.491,-1.0114999999999998,51.0,58.0,20.0,180,0.6871540370299676,0.58593283650489,0.5888888888888889,0.00026987474842466623
0glsii58kqc,2019-07-01,1.3158333333333334,55.00183333333329,-53.68599999999996,48.0,32.0,43.0,177,2.639958376690947,1.3794472894958967,0.8022598870056498,0.0012667206978910406
0h0iris3jbm,2019-07-01,20.59133333333334,8.451666666666668,12.13966666666667,722.0,552.0,454.0,73,0.9954346128431549,0.6993460067081235,0.3150684931506849,0.18400399725452277
0idal3ttka1,2019-07-01,3.133666666666667,3.133666666666667,0.0,10.0,7.0,2.0,64,0.8258064516129032,0.7549132625455682,0.9375,0.16816002849246664
0j7yiv8zurj,2019-07-01,167.31399999999985,186.99799999999985,-19.683999999999997,21.0,19.0,38.0,180,3.0225364560318164,0.23461062174289735,0.6611111111111111,0.0004101464756656923
0jbcen7ikmq,2019-07-01,5.726500000000001,0.2936666666666667,5.432833333333334,49.0,10.0,10.0,142,2.8629032258064515,1.1050770770488374,0.9366197183098591,0.012021463781689641
0jdtxgpze7j,2019-07-01,21.182333333333332,21.182333333333332,0.0,52.0,56.0,25.0,177,0.6022866476112698,0.1851577726056226,0.3615819209039548,0.0033867667290032677
0m9x8cpstjf,2019-07-01,1.6900000000000002,0.8450000000000001,0.8450000000000001,16.0,11.0,6.0,179,0.9623655913978494,0.5184040810353838,0.8491620111731844,0.00028398440661641955
0nc2otlja04,2019-07-01,18.955666666666666,7.530333333333333,11.425333333333333,146.0,58.0,0.0,102,0.0,0.22679308270550744,0.3137254901960784,0.8287785202622631
0nfbjmv4wcf,2019-07-01,77.57383333333325,214.46883333333312,-136.89499999999987,148.0,118.0,165.0,181,1.950176309259501,0.3211209109310649,0.2154696132596685,0.04379570139100771
0osqqj1wazo,2019-07-01,10.896,10.896,0.0,20.0,19.0,1.0,181,0.08714492055849783,0.33016810296173665,0.7016574585635359,0.0013413640652308607
0pt3oj1rdoz,2019-07-01,14.484166666666667,8.276666666666667,6.2075,51.0,36.0,16.0,42,0.6774193548387097,0.1432187146917385,0.6666666666666666,0.38496828341398304
0r5rp29qa6d,2019-07-01,4.1715,4.1715,0.0,8.0,9.0,6.0,181,1.347394540942928,0.320773514216894,0.8784530386740331,7.560605363140355e-07
0rfavjq4hrn,2019-07-01,50.80599999999994,50.80599999999994,0.0,7.0,7.0,12.0,178,4.053130929791271,0.5537883817186994,0.9157303370786517,9.457362477923412e-06
0srfeji2ly0,2019-07-01,36.224500000000006,36.224500000000006,0.0,18.0,20.0,5.0,177,0.528673835125448,0.422317699465703,0.7909604519774012,1.5130987843898295e-06
0u7xk68h5ou,2019-07-01,12.455333333333334,8.059333333333333,4.396000000000001,18.0,10.0,1.0,74,0.26523297491039427,0.5190187923341348,0.9054054054054054,0.011162382476818796
0ug6xcxo0y5,2019-07-01,8.14,36.075,-27.935000000000002,72.0,223.0,28.0,181,0.25228992433293507,1.2147878448963456,0.35359116022099446,0.005242165390107947
0v5gffwkaf5,2019-07-01,1.6583333333333332,1.8241666666666667,-0.1658333333333335,25.0,26.0,15.0,181,0.9519635343618513,0.4411431395871451,0.6574585635359116,0.024075571025711614
0vfedsdz82m,2019-07-01,3.5280000000000005,3.5280000000000005,0.0,19.0,27.0,10.0,181,0.6346423562412341,0.7041825160233787,0.6795580110497238,0.0066118628169401375
0wgs83rhkqk,2019-07-01,0.7341666666666667,0.5873333333333334,0.14683333333333337,6.0,5.0,1.0,118,0.42293906810035836,0.3921670738988876,0.923728813559322,1.2582808476179027e-05
0zo41cr2vub,2019-07-01,4.041333333333333,2.165,1.8763333333333332,29.0,16.0,1.0,175,0.12544802867383514,0.6646696387930078,0.8228571428571428,0.24735746799302033
0zzwcumq4qj,2019-07-01,7.106,3.9709999999999996,3.1350000000000002,114.0,84.0,46.0,178,0.9466990403514858,0.4381063541602496,0.6235955056179775,0.00012002062947440268
10b7m8mhs11,2019-07-01,14.290333333333335,14.290333333333335,0.0,5.0,3.0,2.0,112,1.4451612903225806,0.5287564026405104,0.9553571428571429,0.011262598965698277
10xfjy4d39q,2019-07-01,1.1340000000000001,0.9450000000000002,0.18899999999999995,8.0,7.0,2.0,178,0.8202764976958525,1.2060250222558893,0.9438202247191011,6.486624468614413e-05
145ynp7dty4,2019-07-01,0.9175,22.081166666666647,-21.163666666666646,85.0,51.0,70.0,180,2.0221473278767452,0.5963579136213452,0.5555555555555556,0.03349592782440956
14suo0mpm7g,2019-07-01,1.3711666666666655,1.4433333333333334,-0.07216666666666782,82.0,103.0,83.0,181,1.013834525577001,0.24473899982078498,0.14917127071823205,0.03638719756834928
15sra9bxazd,2019-07-01,5.777333333333335,4.952000000000001,0.8253333333333339,29.0,27.0,15.0,181,0.8262325015216069,0.32248049051640887,0.6243093922651933,0.0007652224329750387
16pglkxmv44,2019-07-01,2.4635,2.4635,0.0,14.0,14.0,8.0,177,1.1419354838709677,0.3681112280909358,0.807909604519774,0.00021851298857100763
170nmxeyo7u,2019-07-01,1.533,0.511,1.0219999999999998,17.0,13.0,11.0,132,1.3776091081593929,0.34917792686696597,0.7878787878787878,0.004611767255266678
18iebc6js9a,2019-07-01,5.656,5.656,0.0,7.0,7.0,4.0,180,1.0098176718092566,0.3860596377657857,0.8777777777777778,3.126754343375895e-05
18wt5lcja0u,2019-07-01,1.9344999999999999,2.1534999999999997,-0.21899999999999986,157.0,163.0,104.0,181,0.9841585193705233,0.7233143567799917,0.47513812154696133,0.02925462171869414
19ad6vgw8rb,2019-07-01,21.28,42.56,-21.28,10.0,20.0,0.0,181,0.0,0.6721793032083514,0.7790055248618785,0.029083339653076332
1cqu4739nyz,2019-07-01,0.9329999999999999,1.63275,-0.69975,8.0,11.0,4.0,170,0.6854838709677419,0.5767056577395844,0.8352941176470589,0.04840145035594931
1dgfb3ormrv,2019-07-01,3.829333333333333,2.393333333333333,1.436,29.0,22.0,13.0,77,0.8969534050179212,0.46235441973369856,0.6363636363636364,0.3010336825239929
1dn8bogwen2,2019-07-01,0.7843333333333334,1.1463333333333334,-0.362,23.0,30.0,11.0,179,0.5293010752688173,0.3150591116903162,0.5754189944134078,0.0010391122679300352
1edyi2s93vv,2019-07-01,1.6896666666666667,1.6896666666666667,0.0,25.0,32.0,16.0,174,1.095200629425649,0.5670237626532587,0.7126436781609196,0.024084542348264598
1epwutoik36,2019-07-01,5.0808333333333335,3.0484999999999998,2.0323333333333338,11.0,9.0,6.0,165,1.2774193548387096,0.2959140910523147,0.8666666666666667,8.804723713471806e-06
1h289no4e56,2019-07-01,5.626000000000001,1.3580000000000003,4.268000000000001,33.0,3.0,4.0,33,4.258064516129032,1.7320508075688774,0.9696969696969697,
1hzbzwb869b,2019-07-01,3.552,3.552,0.0,14.0,14.0,5.0,161,0.7018308631211857,0.4896621316890567,0.8385093167701864,0.0038616487895018403
1i576jf9h31,2019-07-01,3.0776666666666666,2.1983333333333333,0.8793333333333333,21.0,9.0,7.0,148,1.193548387096774,0.9063269671749654,0.8581081081081081,0.1337779955449846
1in1p2rxvwg,2019-07-01,49.235333333333294,98.47066666666659,-49.235333333333294,51.0,38.0,64.0,180,2.238631947143412,0.49544734219888314,0.5111111111111111,0.0017815107728869639
1ipn12timoa,2019-07-01,1.038,1.038,0.0,6.0,7.0,1.0,94,0.2756598240469208,0.28453259334915354,0.8829787234042553,0.04360456660376552
1ixdnyfh8yq,2019-07-01,1.4060000000000001,1.1716666666666669,0.23433333333333328,16.0,14.0,4.0,179,0.5774193548387097,0.5679017556873013,0.8268156424581006,0.0008877841577961481
1ktd9jpuw1d,2019-07-01,1.0873333333333335,0.7766666666666667,0.31066666666666676,19.0,17.0,12.0,173,1.1546162402669633,0.37584937821159264,0.7341040462427746,0.007690046910623316
1laxvyyloif,2019-07-01,2.6700000000000004,1.7800000000000002,0.8900000000000001,17.0,12.0,2.0,172,0.3362658846529814,0.38814966274851587,0.872093023255814,7.043120529089818e-06
1lg71vrhjpj,2019-07-01,565.8516666666661,438.9316666666662,126.9199999999999,28.0,52.0,135.0,89,5.0997453310696095,0.2974354148345508,0.5955056179775281,0.12577453744647205
1lmp6gvxyqy,2019-07-01,4.263000000000001,2.1315000000000004,2.1315000000000004,32.0,21.0,14.0,181,0.996852871754524,0.5676522014776249,0.6740331491712708,0.0013724565338144239
1m1mft53hk7,2019-07-01,75.08799999999992,110.4659999999999,-35.37799999999997,203.0,154.0,307.0,180,2.6725347003917395,0.32718948751843563,0.2,0.008639789548135842
1mwy8n9ivf2,2019-07-01,12.136000000000001,12.136000000000001,0.0,12.0,5.0,1.0,138,0.2967741935483871,1.3818132524530145,0.9420289855072463,0.0011702587788324321
1n9xh1fny9w,2019-07-01,5.4635,5.4635,0.0,39.0,18.0,34.0,131,3.0569663692518874,1.0256810311878688,0.7709923664122137,0.12194184915337158
1p8n6eftxni,2019-07-01,3.0788333333333333,2.6390000000000002,0.4398333333333331,7.0,5.0,0.0,148,0.0,0.6870101322180054,0.9391891891891891,0.00021484587124869666
1pztxak9xyv,2019-07-01,32.661,25.403,7.258000000000003,9.0,7.0,0.0,158,0.0,0.7688963262650313,0.9367088607594937,3.0996664341923134e-05
1q7rekcza9b,2019-07-01,9.563333333333324,9.563333333333324,0.0,7.0,7.0,11.0,181,3.5681003584229396,0.39517680784517256,0.9116022099447514,1.1560858008432203e-05
1stslvp97hu,2019-07-01,6.4893333333333345,6.4893333333333345,0.0,20.0,21.0,13.0,70,1.1741935483870969,0.20408848413011643,0.7285714285714285,0.020755638402094725
1t7pyqara3n,2019-07-01,2.3884999999999996,6.884499999999999,-4.4959999999999996,139.0,171.0,122.0,180,0.9825063755536665,0.42377345500490154,0.14444444444444443,0.032157945679508936
1uuae2zqy2b,2019-07-01,3.53,3.53,0.0,0.0,3.0,2.0,162,5.225806451612903,1.8139246347754259,0.9876543209876543,0.00017760327523885287
1uulpoadh2n,2019-07-01,79.88633333333334,79.88633333333334,0.0,39.0,42.0,21.0,181,0.8120059816278573,0.5618729518794613,0.5469613259668509,0.02529798118999858
1ve6uxxky5x,2019-07-01,0.2346666666666667,0.7626666666666667,-0.528,9.0,27.0,1.0,173,0.12978244561140284,0.8983193276031088,0.8959537572254336,0.0012668011960951533
1wsuv6pcgn3,2019-07-01,1.689166666666667,1.689166666666667,0.0,8.0,7.0,3.0,172,1.0403225806451613,0.7330878400715236,0.9302325581395349,0.0004216517022785997
1y41tivcgd8,2019-07-01,0.6980000000000001,3.722666666666667,-3.024666666666667,57.0,83.0,51.0,179,0.8764400921658987,0.40212655570955225,0.2346368715083799,0.07452707418261265
1ypqvxb97jc,2019-07-01,1.2006666666666668,0.0,1.2006666666666668,16.0,11.0,12.0,163,2.175750834260289,0.4868615907788664,0.8466257668711656,2.350595005067767e-05
1yxiyjkxtdt,2019-07-01,6.241666666666667,6.241666666666667,0.0,17.0,15.0,6.0,178,0.7330130404941662,0.2877755112070538,0.797752808988764,0.00028764281095183553
1z5vhdsnbfh,2019-07-01,366.620833333333,146.6483333333332,219.9724999999998,20.0,23.0,25.0,177,3.0370624571036373,0.3607802230363224,0.847457627118644,1.2858234451535952e-05
1z8pvo3mwcp,2019-07-01,167.93466666666652,206.9194999999998,-38.984833333333285,99.0,86.0,155.0,181,2.432795698924731,0.313558926568618,0.27624309392265195,0.0015659540189779597
20b4l2pe9i2,2019-07-01,2.9965,2.5355000000000003,0.46099999999999985,34.0,32.0,21.0,181,0.9504876219054763,0.21464777129345972,0.5359116022099447,3.948307091734898e-06
20gq5x8lbtb,2019-07-01,0.683,1.1383333333333334,-0.45533333333333337,9.0,11.0,6.0,156,1.0064516129032257,0.47787766948394395,0.8269230769230769,0.04103633428433215
20m462qom05,2019-07-01,5.134166666666667,4.1175,1.0166666666666675,189.0,169.0,88.0,181,0.7126303073687978,0.3048255880575036,0.11602209944751381,0.006461227671402448
23ie888k9ej,2019-07-01,257.5126666666667,257.5126666666667,0.0,539.0,516.0,638.0,181,1.5020551508844953,0.15521299418781967,0.027624309392265192,0.012928095876118954
25czj70u5tv,2019-07-01,66.36583333333334,66.36583333333334,0.0,192.0,217.0,113.0,181,0.8330482241772563,0.38098794516177475,0.292817679558011,4.9275381107819746e-05
26ll7kny13u,2019-07-01,13.2855,29.696999999999974,-16.411499999999975,154.0,97.0,103.0,40,1.4932946719826024,0.14638501094227996,0.3,0.4554798994612019
27ehlrfdh1k,2019-07-01,4.179,4.179,0.0,9.0,9.0,7.0,176,1.7279102384291725,0.597200300942643,0.875,1.0783333771669078e-05
28g1xuzalw2,2019-07-01,167.835,100.701,67.13400000000001,32.0,18.0,2.0,179,0.1480562448304384,1.6995158505192753,0.8491620111731844,0.006139638435531828
2a1qkdnx82w,2019-07-01,3.4650000000000003,3.4650000000000003,0.0,12.0,12.0,2.0,150,0.4032258064516129,0.7282555877320295,0.8933333333333333,0.009810163740138165
2b4ihdyts1t,2019-07-01,67.50699999999993,110.52616666666657,-43.019166666666635,545.0,480.0,647.0,181,1.687201947874195,0.3446506714525689,0.07734806629834254,0.2486004958673636
2btl1931ku8,2019-07-01,2.3826666666666667,2.3826666666666667,0.0,7.0,5.0,2.0,177,1.1419354838709677,0.7390697756622854,0.943502824858757,0.0005258146701322343
2dy3bnzuk83,2019-07-01,3.241333333333333,3.241333333333333,0.0,10.0,9.0,9.0,181,1.6951092611862644,0.6152903669577945,0.856353591160221,0.00658740360681407
2eeza4ibzl7,2019-07-01,8.738333333333335,18.22566666666667,-9.487333333333334,40.0,203.0,57.0,180,0.6645938593082006,1.4252649174623353,0.49444444444444446,0.0004894228377852165
2fhh6s9iyrl,2019-07-01,8.33,6.859999999999999,1.4700000000000006,22.0,19.0,5.0,174,0.4252199413489736,0.2374699002949428,0.7068965517241379,7.253431935970043e-06
2geezvbvufl,2019-07-01,0.0,62.345333333333286,-62.345333333333286,46.0,38.0,46.0,40,1.6487455197132617,0.052295758035733914,0.5,0.5349795999784338
2gnhi26f2t3,2019-07-01,1.075666666666667,1.075666666666667,0.0,9.0,9.0,2.0,172,0.42679900744416877,0.40322377193503117,0.872093023255814,0.00017978153533091133
2j05vgnko4z,2019-07-01,0.0,6.672166666666661,-6.672166666666661,8.0,7.0,8.0,176,2.064516129032258,0.5935296799370788,0.8806818181818182,0.00011515232951558939
2k9efx7e9j9,2019-07-01,15.818833333333332,15.818833333333332,0.0,14.0,9.0,2.0,122,0.3577712609970674,0.4200081670057888,0.8442622950819673,0.0033225953587155614
2kpz7m3e817,2019-07-01,0.2685,0.35800000000000004,-0.08950000000000002,11.0,13.0,9.0,181,1.118050789293068,0.567961077730718,0.7900552486187845,0.021095229435607057
2ldpgf1qqo0,2019-07-01,12.288333333333336,12.288333333333336,0.0,42.0,32.0,51.0,181,2.3446786893573788,0.27645790554983607,0.5524861878453039,0.0002764581105495069
2ofpw4mlpik,2019-07-01,26.413999999999998,12.219999999999999,14.193999999999999,681.0,530.0,400.0,133,0.9937052879317106,0.2686942811706972,0.022556390977443608,0.017947141849560803
2pe0wltwkej,2019-07-01,8.546666666666667,5.769,2.7776666666666667,204.0,178.0,124.0,181,0.9451697127937336,0.21887736512364403,0.0718232044198895,9.09252740430961e-06
2phci22bxd2,2019-07-01,2.3706666666666667,2.3706666666666667,0.0,38.0,25.0,29.0,179,1.674516129032258,0.4692990155691366,0.664804469273743,0.0009773979579637368
2shgz5q8uks,2019-07-01,3.538166666666667,2.769,0.769166666666667,66.0,61.0,43.0,178,0.9644657258064517,0.3020134677065073,0.3258426966292135,0.00024324588744637234
2sukrpnwqux,2019-07-01,0.6216666666666667,0.6216666666666667,0.0,6.0,7.0,5.0,155,1.3157894736842106,0.30533553014525583,0.8774193548387097,2.5367920292235614e-06
2tj29jjqk4l,2019-07-01,0.0,0.7793333333333333,-0.7793333333333333,26.0,32.0,28.0,181,1.2109916367980884,0.3599615974541838,0.5082872928176796,0.007060266054837425
2uavtrp0njq,2019-07-01,1.8780000000000001,10.955,-9.077,36.0,94.0,24.0,181,0.3376603186941313,0.4252503470014435,0.22099447513812154,0.1444048456358456
2uvgwox1u1s,2019-07-01,48.924999999999955,37.182999999999964,11.74199999999999,61.0,67.0,86.0,181,1.9691334598355472,0.3835404287744197,0.35911602209944754,0.0032439752573728306
2vvgy127c7u,2019-07-01,27.309333333333313,21.457333333333317,5.851999999999997,50.0,56.0,78.0,180,2.4748810153358014,0.4793104165461202,0.5388888888888889,0.0004968517393528236
2wdqew71ht9,2019-07-01,8.020833333333334,5.25,2.770833333333334,99.0,80.0,44.0,181,0.7600687154037031,0.36494137077679495,0.3867403314917127,0.004942007589332457
2wn3snp0fin,2019-07-01,2.9125,1.3591666666666669,1.5533333333333332,56.0,48.0,41.0,181,1.308126211880839,0.4538741950705859,0.4972375690607735,0.002602863703672331
2wxo72zjfx6,2019-07-01,1.4625000000000001,1.4625000000000001,0.0,7.0,7.0,4.0,160,1.2144212523719164,0.4038840883048645,0.9125,0.00018591257045059328
2x7c2zvf4x5,2019-07-01,90.54449999999991,171.02849999999984,-80.48399999999992,149.0,125.0,176.0,181,1.7717463848720802,0.09822626509326593,0.10497237569060773,0.00047812189557174174
2xu1nwrwrl3,2019-07-01,1.274,6.051499999999995,-4.777499999999995,71.0,56.0,59.0,115,1.3940825970823918,0.21489557305508394,0.3739130434782609,0.0007982972867095748
2zxrmobzwmo,2019-07-01,19.416,25.888,-6.472000000000001,58.0,66.0,34.0,181,0.8341013824884792,0.557423556707684,0.6298342541436464,0.0008540759680648524
3280sc5oytp,2019-07-01,1.2320000000000002,1.2320000000000002,0.0,7.0,7.0,4.0,151,1.217741935483871,0.5560047961423834,0.9139072847682119,0.0001327290551713682
32rwb9yb78d,2019-07-01,3.0648333333333335,3.0648333333333335,0.0,9.0,9.0,2.0,47,0.3790322580645161,0.15200908974960553,0.8297872340425532,0.0569499401226576
330isotvbaa,2019-07-01,7.8613333333333335,1.608,6.253333333333334,45.0,10.0,1.0,170,0.22849462365591397,0.6749531769799384,0.9,0.00017540440136876688
336q9837skz,2019-07-01,7.629166666666666,7.629166666666666,0.0,18.0,13.0,3.0,173,0.38049853372434017,0.4390078884794799,0.7976878612716763,0.003766738836344786
33d8t8rkkg4,2019-07-01,5.579000000000001,5.579000000000001,0.0,19.0,19.0,5.0,179,0.40098566308243727,0.3876257458584399,0.7206703910614525,0.0005235179792272781
34rh2ygd8xm,2019-07-01,6.637333333333327,6.637333333333327,0.0,187.0,183.0,275.0,181,1.8867745726090748,0.1609765844375649,0.027624309392265192,0.0031521206083096305
354hgryd0kt,2019-07-01,5.726,1.9086666666666667,3.817333333333333,11.0,7.0,5.0,168,1.6935483870967742,0.8345675380777537,0.9345238095238095,0.0010635013959700537
35jtvam7htr,2019-07-01,24.03333333333333,40.513333333333335,-16.480000000000004,92.0,140.0,22.0,181,0.3058371735791091,0.8802464942266296,0.56353591160221,0.0010569046423777881
35rc1us3p9c,2019-07-01,0.844,12.026999999999987,-11.182999999999987,28.0,21.0,24.0,157,1.736405529953917,0.41158337501536535,0.6942675159235668,0.0011046579701852305
362t6uhq78r,2019-07-01,3.2853333333333334,9.557333333333334,-6.272,42.0,66.0,34.0,177,0.8477250316946048,0.3514621312884877,0.4350282485875706,0.0003280968970637672
3637hh0mfgb,2019-07-01,7.9030000000000005,15.806000000000001,-7.9030000000000005,12.0,19.0,5.0,180,0.4032258064516129,0.8148787103196087,0.7277777777777777,0.04495485310293008
36h83ags0gf,2019-07-01,2.035,2.7133333333333334,-0.6783333333333332,31.0,35.0,19.0,180,0.8172043010752689,0.3556679257289932,0.6277777777777778,0.00020083656418633385
36i5a863xvn,2019-07-01,6.499500000000001,6.499500000000001,0.0,4.0,5.0,17.0,169,8.425219941348972,0.5599427972503637,0.9349112426035503,8.035345608114979e-06
36ig9yqeqaf,2019-07-01,2.7125,2.17,0.5425,86.0,71.0,11.0,178,0.2665033346944331,0.8449217339380547,0.5112359550561798,0.05779164045635864
38f20la1w9p,2019-07-01,4.335,4.335,0.0,31.0,45.0,18.0,125,0.642306594347702,1.1989021040702335,0.84,0.011775140923825568
38q89az3t1k,2019-07-01,0.5996666666666668,16.276666666666657,-15.676999999999989,89.0,72.0,82.0,180,1.4972611077297626,0.24929329709186088,0.3055555555555556,0.0011014039309984785
39g3bv36bvc,2019-07-01,6.25,8.166666666666666,-1.916666666666666,164.0,210.0,14.0,180,0.11596337030049238,0.4503352420902253,0.39444444444444443,0.0001394484236750334
39ta8pk4v0t,2019-07-01,42.522,42.522,0.0,11.0,9.0,2.0,181,1.06158357771261,1.4594025610008965,0.9668508287292817,6.771009928271672e-05
3axyc2nronr,2019-07-01,0.9583333333333333,1.0924999999999998,-0.13416666666666655,86.0,93.0,36.0,177,0.6739291380222105,0.4124562788269096,0.4519774011299435,0.0006459140875684337
3aymp8k11ge,2019-07-01,1.52,1.0133333333333334,0.5066666666666666,14.0,12.0,8.0,176,1.465140478668054,0.8753026241571493,0.8636363636363636,0.016225007076128787
3bx5agruial,2019-07-01,3.9575000000000005,0.7915000000000001,3.1660000000000004,24.0,10.0,9.0,172,2.9373814041745736,1.4341637863574177,0.9476744186046512,0.00027727033528487856
3c7ay0acey7,2019-07-01,45.885000000000005,31.318333333333335,14.56666666666667,126.0,86.0,0.0,115,0.0,1.3471748293893893,0.7913043478260869,0.011272784780036868
3c7r5qc7uti,2019-07-01,3.603666666666667,7.966,-4.362333333333334,65.0,111.0,27.0,181,0.3607440761792279,0.8542405025990981,0.23756906077348067,0.21580367451853516
3ch3zt0fpds,2019-07-01,21.012,21.012,0.0,30.0,32.0,9.0,180,0.47507331378299117,0.46785308644481755,0.6388888888888888,0.001343255483822942
3clcd0p0cmx,2019-07-01,2.8443333333333336,2.8443333333333336,0.0,11.0,7.0,3.0,135,1.0049627791563276,0.6087577608065091,0.9407407407407408,0.005215056780184314
3dfjlqeox2m,2019-07-01,4.804833333333334,4.804833333333334,0.0,95.0,105.0,81.0,181,1.0192575083426028,0.2887676949257472,0.23756906077348067,0.03672673775608607
3eex5g91uri,2019-07-01,1.618666666666667,1.4163333333333337,0.20233333333333325,16.0,14.0,0.0,165,0.0,0.43167872273961894,0.806060606060606,0.0024359060397990927
3fpa3d61e38,2019-07-01,1.0475,1.0475,0.0,18.0,21.0,19.0,177,1.4274193548387097,0.32782744731410346,0.6779661016949152,0.00014994708031807675
3h2pt34ym7t,2019-07-01,2.2576666666666667,2.2576666666666667,0.0,8.0,7.0,6.0,166,1.5299539170506913,0.33075914337003315,0.8734939759036144,4.464926078630299e-06
3h3cmkofn32,2019-07-01,12.563333333333333,7.538,5.025333333333332,13.0,9.0,3.0,181,0.5650364203954213,0.6409662429593375,0.8729281767955801,0.00034428376909892417
3hnbpu6yrce,2019-07-01,37.17,37.17,0.0,2.0,3.0,0.0,163,0.0,1.0902581186613625,0.9693251533742331,0.00019042064853756944
3j36f4o1k8r,2019-07-01,153.2918333333333,33.77616666666666,119.51566666666665,62.0,16.0,3.0,153,0.2209918151179586,1.9984659664373237,0.9150326797385621,0.00018463274058338715
3jqboox3uh0,2019-07-01,47.162000000000006,15.720666666666668,31.44133333333334,14.0,6.0,2.0,150,1.3824884792626728,1.8274898943300257,0.9733333333333334,0.00010379091037098185
3jzkr9fxan0,2019-07-01,6.325,6.325,0.0,7.0,9.0,1.0,174,0.18709677419354837,0.33257987762340646,0.8505747126436781,0.00027613100524464287
3k0hcxf64rf,2019-07-01,1.115,0.223,0.892,65.0,57.0,55.0,159,1.3896392817416177,0.342524686294835,0.44025157232704404,0.020799725814199747
3k9jcbmfy93,2019-07-01,2.1633333333333336,1.7700000000000002,0.3933333333333333,27.0,23.0,5.0,101,0.31941808981657177,0.3080695398937355,0.6732673267326733,0.03346213282003842
3kzmfb0a8oc,2019-07-01,1.3968333333333334,1.3968333333333334,0.0,13.0,9.0,11.0,178,1.913978494623656,0.4978013713473069,0.8539325842696629,9.171387721998808e-05
3l99onde4vw,2019-07-01,21.241500000000002,6.936000000000001,14.305500000000002,50.0,12.0,1.0,116,0.14392059553349876,2.784667843747259,0.9655172413793104,0.0006305137920710269
3pf3ztzns2i,2019-07-01,9.935999999999998,10.119999999999997,-0.18399999999999928,65.0,66.0,11.0,181,0.23875764480153494,0.3515394419059103,0.3149171270718232,0.005264570071294222
3pohohidj11,2019-07-01,3.146,3.146,0.0,21.0,17.0,5.0,179,0.48118279569892475,0.31058004227073527,0.7374301675977654,1.2128631361099392e-05
3q5c6qppx3y,2019-07-01,2.7,2.7,0.0,2.0,3.0,2.0,176,3.78494623655914,1.2833039862807165,0.9829545454545454,5.1754591993654706e-05
3q5rx5lbjyn,2019-07-01,4.43,5.020666666666667,-0.5906666666666673,39.0,43.0,9.0,177,0.48940092165898624,0.8216884450503079,0.8248587570621468,0.0006573440851460467
3qy3ho76fhc,2019-07-01,2.9626666666666672,2.693333333333334,0.2693333333333334,167.0,163.0,123.0,181,1.031840934371524,0.11477670422176343,0.13812154696132597,2.1266350958508894e-05
3sc73yowp41,2019-07-01,5.434166666666668,3.8039166666666673,1.6302500000000006,18.0,15.0,8.0,176,0.8905755850727387,0.5755970667329469,0.7784090909090909,0.0035289110748841774
3svvg21r52i,2019-07-01,3.188833333333334,6.209833333333334,-3.021,21.0,39.0,2.0,176,0.08410991636798087,0.4730455901982779,0.5965909090909091,0.0012983257563179782
3vhn7guiug8,2019-07-01,0.924,0.924,0.0,18.0,23.0,11.0,161,0.8279569892473119,0.36699081227649666,0.6956521739130435,0.005283734638994134
3vl6ghijwii,2019-07-01,1.5215,1.4320000000000002,0.08949999999999991,18.0,17.0,1.0,179,0.09623655913978495,0.4824845181168484,0.7486033519553073,0.00018413546173810566
3w3lrhl21ac,2019-07-01,2.9236666666666666,1.6706666666666667,1.253,12.0,9.0,5.0,177,0.9844271412680756,0.6151285311502709,0.8587570621468926,0.00341139093363031
3x6c7gqh4to,2019-07-01,12.431833333333334,3.3905000000000003,9.041333333333334,41.0,33.0,30.0,161,1.7705278592375366,0.3417332288858379,0.7391304347826086,6.342060992819341e-05
3xkt2uujz42,2019-07-01,63.934999999999945,147.05049999999986,-83.11549999999991,47.0,34.0,57.0,175,2.898866608544028,0.5402040202000141,0.6971428571428572,0.003109416535015307
3xvhrp46eig,2019-07-01,12.824999999999989,23.08499999999998,-10.259999999999991,48.0,40.0,58.0,175,2.355534926897192,0.47777710841529075,0.6,0.006395633373851244
3y15uekq00k,2019-07-01,0.886,0.443,0.443,9.0,7.0,5.0,180,1.161290322580645,0.4623912031791922,0.8666666666666667,0.009756734521223945
3yvsud9vypm,2019-07-01,3.1960000000000006,3.1960000000000006,0.0,15.0,22.0,0.0,176,0.0,0.5557891529524952,0.7670454545454546,0.001605818391562303
3zp9bq57mbz,2019-07-01,2.2680000000000002,2.2680000000000002,0.0,11.0,7.0,0.0,106,0.0,0.40764039009829983,0.9245283018867925,0.006564466820519089
40ecdr01s04,2019-07-01,13.350999999999999,13.350999999999999,0.0,5.0,3.0,1.0,181,0.8341013824884793,1.5305947467259846,0.9613259668508287,0.0003609760541165049
40mjml3zswj,2019-07-01,3.985,143.85849999999985,-139.87349999999984,216.0,129.0,186.0,181,1.96028880866426,0.37547959091615246,0.2265193370165746,0.042966530255295926
41b94k2cwse,2019-07-01,8.460833333333333,9.821666666666667,-1.3608333333333338,247.0,270.0,104.0,181,0.6769518466573166,1.0517228476715854,0.44751381215469616,0.029520421092087273
41c7iyk4hp2,2019-07-01,0.5,0.6666666666666666,-0.16666666666666663,6.0,9.0,5.0,178,1.2482468443197754,0.6139744996288943,0.8932584269662921,0.0023705562470302736
41nxcahowxc,2019-07-01,2.189166666666667,2.189166666666667,0.0,5.0,5.0,0.0,151,0.0,0.6822437797591269,0.9470198675496688,0.0004183818227895256
41pyamyys8y,2019-07-01,1.6445000000000003,1.594666666666667,0.049833333333333396,82.0,81.0,49.0,175,0.9440713420675987,0.26835210391461956,0.49714285714285716,0.000155137912284412
42erq4fqgwf,2019-07-01,0.9223333333333334,0.9223333333333334,0.0,7.0,7.0,6.0,168,2.032258064516129,0.5129936646782299,0.9166666666666666,2.2057815929731225e-05
435adksgsbf,2019-07-01,5.356,5.356,0.0,9.0,9.0,1.0,154,0.22580645161290322,0.6860558544647534,0.8961038961038961,0.001303458555043316
445dlvpt3e4,2019-07-01,6.804166666666667,5.171166666666666,1.633000000000001,25.0,19.0,0.0,144,0.0,0.48865512263141075,0.7152777777777778,0.004744944830417692
44nns3lmdhe,2019-07-01,241.08366666666672,77.29400000000001,163.7896666666667,739.0,561.0,477.0,181,1.0295987120624888,0.4598492686938016,0.0,0.02369934057325861
44nowb1ckma,2019-07-01,30.128,30.128,0.0,5.0,3.0,2.0,169,1.8172043010752688,0.8696050929884663,0.9644970414201184,4.594837438575781e-05
44z25hs1urg,2019-07-01,3.817,4.453166666666666,-0.6361666666666661,8.0,9.0,2.0,181,0.4324970131421744,0.4991007538563732,0.8674033149171271,0.0010163958299961502
45draei5eza,2019-07-01,29.068166666666666,29.068166666666666,0.0,8.0,14.0,27.0,172,3.6538158929976396,1.4966218757258758,0.8604651162790697,0.039594573756117316
45vhgse15re,2019-07-01,9.061333333333332,9.061333333333332,0.0,15.0,9.0,6.0,171,1.2258064516129032,0.4438403248787428,0.8596491228070176,7.103539273690727e-06
46mtvu7qpgo,2019-07-01,39.04566666666667,39.04566666666667,0.0,20.0,16.0,2.0,142,0.203584229390681,0.7439269994648023,0.8098591549295775,0.04590605377731868
46zhk56fujr,2019-07-01,0.17366666666666666,0.17366666666666666,0.0,7.0,14.0,12.0,74,1.685009487666034,0.5215205508185652,0.8243243243243243,0.12234115967627096
47rjqb2o5o3,2019-07-01,3.3098333333333336,1.4185,1.8913333333333335,7.0,3.0,0.0,163,0.0,0.7348379758532363,0.950920245398773,1.0840140945093288e-05
47tgwft4185,2019-07-01,9.808333333333334,5.885000000000001,3.923333333333333,40.0,30.0,15.0,180,0.6177076183939603,0.958270314744657,0.6888888888888889,0.0002190019001132809
48gneu659vb,2019-07-01,17.179166666666667,24.738,-7.558833333333332,30.0,41.0,5.0,162,0.24193548387096775,1.0208316423173196,0.7839506172839507,0.013509286318457532
4a3k5ef3qjo,2019-07-01,24.14583333333331,43.46249999999996,-19.316666666666652,64.0,44.0,89.0,181,3.2076861808044606,0.6952729887268578,0.6022099447513812,0.01126390740928518
4ak9lkdxmk1,2019-07-01,8.211166666666665,8.211166666666665,0.0,23.0,18.0,6.0,72,0.5806451612903226,0.18276381504613487,0.75,0.03835889526369214
4ch43kx632n,2019-07-01,5.271,1.506,3.7649999999999997,51.0,41.0,37.0,82,2.718637992831541,0.7660293661772122,0.7926829268292683,0.15061209180506524
4cpeu3iymlb,2019-07-01,6.231999999999994,12.463999999999988,-6.231999999999994,56.0,50.0,62.0,179,1.6886792452830188,0.2459086887806251,0.37988826815642457,0.0033524737810843013
4dvrwqfnk9f,2019-07-01,14.108640000000003,38.860640000000004,-24.752000000000002,55.0,89.0,35.62,181,0.6179611906393623,0.7865683950871181,0.09392265193370165,0.1980491337391177
4eq3jyedfp3,2019-07-01,2.259916666666667,2.259916666666667,0.0,111.0,111.0,64.0,108,0.8288763640724307,0.1494089666088799,0.32407407407407407,0.0012903370618302622
4gq2arhz303,2019-07-01,10.915000000000001,26.455000000000005,-15.540000000000004,59.0,143.0,0.0,133,0.0,0.9377877505400151,0.24812030075187969,0.30636829695027484
4hxx2man99n,2019-07-01,2.121,2.121,0.0,7.0,7.0,5.0,177,1.586021505376344,0.5552811393592353,0.9096045197740112,9.654217075357805e-05
4i4anos1lah,2019-07-01,1.6368333333333334,1.6368333333333334,0.0,41.0,33.0,40.0,175,1.7369727047146402,0.2790429291895698,0.6,0.0003118260942333327
4iby8p8yury,2019-07-01,0.438,5.3655,-4.9275,25.0,71.0,22.0,181,0.45070741369552914,0.49418037928548514,0.3812154696132597,0.0001470389639858139
4j5m1aa0giv,2019-07-01,4.612833333333334,1.0645,3.548333333333334,19.0,9.0,6.0,156,1.0783410138248848,0.45201648811183054,0.8653846153846154,0.0015820577298200323
4jzff4qzop6,2019-07-01,268.48266666666643,254.09966666666642,14.38300000000001,100.0,106.0,212.0,181,2.6280391753989454,0.29499463600098785,0.1712707182320442,0.010015112584617987
4k24exmsaqw,2019-07-01,4.5185,6.885333333333334,-2.366833333333334,48.0,59.0,27.0,181,0.6460867265996827,0.29726332135718136,0.3259668508287293,0.041732122730874066
4kyrs11gl81,2019-07-01,4.58533333333333,2.292666666666665,2.292666666666665,31.0,32.0,33.0,130,1.5725806451612903,0.11533541602902322,0.5692307692307692,0.00012149956277490094
4lzczor5nvp,2019-07-01,57.00749999999999,57.00749999999999,0.0,89.0,36.0,49.0,178,2.3843630399125204,0.9257479183671178,0.6348314606741573,0.08314301647496053
4mizlwnwq59,2019-07-01,16.315,27.610000000000003,-11.295000000000002,19.0,28.0,6.0,78,1.0783410138248848,1.5385769074400648,0.9358974358974359,6.568006920620688e-05
4mtdveadcoo,2019-07-01,17.8875,119.3294999999999,-101.4419999999999,613.0,298.0,388.0,181,1.9785321876320607,0.9282095069297681,0.19337016574585636,0.11155325969913882
4n03do4276y,2019-07-01,61.98500000000001,93.61000000000001,-31.625000000000007,62.0,134.0,60.0,170,1.1345939933259177,0.7944339736614016,0.4235294117647059,0.0008665861742221249
4p4z7kzk976,2019-07-01,9.229333333333335,25.38066666666667,-16.151333333333334,49.0,88.0,44.0,180,1.3169271699368141,1.139466912561215,0.7333333333333333,0.012228301629572927
4pny2lhe06a,2019-07-01,2.958,2.958,0.0,9.0,11.0,7.0,181,1.0479735318444996,0.39570730444141466,0.8232044198895028,0.0011494494107638295
4qk5d0lffto,2019-07-01,0.6666666666666666,0.4,0.2666666666666666,12.0,9.0,7.0,181,1.3623655913978494,0.4768826266094946,0.856353591160221,2.293873878750279e-05
4rkbkvd1j5u,2019-07-01,4.527,10.227666666666666,-5.700666666666666,27.0,61.0,0.0,149,0.0,1.0397610566894508,0.5637583892617449,0.035248756554784266
4s2ytbirowk,2019-07-01,36.188666666666634,36.188666666666634,0.0,7.0,9.0,17.0,172,3.493428912783751,0.3003500914516537,0.8430232558139535,0.0001667788233541269
4sx7hfyhqcc,2019-07-01,2.490666666666667,2.490666666666667,0.0,8.0,7.0,6.0,159,1.6196943972835314,0.47274796013313924,0.9056603773584906,0.00016667670266123683
4t4jopztems,2019-07-01,4.1615,3.567,0.5945,15.0,14.0,8.0,181,1.086271567891973,0.6995050526877004,0.8121546961325967,0.0013825275683144857
4tde6qme6ux,2019-07-01,0.8155,0.8155,0.0,16.0,20.0,58.0,179,4.406621392190153,0.49627738775038305,0.770949720670391,5.27401391549768e-05
4to8vr6jjlx,2019-07-01,6.218333333333334,3.731,2.487333333333334,5.0,3.0,0.0,172,0.0,0.946400425208384,0.9534883720930233,0.0024272310831579638
4umy3zbidez,2019-07-01,36.923333333333304,13.956666666666667,22.966666666666637,59.0,149.0,70.0,181,0.7120377655389457,0.6018776083442231,0.1712707182320442,0.025347678464243645
4vbv935fa8y,2019-07-01,370.7754999999997,378.7491666666663,-7.973666666666645,9.0,7.0,102.0,177,21.56989247311828,0.5589172203917555,0.8531073446327684,0.0002511821898627019
4w02r40gan5,2019-07-01,0.7034999999999999,0.7034999999999999,0.0,28.0,28.0,7.0,167,0.3770967741935484,0.33516091740039694,0.5449101796407185,0.003415200367435487
4whplge2k0l,2019-07-01,4.134666666666667,0.0,4.134666666666667,28.0,21.0,21.0,180,1.4516129032258063,0.41539536907123914,0.65,0.0002788051426769044
4x18uxebqus,2019-07-01,3.5575,2.1345,1.423,7.0,5.0,2.0,173,0.7972350230414746,0.5135150332032381,0.9248554913294798,0.0015111624201101911
4x5uxbnh85m,2019-07-01,20.843333333333334,20.843333333333334,0.0,42.0,46.0,14.0,181,0.45922435665096045,0.24290969212983865,0.4861878453038674,4.242633015534214e-05
4x8eb1c771y,2019-07-01,2.464,2.016,0.44799999999999995,52.0,48.0,30.0,178,0.8656184146539148,0.2281035796806,0.3707865168539326,0.00142534063123332
4xd0gvo52v3,2019-07-01,3.4979999999999998,2.332,1.166,6.0,3.0,0.0,160,0.0,1.0576731762619678,0.95625,0.0017519754055813613
4xklodgapg4,2019-07-01,30.650666666666666,30.650666666666666,0.0,7.0,5.0,0.0,163,0.0,0.7515811498510354,0.9325153374233128,6.565153634861784e-06
4y8huncsdf0,2019-07-01,2.0020000000000002,1.9413333333333336,0.06066666666666665,33.0,32.0,0.0,104,0.0,0.10238468358184628,0.5384615384615384,0.045108399934116514
4yctep30qzk,2019-07-01,28.105,28.105,0.0,150.0,96.0,194.0,181,2.71633016167711,0.25733666024423363,0.2154696132596685,0.012545188131404778
4yf4t695r8m,2019-07-01,26.455000000000002,26.455000000000002,0.0,15.0,6.0,0.0,169,0.0,1.0568955818217918,0.9526627218934911,0.008307929960315317
4z200d7ty4d,2019-07-01,1.1048333333333336,8.996499999999992,-7.891666666666659,57.0,47.0,50.0,177,1.4715663451945462,0.3006360017365954,0.4011299435028249,0.0072524975694440216
4zqz9sl6h9q,2019-07-01,37.29066666666664,5.765333333333334,31.525333333333304,448.0,700.0,512.0,181,0.9094674033582931,0.49222791918973324,0.04419889502762431,0.2928479859051282
4zu91u7lts5,2019-07-01,2.8673333333333337,2.244,0.6233333333333335,93.0,80.0,70.0,181,1.1166931077031554,0.3174993232315475,0.2154696132596685,0.01384642862434846
50hj3g4qnne,2019-07-01,53.54833333333333,11.555166666666667,41.99316666666667,366.0,217.0,176.0,105,1.0495229441163108,0.2574841289146135,0.08571428571428572,0.21070185573945027
50xxh3glehc,2019-07-01,2.979,2.979,0.0,21.0,19.0,22.0,177,1.962701612903226,0.3018170861929099,0.7288135593220338,1.0127462702298034e-05
519xma040ip,2019-07-01,9.416,7.454333333333334,1.961666666666666,259.0,249.0,211.0,181,1.231967741935484,0.2555403766738489,0.08287292817679558,0.0001525504513305194
52aqo3vxko1,2019-07-01,1.7373333333333332,3.909,-2.171666666666667,4.0,9.0,0.0,172,0.0,0.8137871191454487,0.8953488372093024,0.0014709674491717292
5363nninkgi,2019-07-01,14.050666666666666,15.807,-1.756333333333334,17.0,19.0,1.0,134,0.1350806451612903,0.670426228118328,0.8656716417910447,0.06074261634219198
53egujxtr8f,2019-07-01,1.2338333333333333,23.44283333333331,-22.20899999999998,5.0,3.0,4.0,127,4.096774193548387,0.8177035240565115,0.968503937007874,0.02367364506877535
53iekvo10mu,2019-07-01,1.368,0.7695000000000001,0.5985,24.0,12.0,8.0,73,1.4491315136476428,0.9076797310583398,0.8767123287671232,0.9398066558984547
5407ynm9dei,2019-07-01,59.436,59.436,0.0,20.0,21.0,4.0,170,0.34274193548387094,1.1788060009574306,0.8,0.02762174001548987
556uvvzc4ai,2019-07-01,2.3866666666666667,2.8640000000000003,-0.4773333333333336,8.0,9.0,3.0,181,0.7006451612903225,0.801477521094448,0.8895027624309392,0.013806130178919197
55zhqna53oz,2019-07-01,41.974166666666626,41.974166666666626,0.0,18.0,17.0,38.0,91,3.380254154447703,0.16711577331586183,0.7032967032967034,0.000919687243068666
57v8w6dsjfu,2019-07-01,4.4,4.4,0.0,12.0,9.0,4.0,176,0.8110599078341014,0.41215941060560474,0.8636363636363636,2.3207804873909484e-06
5836c4zfbpw,2019-07-01,6.017,6.017,0.0,17.0,19.0,5.0,180,0.4536290322580645,0.3035334715634752,0.7222222222222222,0.00029916608257307903
59lnmmlx2or,2019-07-01,9.420333333333334,9.420333333333334,0.0,41.0,45.0,14.0,181,0.45922435665096045,0.2704601222007182,0.4198895027624309,0.0020024537244522234
59tlwbslxn3,2019-07-01,9.05,7.541666666666668,1.5083333333333329,8.0,7.0,2.0,180,0.4147465437788018,1.0217587790249807,0.9111111111111111,0.0018465844112742897
5ah0tzbfobl,2019-07-01,2.1483333333333334,4.296666666666667,-2.1483333333333334,48.0,58.0,38.0,180,1.0310521555622552,0.4448806758871786,0.5055555555555555,0.005274915856980719
5bdwemf71pm,2019-07-01,6.023666666666666,2.8346666666666667,3.1889999999999996,34.0,16.0,0.0,116,0.0,0.6337324295552079,0.8017241379310345,0.007083203325890006
5bsqj6k6lp7,2019-07-01,1.7673333333333334,0.44183333333333336,1.3255000000000001,10.0,7.0,6.0,94,1.8193548387096774,0.39589732744431483,0.8936170212765957,0.00022855635789737042
5c3insvqt49,2019-07-01,4.9425,7.139166666666667,-2.196666666666667,12.0,16.0,3.0,180,0.6221198156682027,0.6473202806234106,0.9,3.0087607021904423e-05
5c9a7n981rz,2019-07-01,2.1460000000000004,2.1460000000000004,0.0,7.0,5.0,3.0,142,0.9815668202764978,0.3019632234183046,0.9014084507042254,0.0001351354659657094
5d8y3ka1vks,2019-07-01,0.1401666666666667,31.957999999999974,-31.817833333333308,34.0,21.0,33.0,181,2.603748910200523,0.8807817914863291,0.7071823204419889,0.08527482159226002
5dgf8js55q2,2019-07-01,3.1955000000000005,3.1955000000000005,0.0,6.0,7.0,1.0,139,0.37365591397849457,0.8622721450581171,0.9280575539568345,8.770563933929194e-05
5dt5yv04vby,2019-07-01,12.519166666666667,11.915833333333335,0.6033333333333317,97.0,93.0,14.0,180,0.2647893243669224,0.5293931906018483,0.4222222222222222,0.006724407043699742
5eaqvajq6tn,2019-07-01,7.321333333333326,0.38533333333333336,6.935999999999993,17.0,21.0,19.0,175,1.554464703132305,0.31896352099389025,0.6857142857142857,0.0004813641275650363
5eok2ml1boe,2019-07-01,9.849000000000002,10.584000000000001,-0.7349999999999994,135.0,140.0,68.0,181,0.6965478211658177,0.31034057265021164,0.20441988950276244,0.004586179204287783
5hixknoxxph,2019-07-01,1.976083333333333,1.4605833333333331,0.5154999999999998,28.0,19.0,5.0,179,0.8748778103616813,1.2714198363609814,0.9217877094972067,0.0016950761300257655
5hvtdb6pzbz,2019-07-01,18.196666666666665,4.806666666666667,13.389999999999999,325.0,169.0,113.0,181,0.20971843405861001,1.6051581179335754,0.13259668508287292,0.00012214874715593712
5jtwej67lde,2019-07-01,9.176999999999992,12.23599999999999,-3.0589999999999975,12.0,11.0,15.0,178,2.3278116826503923,0.34491615602781844,0.8146067415730337,0.0001735686128248959
5la89yg17uh,2019-07-01,3.0831666666666666,3.0831666666666666,0.0,3.0,5.0,3.0,180,1.2442396313364055,0.8995746746278286,0.9222222222222223,0.003395030671600177
5n9ejaywgot,2019-07-01,45.28333333333329,23.54733333333331,21.73599999999998,297.0,321.0,347.0,179,1.8449771282599656,0.26548359110754716,0.13966480446927373,0.0005696730335099901
5nb73rff689,2019-07-01,3.0440000000000005,3.551333333333334,-0.5073333333333334,20.0,22.0,8.0,168,0.8180158247108947,0.5354126752410947,0.7797619047619048,0.0001082870470396731
5puaj0zkeq8,2019-07-01,1.7080000000000002,1.7080000000000002,0.0,8.0,9.0,5.0,167,1.1223118279569892,0.4312155218832117,0.8802395209580839,0.00015209710784490653
5pumfwm2vv9,2019-07-01,7.326250000000001,5.372583333333334,1.9536666666666669,16.0,12.0,1.0,169,0.19470046082949308,0.8886857907362933,0.8875739644970414,0.01822506866770008
5qcdvh0q8ov,2019-07-01,13.738833333333332,13.738833333333332,0.0,4.0,3.0,0.0,153,0.0,1.0547950476716281,0.9738562091503268,0.00011131983441504896
5qwmta9pr3x,2019-07-01,4.8836666666666675,8.801333333333334,-3.9176666666666664,91.0,164.0,0.0,119,0.0,0.22133693255211181,0.37815126050420167,0.014122264357787514
5qzbvrejv1i,2019-07-01,5.1885,5.1885,0.0,0.0,3.0,0.0,161,0.0,1.7162289917593014,0.9627329192546584,0.0025055538622573144
5rjd38rhpf0,2019-07-01,61.132000000000005,65.07600000000001,-3.9440000000000026,68.0,72.0,6.0,180,0.17246885978920473,1.450547037359489,0.6833333333333333,0.04065222945163757
5sawqvw741i,2019-07-01,7.329000000000001,9.5975,-2.2684999999999995,74.0,87.0,32.0,177,0.5311327831957989,0.49391229743067405,0.3502824858757062,0.002099120019123937
5sy1oh3jwvn,2019-07-01,19.44333333333333,20.466666666666665,-1.0233333333333334,336.0,341.0,241.0,181,0.8248118594713156,0.0676155967767129,0.0,0.02248412580742456
5t4fqx39jqc,2019-07-01,9.702666666666667,3.574666666666667,6.128,19.0,7.0,0.0,115,0.0,0.7905911308578337,0.9217391304347826,0.0044533755677612545
5uhgf44c5fr,2019-07-01,0.42533333333333334,3.19,-2.764666666666667,58.0,84.0,54.0,181,0.9008294930875577,0.35583558724967834,0.24861878453038674,0.004211048170053086
5v39tsy6gpt,2019-07-01,13.506666666666668,15.195,-1.6883333333333326,27.0,29.0,11.0,181,0.7468117029257315,0.46916630847175783,0.7348066298342542,0.0026922524589204047
5v6um7af6fq,2019-07-01,6.1110000000000015,6.1110000000000015,0.0,13.0,11.0,9.0,181,1.2816679779701023,0.37216129342035625,0.8066298342541437,0.0009310653068167363
5vnsuoco0hi,2019-07-01,5.9366666666666665,13.060666666666666,-7.124,30.0,42.0,20.0,178,1.0732589689478444,0.50267017310071,0.7078651685393258,0.0003818795859081244
5vnz4fweexn,2019-07-01,5.448,5.448,0.0,23.0,21.0,3.0,173,0.31588557516737675,1.3010717733704036,0.8497109826589595,0.07562498475130636
5voto15c742,2019-07-01,63.83999999999995,103.35999999999991,-39.51999999999997,107.0,81.0,149.0,181,2.3449265281279885,0.24540138829159805,0.2430939226519337,0.016978737356923856
5vyjyjnbw1a,2019-07-01,3.51,3.51,0.0,20.0,7.0,0.0,173,0.0,0.709682238369811,0.9190751445086706,0.0011556988087128917
5wxwe2o481e,2019-07-01,1.0285000000000002,0.7480000000000001,0.2805000000000001,17.0,14.0,6.0,179,0.7698924731182795,0.5486353458582405,0.8100558659217877,0.0004457252544416421
5xqcbc8yiyo,2019-07-01,2.2796666666666665,2.2796666666666665,0.0,2.0,3.0,1.0,178,0.956989247311828,1.0414420543474725,0.9719101123595506,0.0029567015298293635
5yxzdxz43dc,2019-07-01,6.401666666666666,6.401666666666666,0.0,14.0,11.0,4.0,156,0.5920303605313093,0.23744788319464574,0.8205128205128205,7.654733254405686e-05
5zprd957cfi,2019-07-01,71.64266666666661,71.64266666666661,0.0,98.0,98.0,114.0,181,1.4533032821524159,0.17270170129567392,0.11602209944751381,0.0028049198394880298
5zrzxwsl159,2019-07-01,3.7725833333333334,3.550666666666667,0.22191666666666654,24.0,23.0,7.0,67,1.0806451612903225,0.697030903344559,0.8805970149253731,0.06991737541152857
611saldv8ix,2019-07-01,2.1198333333333332,2.1198333333333332,0.0,20.0,20.0,13.0,180,1.3014460511679644,0.4660153394795334,0.7777777777777778,0.001358781740063027
61794ivxwzq,2019-07-01,13.546,3.473333333333333,10.072666666666667,78.0,20.0,0.0,124,0.0,1.2483172039936399,0.7903225806451613,0.36428767412078455
61rzm254c6k,2019-07-01,4.571666666666667,3.5166666666666675,1.0549999999999997,21.0,18.0,8.0,181,0.7533818938605619,0.45368314709827035,0.7624309392265194,0.00011454970700261925
61w2edgrzyt,2019-07-01,19.577333333333335,19.577333333333335,0.0,5.0,3.0,2.0,163,2.629032258064516,1.320088324066141,0.9754601226993865,0.00024313750537383565
62b37tmj07o,2019-07-01,12.133333333333333,7.333333333333333,4.8,145.0,109.0,54.0,32,0.844574780058651,0.007522412565814309,0.375,0.4108058550229663
63so9mn73b5,2019-07-01,111.78533333333334,111.78533333333334,0.0,33.0,22.0,26.0,175,2.0672421626533395,0.7572997332647663,0.7657142857142857,0.0031534014148866256
655bg0ejouo,2019-07-01,2.562666666666667,2.562666666666667,0.0,47.0,54.0,26.0,181,0.6746953405017921,0.40985651750760327,0.4088397790055249,0.007955268268115046
65pk1z5lhn7,2019-07-01,236.56266666666642,709.6879999999992,-473.1253333333328,77.0,45.0,93.0,164,3.4893617021276597,0.6990202456218415,0.676829268292683,0.014106587874777778
66d68cseche,2019-07-01,7.648000000000001,6.692,0.9560000000000004,8.0,7.0,0.0,72,0.0,0.14231876063832768,0.8888888888888888,0.03090965319115972
67isv46w6ar,2019-07-01,1.7453333333333336,1.7453333333333336,0.0,17.0,13.0,4.0,112,0.49833147942157946,0.23849894232690805,0.7767857142857143,0.014840067729102265
68uyh2w3qy3,2019-07-01,4.191000000000001,4.191000000000001,0.0,5.0,5.0,1.0,143,0.5125448028673835,0.3950066918944891,0.9370629370629371,0.0002191732060897322
6971sldeo75,2019-07-01,28.203,8.7295,19.4735,42.0,6.0,0.0,45,0.0,3.8729833462074166,0.9777777777777777,
6a4vinwwgu1,2019-07-01,1.0975000000000001,1.0975000000000001,0.0,32.0,38.0,24.0,179,0.9969830587143188,0.26440828749194906,0.5418994413407822,1.214546316116724e-05
6aosxke9mt3,2019-07-01,3.3291666666666666,2.5458333333333334,0.7833333333333332,34.0,30.0,17.0,177,0.9333126550868486,0.33348327142069945,0.655367231638418,0.00034103327560670713
6aynb5qleg1,2019-07-01,5.310500000000001,2.8595000000000006,2.4510000000000005,19.0,11.0,6.0,176,0.8308418568056648,0.46886201123729876,0.8068181818181818,0.0027709284979821787
6b0hynryagd,2019-07-01,45.25766666666667,45.25766666666667,0.0,8.0,5.0,3.0,143,1.3838709677419354,0.5561826211136385,0.9300699300699301,0.0024207521123675046
6brbpzs0dat,2019-07-01,1.4099999999999997,1.4099999999999997,0.0,19.0,19.0,20.0,181,1.7965260545905706,0.17850276418604866,0.7458563535911602,2.0378946485117672e-06
6chh58as1xt,2019-07-01,4.001666666666667,5.488,-1.4863333333333335,36.0,49.0,1.0,181,0.02890450335356116,0.30367175454105727,0.44751381215469616,0.0004625036881399888
6duvqlh0hrf,2019-07-01,4.099333333333334,4.099333333333334,0.0,60.0,55.0,106.0,181,2.892071148628278,0.5623916843393848,0.5027624309392266,0.019837324594474157
6e9xsmx31nc,2019-07-01,9.75,9.75,0.0,74.0,65.0,64.0,181,1.3065644033385968,0.2534905004648532,0.24861878453038674,0.03348172297411795
6fr0pr06iui,2019-07-01,3.7569999999999997,2.8899999999999997,0.867,61.0,55.0,35.0,171,0.9064061790095411,0.3408880435766253,0.38596491228070173,0.008501113932204004
6gfwd3z2t14,2019-07-01,36.752833333333335,36.752833333333335,0.0,10.0,7.0,1.0,175,0.4032258064516129,0.5671460651293009,0.9314285714285714,7.317166117482546e-05
6h2swuv79hy,2019-07-01,3.150000000000001,2.6500000000000004,0.5000000000000004,174.0,164.0,111.0,181,1.1078577336641853,0.22415421192825452,0.5414364640883977,0.0002607675254049646
6id3dpjcz7o,2019-07-01,3.8663333333333334,3.8663333333333334,0.0,23.0,17.0,10.0,181,0.8223534756928669,0.43570568722569286,0.6961325966850829,6.137149563270798e-05
6ja7cdgh8wh,2019-07-01,1.6840000000000002,1.0525000000000002,0.6315,10.0,7.0,2.0,51,0.5483870967741935,0.09913488663755794,0.8823529411764706,0.23585294318957023
6k115p896fj,2019-07-01,0.8650000000000001,1.038,-0.17299999999999993,12.0,14.0,2.0,74,0.2983870967741935,0.5699919329738645,0.8513513513513513,0.024207581149419687
6lfrv29hnxb,2019-07-01,6.500833333333333,6.500833333333333,0.0,4.0,9.0,4.0,119,1.096774193548387,1.129931792317416,0.8991596638655462,0.05198921053126435
6m45dvanu9a,2019-07-01,7.462000000000001,7.462000000000001,0.0,44.0,70.0,14.0,181,0.29832823169295974,0.45657059857470605,0.47513812154696133,0.22946302738002705
6mkn8rrwqmv,2019-07-01,13.364833333333335,13.364833333333335,0.0,2.0,0.0,0.0,152,0.0,11.04536101718727,0.993421052631579,
6mvqggi2ul5,2019-07-01,13.2385,4.147,9.0915,140.0,83.0,57.0,181,0.502728778871455,1.3773409471719218,0.5414364640883977,8.851920679820737e-05
6n1gvl6tkin,2019-07-01,3.7524999999999995,3.7524999999999995,0.0,6.0,6.0,3.0,152,2.4516129032258065,0.8860045322538793,0.9736842105263158,0.00012795316371286332
6oj74bkgsf9,2019-07-01,3.082666666666667,3.082666666666667,0.0,9.0,11.0,13.0,181,2.1084229390681006,0.4958859932304461,0.8232044198895028,0.0053570482015714155
6otzwybnydw,2019-07-01,1.7471666666666665,3.6531666666666665,-1.906,30.0,42.0,19.0,180,0.6726986624704957,0.3507373166519043,0.4888888888888889,5.1188548869201206e-05
6ptqz7wgi5n,2019-07-01,33.513333333333335,131.00666666666666,-97.49333333333333,54.0,182.0,10.0,181,0.25721188006252665,1.7259081453855807,0.861878453038674,9.764442772281794e-05
6qnlqgi3jzw,2019-07-01,2.27,2.27,0.0,12.0,9.0,0.0,163,0.0,0.7314991692958365,0.8650306748466258,0.0001499274869583938
6qxkrsmqfm3,2019-07-01,3.7255000000000003,3.7255000000000003,0.0,2.0,0.0,2.0,102,6.580645161290322,8.485281374238571,0.9901960784313726,
6t4iqsw2afg,2019-07-01,92.29066666666667,47.016000000000005,45.27466666666666,132.0,80.0,26.0,181,0.6717099628889523,0.6552161804824178,0.6132596685082873,0.01424057188759795
6ukltfqhb3a,2019-07-01,2.76,2.76,0.0,15.0,11.0,9.0,87,1.2629032258064516,0.25329131962231244,0.8045977011494253,0.0019722770102751346
6uyspgvpjq9,2019-07-01,1.9216666666666669,1.9216666666666669,0.0,12.0,9.0,3.0,82,0.721407624633431,0.4391720817634235,0.8902439024390244,0.005041487960232521
6xtwa6ris1x,2019-07-01,4.468,4.468,0.0,31.0,32.0,26.0,180,1.2476672887230071,0.21134779270141718,0.5444444444444444,0.0001216427918702592
6ydo6o89gni,2019-07-01,1.899,1.688,0.21100000000000008,114.0,112.0,96.0,181,1.4335450870390232,0.45397300789454076,0.2983425414364641,0.0016790100593170997
6ygd5zbcjqi,2019-07-01,0.8486666666666658,61.9526666666666,-61.103999999999935,427.0,283.0,429.0,180,2.0654790563312466,0.3043450584702815,0.15,0.0006822456967379754
6yk5se9do4q,2019-07-01,7.3515,7.3515,0.0,17.0,13.0,9.0,74,1.023041474654378,0.2555792838266847,0.7567567567567568,0.04320734886798819
71dkm5l2y8i,2019-07-01,3.643666666666667,3.858,-0.21433333333333326,43.0,45.0,9.0,180,0.2840112201963535,0.13389261860570378,0.4166666666666667,1.1294399036008182e-05
71zk2dsbqes,2019-07-01,3.3728333333333333,0.9636666666666667,2.4091666666666667,17.0,12.0,10.0,165,1.5654648956356736,0.44365149960178507,0.8606060606060606,7.185300640052408e-05
74q7u1dwbgx,2019-07-01,1.5253333333333332,1.001,0.5243333333333333,66.0,55.0,34.0,181,0.963670529282806,0.4903680665202205,0.5248618784530387,0.010491983336013993
74zcm1ypb0p,2019-07-01,5.4,2.7,2.7,24.0,7.0,0.0,143,0.0,1.0286269856324333,0.916083916083916,0.02638441889882152
78gb37l8w8v,2019-07-01,0.8116666666666668,0.8116666666666668,0.0,13.0,9.0,3.0,181,0.6255760368663594,0.5957538628328894,0.8784530386740331,4.72993815342799e-05
799r01z5emx,2019-07-01,1.135,1.135,0.0,25.0,22.0,27.0,175,2.208976157082749,0.3817211300227253,0.7771428571428571,0.0009189108804313499
7dtazzo2b5i,2019-07-01,1.6193333333333335,2.1398333333333337,-0.5205000000000002,45.0,54.0,17.0,171,0.578853046594982,0.16735255110726233,0.5730994152046783,5.111512738081046e-06
7e1pzluhlpc,2019-07-01,20.734,206.3526666666665,-185.61866666666648,141.0,77.0,99.0,171,2.2381015335801164,0.5749690487165604,0.5555555555555556,0.009726429666549352
7gt4sqlikpo,2019-07-01,43.56750000000001,43.56750000000001,0.0,9.0,7.0,3.0,174,1.1225806451612903,0.4075325742064953,0.9310344827586207,2.219086363641036e-05
7guwo60s5ht,2019-07-01,13.287333333333324,166.09166666666655,-152.80433333333323,50.0,27.0,52.0,180,3.2819074333800846,0.7958421243639469,0.7833333333333333,0.010239908258734198
7jmjktu4j08,2019-07-01,1.8555833333333334,1.8555833333333334,0.0,9.0,9.0,6.0,176,1.4193548387096775,0.5813518377087729,0.8920454545454546,0.00047920029538473354
7n2e31szrhj,2019-07-01,20.445333333333338,40.890666666666675,-20.445333333333338,9.0,44.0,0.0,181,0.0,0.956165964912844,0.7292817679558011,0.11254523509379166
7oi6r94xoew,2019-07-01,4.697333333333334,3.2520000000000002,1.4453333333333336,15.0,11.0,2.0,78,0.3354838709677419,0.3295677108471913,0.8333333333333334,0.14632184744795512
7r5e9y8bfbi,2019-07-01,2.6370000000000005,2.1975000000000002,0.4395000000000002,6.0,5.0,0.0,181,0.0,0.5539659798925445,0.9281767955801105,2.622060787032432e-05
7r8xo3uuevh,2019-07-01,18.322333333333333,18.322333333333333,0.0,61.0,16.0,38.0,176,4.070602556299452,1.1764877036867845,0.8068181818181818,0.5157955885956929
7s90qplvp8s,2019-07-01,1.419,1.419,0.0,14.0,21.0,9.0,178,0.7278509768287144,0.6669582492364103,0.7247191011235955,0.007134123552279334
7swkdyi5qo2,2019-07-01,3.659333333333334,5.156333333333334,-1.4970000000000003,43.0,69.0,7.0,181,0.1946236559139785,0.8463125122127936,0.6022099447513812,0.0022832529124168933
7szpypvjzbn,2019-07-01,3.4090000000000003,3.4090000000000003,0.0,7.0,5.0,9.0,169,4.088709677419355,0.7117625217389834,0.9289940828402367,0.001312131909856054
7tv7z9wz9ao,2019-07-01,3.605,2.884,0.7210000000000001,10.0,9.0,5.0,170,1.1921458625525947,0.6482262249082315,0.8823529411764706,0.00026456024724510606
7ufid3neeid,2019-07-01,4.712,4.712,0.0,0.0,3.0,0.0,164,0.0,2.992699450329083,0.9817073170731707,0.0004675837269735416
7v1flbe7tfc,2019-07-01,3.2376666666666667,2.0603333333333333,1.1773333333333333,18.0,3.0,7.0,180,4.516129032258064,1.7931344681209895,0.9555555555555556,0.002275726002551155
7v8jky6gifc,2019-07-01,3.5560000000000005,0.8890000000000001,2.6670000000000003,13.0,7.0,5.0,176,1.4193548387096775,0.6663082437016911,0.9034090909090909,0.0003525604364864597
7wksgonkge1,2019-07-01,2.248,1.4986666666666668,0.7493333333333334,9.0,5.0,3.0,179,1.4435483870967742,0.9727357710771136,0.9385474860335196,0.000519785151640535
7xg1wv1h5pn,2019-07-01,1.3381666666666667,1.3381666666666667,0.0,7.0,7.0,2.0,156,0.5297113752122241,0.483679757791326,0.8846153846153846,0.003555899789670595
7xt44afgr2c,2019-07-01,6.740166666666667,6.740166666666667,0.0,7.0,9.0,11.0,181,2.3787335722819596,1.072414723701568,0.8729281767955801,0.0060615474536795085
7y2bzsizkus,2019-07-01,2.7518333333333334,2.7518333333333334,0.0,7.0,9.0,9.0,179,1.998759305210918,0.5849428553633549,0.8659217877094972,0.0028262090535397287
80ezajohi1g,2019-07-01,1.5333333333333334,1.5333333333333334,0.0,4.0,5.0,8.0,166,3.5698924731182795,0.6165997344888973,0.9337349397590361,0.00043531335837835656
80jxep0xdd1,2019-07-01,1.7800000000000002,1.7800000000000002,0.0,0.0,3.0,1.0,177,1.4274193548387097,1.8087191044872961,0.9774011299435028,0.023850474216944174
80us98680xn,2019-07-01,13.725833333333336,13.725833333333336,0.0,29.0,13.0,1.0,156,0.08828522920203735,1.3466181736556488,0.9102564102564102,0.00038501944790014206
817cq5kbb9i,2019-07-01,21.445500000000003,23.664,-2.218499999999999,34.0,37.0,5.0,180,0.25245441795231416,0.6266428856679291,0.7555555555555555,0.003075342219252156
81gf6zm0fkl,2019-07-01,1.3649999999999998,1.17,0.19499999999999984,8.0,7.0,1.0,181,0.2780337941628264,0.7296887762718838,0.9060773480662984,0.0002635196396448261
81vmv3a56tj,2019-07-01,7.810666666666668,7.810666666666668,0.0,8.0,5.0,3.0,178,1.3250620347394542,0.6690178923707595,0.9325842696629213,9.273218746290213e-06
8296wkw5vgh,2019-07-01,2.4439999999999995,1.6919999999999997,0.7519999999999998,19.0,15.0,6.0,180,0.6967741935483871,0.5335933587397751,0.7833333333333333,0.006933190195977308
82su02melwt,2019-07-01,9.8175,5.890500000000001,3.9269999999999996,16.0,3.0,1.0,41,0.6612903225806451,0.5773502691896258,0.9512195121951219,0.2731441200260468
82t3j1invr3,2019-07-01,8.923333333333334,42.385833333333295,-33.46249999999996,112.0,87.0,92.0,115,1.7775537634408602,0.8172709667469829,0.4782608695652174,0.016987453787390576
82uotqj46uy,2019-07-01,9.447000000000001,9.447000000000001,0.0,19.0,13.0,8.0,163,0.9782445611402851,0.5246723249204992,0.7668711656441718,0.004137375056577847
82xquc3i22s,2019-07-01,1.1840000000000002,0.8140000000000001,0.3700000000000001,22.0,17.0,6.0,108,0.5649520488230165,0.4041183636645184,0.7407407407407407,0.014680463360924613
83k4sni318s,2019-07-01,2.242,2.242,0.0,52.0,52.0,33.0,179,0.882168458781362,0.37748874590813364,0.37988826815642457,0.007927325753985734
83mlkkkh0ha,2019-07-01,0.9410000000000001,1.5683333333333336,-0.6273333333333335,7.0,9.0,4.0,173,1.0629800307219661,0.43880023161434034,0.8901734104046243,7.098641985935806e-06
848xgzxv4dt,2019-07-01,1.9363333333333337,1.9363333333333337,0.0,64.0,66.0,27.0,181,0.6651694569211922,0.5702120720621305,0.49171270718232046,0.01340122836090911
85810mwwb1n,2019-07-01,0.9600000000000001,0.48000000000000004,0.48000000000000004,26.0,22.0,18.0,180,1.2442396313364057,0.25968818532818966,0.6444444444444445,1.1363361436563007e-05
85nygebc9bv,2019-07-01,20.47966666666667,22.355666666666668,-1.8759999999999977,326.0,350.0,64.0,181,0.01846597249233241,1.4840147642642445,0.19337016574585636,4.150358691993182e-05
85urck9d961,2019-07-01,0.7696666666666667,1.1545,-0.38483333333333336,5.0,6.0,3.0,168,2.032258064516129,1.0926136229096488,0.9642857142857143,0.000328795992004296
869xm5rvoji,2019-07-01,4.658333333333333,4.658333333333333,0.0,7.0,7.0,4.0,180,1.1612903225806452,0.5172762095144097,0.8944444444444445,8.438526482412031e-05
86z70bstdpc,2019-07-01,7.2730000000000015,6.234000000000001,1.0390000000000006,8.0,7.0,1.0,178,0.478494623655914,0.6199703128329025,0.9438202247191011,0.00014290033075437395
88lry9aq8lg,2019-07-01,7.784,3.6487499999999997,4.13525,49.0,32.0,17.0,105,0.7288689260922825,0.48457917195827116,0.5619047619047619,0.023034160374327768
88ynnovyq0h,2019-07-01,145.80599999999984,1.7053333333333331,144.1006666666665,80.0,124.0,116.0,181,1.22034292356873,0.45355844383608346,0.12154696132596685,0.2006182836828896
89mmyl04w2d,2019-07-01,6.575833333333334,6.575833333333334,0.0,2.0,5.0,1.0,141,0.5685483870967742,0.46291004988627577,0.9432624113475178,5.565129898294584e-05
89p391r3drd,2019-07-01,1.9500000000000002,1.9500000000000002,0.0,13.0,9.0,9.0,173,1.6741935483870969,0.5149080636481185,0.861271676300578,0.0005778831182197206
89xh5of6e8o,2019-07-01,3.442166666666667,2.898666666666667,0.5434999999999999,52.0,46.0,14.0,80,0.44059795436664045,0.2733515775458575,0.5125,0.08186355086352387
89yfj0x5g9i,2019-07-01,2.07,24.763333333333303,-22.693333333333303,318.0,230.0,264.0,181,1.5246482243706325,0.7170113438520226,0.35359116022099446,0.014963472049547993
8aa4ef2gix6,2019-07-01,1.4925000000000002,1.4925000000000002,0.0,9.0,9.0,4.0,176,0.7096774193548386,0.31344526457469013,0.8181818181818182,1.5984424257919453e-05
8bnnr9edu4o,2019-07-01,75.79733333333327,1.7453333333333336,74.05199999999994,7.0,30.0,23.0,179,1.3414793092212447,0.9976172702734827,0.7206703910614525,0.067206587751376
8c4tp34ak8f,2019-07-01,0.44900000000000007,1.1225000000000003,-0.6735000000000002,7.0,16.0,1.0,148,0.12903225806451613,0.3561487230024498,0.8243243243243243,0.0036971497307056126
8cg9ns9zop3,2019-07-01,21.432,71.43999999999993,-50.007999999999925,425.0,291.0,311.0,181,1.3341944964565904,0.3943254014109646,0.049723756906077346,0.04421838234977452
8db5hshel42,2019-07-01,1.806,1.806,0.0,22.0,21.0,12.0,180,0.8102025506376593,0.41362076405609455,0.6555555555555556,0.002762243906826297
8djprj5lar0,2019-07-01,21.203999999999976,21.203999999999976,0.0,7.0,7.0,9.0,151,2.73991935483871,0.42832508833854127,0.8940397350993378,0.00043740840227531047
8es4lxnwatd,2019-07-01,2.1573333333333333,0.9438333333333333,1.2135,30.0,21.0,14.0,39,1.1008064516129032,0.14327397106188217,0.717948717948718,0.38900227145978955
8gkxiqbl234,2019-07-01,5.503333333333335,3.3020000000000005,2.2013333333333343,41.0,33.0,21.0,172,0.9629432151426285,0.43799503164718323,0.627906976744186,0.0004965078465186628
8hdl2a5lg6l,2019-07-01,4.440333333333333,4.440333333333333,0.0,0.0,7.0,1.0,177,0.3172043010752688,1.028245350647082,0.9152542372881356,0.06682440311614464
8i926134a1z,2019-07-01,3.5033333333333334,4.204,-0.7006666666666663,18.0,20.0,8.0,179,0.6599078341013825,0.4304531758525347,0.7541899441340782,0.0005985063808060206
8igttww457d,2019-07-01,2.45,2.6250000000000004,-0.17500000000000027,20.0,21.0,6.0,171,0.6244674376141205,0.3649327038870257,0.847953216374269,0.00033385036579369667
8k0dgc2b7hc,2019-07-01,1.5970000000000004,1.3308333333333335,0.2661666666666669,25.0,24.0,19.0,166,1.338709677419355,0.28441639130979796,0.7228915662650602,0.00021636270894767398
8kovihvkh0h,2019-07-01,2.7740000000000005,1.1558333333333335,1.618166666666667,26.0,19.0,14.0,111,1.2853598014888337,0.3407954803357755,0.7027027027027027,0.005048936968467745
8kq5j5b804s,2019-07-01,74.92583333333334,68.54916666666668,6.376666666666665,425.0,405.0,190.0,181,0.6743798411608981,0.8079065534988807,0.3314917127071823,0.31767210099116727
8l918uctw2a,2019-07-01,1.0608333333333335,1.0608333333333335,0.0,7.0,5.0,3.0,181,1.0303605313092978,0.5129999686007324,0.9060773480662984,3.0867099984834615e-06
8lggh4y71q0,2019-07-01,30.683333333333334,8.153,22.53033333333333,385.0,69.0,35.0,177,0.009210854981444477,1.9758860010069685,0.7627118644067796,0.00013081166578520563
8lq51rc8t2a,2019-07-01,68.01999999999994,31.74266666666664,36.2773333333333,38.0,46.0,53.0,181,1.8419738863287252,0.3627606455625795,0.4861878453038674,0.00039362304160926867
8oa3gw9os8l,2019-07-01,11.715000000000002,15.4425,-3.727499999999999,99.0,120.0,33.0,181,0.37196413002864614,0.36050867991594715,0.24861878453038674,0.010895438587971611
8ompcl69nj5,2019-07-01,0.763,1.526,-0.763,4.0,6.0,2.0,166,1.3387096774193548,0.6808585007384116,0.963855421686747,3.902889283224438e-05
8pdgjg9t7wo,2019-07-01,3.7845000000000004,3.7845000000000004,0.0,14.0,14.0,5.0,180,0.6912442396313364,0.5106040598636059,0.8333333333333334,1.599709135181682e-05
8pdw5pdgpu3,2019-07-01,0.0,12.15999999999999,-12.15999999999999,9.0,7.0,9.0,171,2.364055299539171,0.693462946901824,0.9005847953216374,0.0009292779387067646
8pqh49eg0h9,2019-07-01,7.764666666666667,663.8789999999995,-656.1143333333328,48.0,37.0,46.0,180,2.4731182795698925,0.5645428949797429,0.7944444444444444,0.0005333719653805466
8rdp320xxym,2019-07-01,37.611,37.611,0.0,4.0,5.0,3.0,168,1.6258064516129034,0.8015250814019396,0.9404761904761905,0.001208797985386782
8u4jh2cq8qi,2019-07-01,1010.9741666666656,1397.256833333332,-386.2826666666664,1754.0,1626.0,2089.0,181,1.3365181367662757,0.0943595403800461,0.0055248618784530384,0.01078772233061715
8w957vuy6u3,2019-07-01,2.3683333333333336,2.3683333333333336,0.0,49.0,49.0,20.0,181,0.5077138849929873,0.35735312118194745,0.40331491712707185,0.0002538617832715129
8wofveconfm,2019-07-01,0.45933333333333337,1.6606666666666667,-1.2013333333333334,13.0,47.0,0.0,181,0.0,0.5461734558789746,0.48066298342541436,0.18612706646370747
8xk5ewaxp5m,2019-07-01,6.414666666666667,15.093333333333334,-8.678666666666667,51.0,97.0,17.0,177,0.40109304185550515,1.486561847757738,0.7570621468926554,0.0002711830792034106
8zdbw3y2mvt,2019-07-01,0.5921666666666667,0.21533333333333335,0.37683333333333335,16.0,9.0,5.0,101,0.9050179211469535,0.2389423060187047,0.8613861386138614,0.001774637766113326
8zrwyqme4nf,2019-07-01,1.1223333333333332,1.2025,-0.08016666666666672,16.0,17.0,2.0,112,0.2125237191650854,0.6726459003365725,0.7321428571428571,0.12502528092588827
921ixx6tgns,2019-07-01,15.26333333333332,16.78966666666665,-1.5263333333333318,64.0,62.0,84.0,181,1.8300433317284543,0.17794139022123656,0.281767955801105,0.00021866714182044143
93b1rmykkz2,2019-07-01,21.534000000000002,21.534000000000002,0.0,15.0,24.0,10.0,170,0.7215619694397283,0.5987918708181958,0.7058823529411765,0.003072463457267645
9648npy35lq,2019-07-01,1543.6169999999986,1445.155833333332,98.46116666666649,292.0,323.0,778.0,181,3.8463303378765947,0.6450938588991617,0.281767955801105,0.0013496013233969388
981n2n36uct,2019-07-01,30.92249999999997,54.97333333333328,-24.05083333333331,27.0,20.0,36.0,175,3.2258064516129035,0.5887415929147585,0.7657142857142857,0.008754664422008193
982u0jl5ucb,2019-07-01,2.4418333333333333,3.1395,-0.6976666666666667,9.0,11.0,2.0,171,0.38042269187986655,0.5787467893223363,0.847953216374269,0.002411846024012064
99dnxlabhp4,2019-07-01,3.7170000000000005,2.891,0.8260000000000005,10.0,7.0,1.0,178,0.27342549923195086,0.6169525341729475,0.9157303370786517,9.546654062189944e-05
9ahal9xceo0,2019-07-01,57.144,36.50866666666666,20.635333333333335,39.0,26.0,3.0,116,0.2878411910669975,0.9434047354099071,0.9224137931034483,0.013597416449718416
9alkvjco9eh,2019-07-01,0.9262500000000001,0.6175,0.3087500000000001,26.0,21.0,11.0,177,0.8845979100408905,0.6123037555145294,0.7231638418079096,0.03404779077392614
9aoi7m938uv,2019-07-01,0.0,4.382666666666663,-4.382666666666663,7.0,5.0,7.0,168,2.709677419354839,0.5670395791278776,0.9166666666666666,1.2895657755023661e-05
9bw5es2cyq3,2019-07-01,2.6390000000000002,2.1363333333333334,0.5026666666666668,27.0,23.0,6.0,180,0.4147465437788018,0.35327473003634735,0.6777777777777778,0.006856331993495289
9c2126px38q,2019-07-01,0.5508333333333334,4.406666666666667,-3.855833333333334,12.0,49.0,9.0,180,0.3554970375246873,0.7505304152008728,0.5944444444444444,0.09454776282809957
9co230w9ft3,2019-07-01,3.368666666666667,2.8253333333333335,0.5433333333333334,35.0,22.0,4.0,44,0.3154121863799283,0.18708286933869706,0.7727272727272727,0.23500789097806252
9e2ij49i39y,2019-07-01,5.946999999999995,12.885166666666654,-6.9381666666666595,66.0,59.0,72.0,75,2.0737327188940093,0.373783544602523,0.52,0.11156749624207368
9etek1zxviw,2019-07-01,5.334000000000001,5.926666666666668,-0.5926666666666662,69.0,73.0,33.0,181,0.6078152030121095,0.32381295296576446,0.2430939226519337,0.014807860601030435
9eyrzpxgd18,2019-07-01,2.4033333333333333,2.4033333333333333,0.0,19.0,15.0,13.0,180,1.347926267281106,0.3636051692919155,0.7722222222222223,2.952087252040215e-05
9flv7bvuu5l,2019-07-01,1.1055000000000001,1.1055000000000001,0.0,14.0,15.0,12.0,178,1.275985663082437,0.3427476827049359,0.7415730337078652,0.0002279865936672744
9fzozst5zaw,2019-07-01,12.565333333333333,12.565333333333333,0.0,9.0,6.0,2.0,67,1.4408602150537635,1.9364916731037085,0.9701492537313433,0.05201047362695559
9g9x2ondr08,2019-07-01,7.6160000000000005,7.6160000000000005,0.0,5.0,14.0,0.0,181,0.0,0.5821755683932847,0.8342541436464088,0.00223703484718931
9gcdarw1coe,2019-07-01,5.371333333333333,9.016166666666667,-3.6448333333333336,43.0,62.0,15.0,181,0.38924731182795697,0.8755407367481622,0.4861878453038674,0.016946283389320173
9h560nek4qx,2019-07-01,46.11816666666667,46.11816666666667,0.0,21.0,19.0,4.0,181,0.48655913978494625,0.8748070433179619,0.8453038674033149,2.4789892225772864e-06
9jj7bhztgqe,2019-07-01,0.8691666666666669,0.9933333333333335,-0.12416666666666665,66.0,67.0,59.0,180,1.3487426974853949,0.3619316741680434,0.38333333333333336,0.0017571025393150607
9koqhazwsqh,2019-07-01,0.4136666666666667,0.8273333333333334,-0.4136666666666667,21.0,22.0,20.0,177,1.4454879542670478,0.21301575864199274,0.6440677966101694,0.00030788771760830065
9m32iatj338,2019-07-01,1.0866666666666667,1.0866666666666667,0.0,20.0,20.0,10.0,179,0.7217741935483871,0.2192004573320852,0.6312849162011173,0.0006238476219326567
9mp1zwj8qb8,2019-07-01,52.794,74.30266666666665,-21.508666666666656,186.0,230.0,78.0,179,0.732336742722266,0.8185324314857574,0.5865921787709497,2.856934929061654e-05
9oayyetjggj,2019-07-01,5.128166666666666,5.128166666666666,0.0,15.0,24.0,0.0,173,0.0,0.6443635921539582,0.7341040462427746,0.0021444965394058785
9ps4eey2zym,2019-07-01,3.061666666666667,3.061666666666667,0.0,6.0,7.0,1.0,179,0.3608870967741935,0.6861135191597112,0.9217877094972067,0.0053018836144871516
9qtmz5prcla,2019-07-01,3.5835000000000004,5.176166666666667,-1.5926666666666667,15.0,19.0,6.0,170,0.5393971443680592,0.781674091683972,0.7176470588235294,0.17179211963723218
9r9z92fkd55,2019-07-01,8.643000000000002,8.643000000000002,0.0,75.0,64.0,44.0,181,0.9376030138921593,0.3817675104794593,0.4088397790055249,4.793686919321481e-05
9rm2m90cqvt,2019-07-01,1.9460000000000002,3.3360000000000003,-1.3900000000000001,18.0,23.0,11.0,180,1.2282878411910672,0.5119465365920156,0.8277777777777777,0.0001193448170648946
9rrsvlcs0fv,2019-07-01,4.9975,4.9975,0.0,5.0,3.0,1.0,134,0.6175115207373272,0.8147276221366394,0.9552238805970149,0.004894647230243547
9s0m2rtu56x,2019-07-01,1.457166666666667,1.249,0.20816666666666683,8.0,7.0,1.0,170,0.28862478777589134,1.0331693876790586,0.9117647058823529,0.027175752493801032
9sagjexti3c,2019-07-01,66.6315,66.6315,0.0,5.0,5.0,3.0,162,1.3064516129032258,0.8236276908284563,0.9382716049382716,4.55859148544958e-08
9t4w3b100fk,2019-07-01,0.8241666666666668,12.527333333333324,-11.703166666666657,20.0,11.0,15.0,179,2.2792869269949065,0.6854445274453062,0.8212290502793296,0.07122883910682096
9tos9lguxis,2019-07-01,6.117166666666668,6.117166666666668,0.0,9.0,5.0,2.0,177,0.9516129032258064,0.7947146579322155,0.9322033898305084,0.0031070465675905458
9tuykqrbufh,2019-07-01,0.7848333333333334,3.231666666666667,-2.4468333333333336,724.0,777.0,707.0,181,1.112359941238341,0.22177483864317343,0.04419889502762431,0.009726530897296597
9u5l5bhm5gi,2019-07-01,0.6686666666666666,0.19666666666666666,0.472,339.0,327.0,322.0,181,1.3957420312761932,0.33192681875770225,0.15469613259668508,1.2359148164463918e-05
9u968s77sd9,2019-07-01,2.331833333333334,2.331833333333334,0.0,8.0,7.0,8.0,146,2.511827956989247,0.5179409191591899,0.8972602739726028,0.00624440995972207
9v5mvcstm6n,2019-07-01,544.8125,42.637499999999996,502.175,115.0,3.0,0.0,117,0.0,6.557438524302,0.9829059829059829,
9vkjxh57kxf,2019-07-01,5.483333333333333,7.128333333333334,-1.6450000000000005,83.0,98.0,33.0,52,0.6016830294530154,0.13156174638169896,0.38461538461538464,0.07409100281338706
9vz7t2jb80n,2019-07-01,2.2323333333333335,2.2323333333333335,0.0,0.0,6.0,6.0,167,4.040322580645161,2.0838871920217557,0.9640718562874252,0.0030693311011728295
9wtmyoznwcu,2019-07-01,2.97,1.35,1.62,29.0,23.0,18.0,105,1.1724565756823822,0.26723666903391186,0.6666666666666666,0.017304714141082946
9xp8sjwl5q9,2019-07-01,2.207333333333334,2.680333333333334,-0.47299999999999986,31.0,34.0,17.0,177,0.7409505048017729,0.2770864536179861,0.5084745762711864,0.0006465612650896531
9zhmyl7qc2w,2019-07-01,0.8058333333333334,0.8058333333333334,0.0,0.0,5.0,2.0,155,0.7692307692307692,1.7992303679344421,0.9225806451612903,3.1166594228493747e-06
a0a2613kn7j,2019-07-01,24.768,29.6055,-4.837499999999999,384.0,459.0,0.0,164,0.0,0.21233339839872967,0.17073170731707318,0.006187475385082564
a0pv7xf7xrj,2019-07-01,13.545,13.545,0.0,24.0,21.0,23.0,174,1.9268175252768418,0.5241063654126389,0.7471264367816092,0.01209580118419564
a2aprflcy62,2019-07-01,3.234,3.5933333333333333,-0.3593333333333333,57.0,59.0,39.0,181,0.25876099706744865,1.6798680616399908,0.6408839779005525,9.16107387382339e-05
a2t5ivou2dc,2019-07-01,1.7766666666666666,1.3325,0.4441666666666666,54.0,48.0,34.0,181,0.9876424329963087,0.2646054268655755,0.4530386740331492,0.00011738007758252048
a3f4i5xcnyn,2019-07-01,3.042666666666667,3.4773333333333336,-0.43466666666666676,30.0,34.0,2.0,164,0.08817204301075268,0.18973068393463366,0.5060975609756098,7.724886295528514e-05
a6gxcflv94j,2019-07-01,0.2748333333333333,15.665499999999987,-15.390666666666654,38.0,34.0,37.0,179,1.643424317617866,0.42564504353871446,0.5698324022346368,0.011921452588748386
a718jdm4vgv,2019-07-01,1.919,1.919,0.0,12.0,12.0,6.0,77,1.1464019851116625,0.6208804136689583,0.8701298701298701,0.007918329046474389
a7meglogdk8,2019-07-01,0.19983333333333334,11.390499999999989,-11.190666666666655,29.0,25.0,28.0,180,1.6935483870967742,0.30656318577397335,0.6388888888888888,0.0024744192547117407
a7p1orrgi36,2019-07-01,20.605000000000004,20.605000000000004,0.0,9.0,11.0,1.0,181,0.15780296425457715,0.47604996204931693,0.8287292817679558,0.00012646046591132342
a88dsvnofn8,2019-07-01,0.9266666666666667,1.112,-0.18533333333333335,5.0,7.0,1.0,173,0.2937181663837012,1.031763593892847,0.8959537572254336,0.15575612370180264
a8d0nxr5930,2019-07-01,15.332999999999986,68.99849999999994,-53.66549999999995,270.0,207.0,288.0,181,1.8042364668420325,0.20459521393419045,0.03867403314917127,0.00027077629446896676
a9lf6367bji,2019-07-01,4.228000000000001,2.6173333333333337,1.610666666666667,25.0,17.0,4.0,165,0.5602716468590832,0.755168499089676,0.8606060606060606,0.017811105364843722
aa02877zlkl,2019-07-01,11.834666666666667,11.834666666666667,0.0,20.0,19.0,17.0,179,1.4650938854116513,0.28336030222688907,0.7262569832402235,6.077657423336616e-05
aah6tel947v,2019-07-01,2.1615,1.965,0.19650000000000012,43.0,40.0,10.0,181,0.4230949041608228,0.5128654927208334,0.6464088397790055,0.025941405826230054
abv6xm5kqs1,2019-07-01,49.554,49.554,0.0,5.0,3.0,0.0,163,0.0,1.3587913878952897,0.9754601226993865,0.00035208851028768187
adqn5rxrzty,2019-07-01,5.600000000000001,5.600000000000001,0.0,105.0,105.0,0.0,166,0.0,0.16250839647316478,0.27710843373493976,0.0026943283557820806
ae0g1qdbevq,2019-07-01,270.86399999999975,372.43799999999965,-101.5739999999999,116.0,80.0,212.0,124,4.136585365853659,0.47249050427526457,0.5403225806451613,0.02964264317406962
af1oeikrz66,2019-07-01,8.25,8.25,0.0,3.0,3.0,3.0,136,4.387096774193548,1.2419160083922045,0.9779411764705882,0.0005610670212526264
af4pzqa16f2,2019-07-01,3.8555,3.8555,0.0,24.0,22.0,18.0,178,1.2018004501125281,0.20495658438740105,0.6348314606741573,0.0002198715324393933
afp8tzx7m5e,2019-07-01,0.625,0.4375,0.1875,10.0,7.0,0.0,119,0.0,0.5153408326134544,0.8739495798319328,0.0051583753430626995
afu6fdj194k,2019-07-01,0.0,18.208333333333318,-18.208333333333318,84.0,74.0,84.0,181,1.6403063976696515,0.5439622673743323,0.3812154696132597,0.06632686695601496
agkftoewbsi,2019-07-01,2.754,3.366,-0.6120000000000001,7.0,12.0,1.0,161,0.18548387096774194,0.761800672518923,0.8633540372670807,0.046190862781850715
ai15hez3yy3,2019-07-01,4.756666666666667,4.756666666666667,0.0,3.0,5.0,0.0,137,0.0,0.4203980229219144,0.948905109489051,0.004379804702795983
aiwulj3n74h,2019-07-01,1.6316666666666666,6.363499999999999,-4.7318333333333324,39.0,68.0,29.0,181,0.6179656227925595,0.5169343046624973,0.3425414364640884,0.16400121010480384
aj4gvef11xq,2019-07-01,11.745000000000001,54.027,-42.282,76.0,238.0,31.0,181,0.25894134477825465,1.1652821487550826,0.2541436464088398,0.012975462408257041
ajrdo2stoup,2019-07-01,14.438666666666665,9.361333333333333,5.077333333333332,120.0,88.0,29.0,44,0.8575268817204301,0.37602677346057006,0.5681818181818182,0.13366949219759217
ak9a61ty9or,2019-07-01,1.118,1.677,-0.5589999999999999,9.0,11.0,5.0,181,0.8586337760910816,0.44773488649526777,0.8287292817679558,0.00021102781594415542
akgsdjlk0kp,2019-07-01,29.723333333333336,17.994666666666667,11.728666666666669,665.0,519.0,295.0,180,0.7450644740349941,0.694613828062182,0.11666666666666667,0.1342619625579532
akikrb4o24w,2019-07-01,1.6518333333333337,0.6006666666666668,1.051166666666667,91.0,77.0,69.0,54,1.2786547700754975,0.10680106259227536,0.35185185185185186,0.11565585901153341
akyohk6pijf,2019-07-01,5.4095,5.4095,0.0,8.0,3.0,7.0,44,4.967741935483871,1.018350154434631,0.9545454545454546,0.0
am8hb366gd9,2019-07-01,7.919333333333333,5.656666666666666,2.262666666666667,7.0,5.0,0.0,151,0.0,0.6997995897487916,0.9403973509933775,0.001280997166314712
amabggypbld,2019-07-01,9.059999999999999,1.6358333333333333,7.4241666666666655,196.0,137.0,124.0,178,1.1807628524046434,0.19014739081115017,0.12921348314606743,0.004470670717921932
ambrhcezxqj,2019-07-01,49.8455,68.1095,-18.263999999999996,176.0,224.0,45.0,181,0.051276724333308155,1.1624560647392224,0.3425414364640884,5.6109726274364645e-05
anuojgmbxb6,2019-07-01,19.813833333333317,1.0428333333333335,18.770999999999983,0.0,5.0,4.0,164,1.5115207373271888,0.8845444280302925,0.9207317073170732,0.005036508671558944
ao043t52um1,2019-07-01,3.4326666666666634,6.865333333333327,-3.4326666666666634,8.0,7.0,9.0,181,2.62741935483871,0.6590778963592904,0.8950276243093923,0.009934650329763308
ap5xlsze0tl,2019-07-01,4.370000000000001,5.130000000000001,-0.7599999999999998,19.0,29.0,2.0,163,0.16431451612903225,1.6615581498375935,0.8098159509202454,0.20823059539901462
ap65ja0a6m4,2019-07-01,194.46166666666664,477.31499999999994,-282.8533333333333,86.0,166.0,31.0,181,0.30318257956448913,0.7664144224519994,0.26519337016574585,0.22857848677291176
aqck303pn5e,2019-07-01,0.0,2.4640000000000004,-2.4640000000000004,7.0,13.0,7.0,173,0.7972350230414745,0.4128255242772783,0.7630057803468208,0.002424472148562291
aqdijj39yet,2019-07-01,3.18,3.71,-0.5299999999999998,8.0,9.0,2.0,179,0.5249266862170088,0.48795567813475516,0.8994413407821229,0.0003202667730922414
aqop14xy7s3,2019-07-01,5.691833333333333,7.005333333333334,-1.3135000000000003,10.0,18.0,2.0,177,0.1872025383395029,0.5330047888355031,0.7627118644067796,0.006183520979102852
ar1etjheucs,2019-07-01,4.242000000000001,4.242000000000001,0.0,5.0,3.0,1.0,55,0.8870967741935484,0.2773500981126145,0.9636363636363636,0.1166033660859852
arwc0yykykg,2019-07-01,23.457500000000003,25.163500000000003,-1.7059999999999995,62.0,66.0,7.0,180,0.14780058651026393,0.8000442567176451,0.4222222222222222,0.0017888943835390608
asz1fudnofn,2019-07-01,1.9533333333333336,1.9533333333333336,0.0,49.0,45.0,17.0,181,0.5908218125960061,0.42273045888721417,0.56353591160221,0.002684754306442457
at12tv26vta,2019-07-01,1.324,0.662,0.662,12.0,7.0,4.0,180,1.6589861751152073,1.0592645656861854,0.9333333333333333,3.637596078994883e-05
at9acbn90qs,2019-07-01,10.139500000000002,20.279000000000003,-10.139500000000002,7.0,14.0,0.0,181,0.0,1.362158622390843,0.850828729281768,0.002978419674266224
ava3gfoj79r,2019-07-01,9.086,24.66199999999998,-15.575999999999981,18.0,7.0,11.0,180,3.3616298811544993,1.1523235280412927,0.9222222222222223,0.0007964939188609745
axufgx7e5cq,2019-07-01,0.8780000000000001,0.8780000000000001,0.0,32.0,31.0,42.0,176,2.408602150537634,0.42135163590330776,0.7045454545454546,0.00046495300176820846
axysnpepnxi,2019-07-01,64.54933333333328,7.522666666666668,57.026666666666614,62.0,107.0,76.0,181,0.9882893886055032,0.4655785022195527,0.2265193370165746,0.06962086746014026
aybvbxx2mr1,2019-07-01,25.317499999999978,21.42249999999998,3.894999999999996,71.0,77.0,110.0,181,2.0196794481639277,0.1972665601816639,0.3259668508287293,4.251249936198484e-05
az0fdd8p02c,2019-07-01,17.764999999999986,35.52999999999997,-17.764999999999986,82.0,77.0,87.0,162,1.769047320195808,0.49283992501200363,0.4506172839506173,0.010635133631885634
az98ay96byf,2019-07-01,3.8659999999999997,3.8659999999999997,0.0,5.0,5.0,1.0,154,0.3311827956989247,0.586342254255081,0.9025974025974026,0.004832919527147344
azbghssxpcs,2019-07-01,21.681,106.79899999999999,-85.118,187.0,505.0,106.0,181,0.2837703923917706,0.6730229783115924,0.016574585635359115,0.006073033557032287
azxnnv0w7qu,2019-07-01,6.188,1.768,4.42,38.0,18.0,10.0,181,0.9896118097320941,0.7830501333617494,0.8121546961325967,5.0233506585398296e-05
b0j2bo900wr,2019-07-01,6.148,6.148,0.0,21.0,21.0,3.0,179,0.21653225806451615,0.29496597591244617,0.6759776536312849,7.749727349658481e-07
b1r8wy5lqnw,2019-07-01,3.216,3.216,0.0,18.0,9.0,40.0,175,8.6848635235732,1.1141791076044267,0.8857142857142857,0.009034309204122586
b1vstfa2ay5,2019-07-01,3.0175000000000005,3.0175000000000005,0.0,22.0,19.0,7.0,176,0.5597455701953657,0.24033809327128725,0.7272727272727273,1.992712845242836e-07
b42ja3lf85r,2019-07-01,5.907000000000001,10.024000000000001,-4.117,198.0,336.0,0.0,131,0.0,0.4595476857029045,0.11450381679389313,0.0035368658172255534
b4x7lwcpw98,2019-07-01,0.0,3.63,-3.63,17.0,26.0,17.0,181,0.9731182795698924,0.4469724359110902,0.585635359116022,0.023288867049355542
b7gilb8lttt,2019-07-01,3.0940000000000003,0.6370000000000001,2.4570000000000003,50.0,10.0,16.0,164,3.847507331378299,1.446808310099194,0.9146341463414634,0.422177357385641
b89aanzfont,2019-07-01,10.301666666666666,7.211166666666667,3.0904999999999987,141.0,120.0,71.0,177,0.8498681274092109,0.5622665305617368,0.2937853107344633,0.010104157109145712
b97eeb6z56c,2019-07-01,8.484000000000002,8.484000000000002,0.0,15.0,39.0,13.0,181,0.4960995150748472,0.4581681162994568,0.5580110497237569,0.033890497686753236
b9dfvytymwa,2019-07-01,2.1758333333333333,171.2691666666665,-169.09333333333316,386.0,206.0,351.0,179,2.3872107602872448,0.30959215508936666,0.1564245810055866,0.016139756913979356
b9kgfvwt1tp,2019-07-01,8.290333333333335,4.737333333333334,3.553000000000001,17.0,7.0,3.0,55,1.3306451612903225,0.35714285714285715,0.9454545454545454,0.20726698945932204
b9ne6xijsze,2019-07-01,3.4603333333333333,3.4603333333333333,0.0,10.0,7.0,1.0,179,0.22208436724565755,0.8208679037731922,0.9162011173184358,8.257100339523007e-06
bah7ismk4mv,2019-07-01,4.960000000000001,4.960000000000001,0.0,11.0,11.0,9.0,171,1.4184331797235026,0.3306446927624161,0.8304093567251462,7.445616394488294e-05
bao0t5vo2cs,2019-07-01,4.104,2.565,1.5390000000000001,10.0,7.0,2.0,181,0.8341013824884793,0.5072954531437456,0.9226519337016574,3.95251622710676e-06
bc2k842utv4,2019-07-01,2.016,0.504,1.512,15.0,9.0,7.0,53,1.495967741935484,0.3011006903161876,0.8679245283018868,0.2021242673217773
bcwyuixcqr3,2019-07-01,2.678,2.678,0.0,18.0,14.0,23.0,177,3.5492589363557108,0.9090256469797623,0.8418079096045198,0.10564556126126429
bdsfng6n9qo,2019-07-01,30.76433333333333,30.76433333333333,0.0,16.0,9.0,2.0,61,0.43727598566308246,0.5346073219309023,0.8688524590163934,0.07552804709723471
bgyu47jhue4,2019-07-01,0.58,3.7699999999999996,-3.1899999999999995,34.0,78.0,26.0,181,0.4642399131893065,0.6862931005907749,0.3259668508287293,0.21092269038638456
bhfanhxs5s7,2019-07-01,23.684333333333335,23.684333333333335,0.0,26.0,18.0,7.0,181,0.6287841191066997,0.4492546036892647,0.7679558011049724,0.013936716078683678
bhou6wpgltx,2019-07-01,5.516,5.516,0.0,7.0,5.0,1.0,176,0.4055299539170507,0.5539144832302977,0.9261363636363636,9.735821050250185e-07
bjnd5y6ott1,2019-07-01,1.3320000000000003,1.7760000000000002,-0.44399999999999995,33.0,36.0,24.0,135,0.9168081494057725,0.1835459432747487,0.42962962962962964,0.0010793535078465275
bktkcjet7cm,2019-07-01,24.541833333333336,24.541833333333336,0.0,127.0,97.0,60.0,178,0.8222341981676804,0.16948660272856791,0.2247191011235955,0.0006373526281011242
bl3ecvf63ke,2019-07-01,23.27866666666667,22.984,0.29466666666666796,506.0,504.0,348.0,181,0.8573295222539813,0.13354487206456755,0.0055248618784530384,0.0006559080614639155
bla68518xpi,2019-07-01,12.448333333333332,12.448333333333332,0.0,69.0,72.0,62.0,167,1.47136563876652,0.7558004996290278,0.7125748502994012,0.006371612796964458
blkvdn891oe,2019-07-01,1.3678333333333335,25.98883333333331,-24.620999999999977,113.0,55.0,84.0,181,2.335483870967742,0.8136451428901716,0.5248618784530387,0.3207125020827464
bm66tirgnk8,2019-07-01,2.709,2.709,0.0,23.0,20.0,10.0,177,0.8041799182189913,0.40601749545009785,0.7627118644067796,1.0079705710970162e-05
bmw1h9dzqqi,2019-07-01,3.568666666666667,107.46399999999991,-103.89533333333324,422.0,285.0,369.0,181,1.708551840577115,0.41148735899260525,0.06077348066298342,0.1091395191188983
bqhmfbf1twh,2019-07-01,3.9966666666666666,3.9966666666666666,0.0,6.0,3.0,1.0,171,0.7880184331797235,0.7635030974305008,0.9590643274853801,1.7311990155182635e-05
bqsvfmfwi21,2019-07-01,4.165166666666667,3.419166666666667,0.746,76.0,64.0,9.0,181,0.24215846588375206,0.5418532864910709,0.5082872928176796,0.06892254057137825
bqzkbxfjr09,2019-07-01,1.894666666666667,1.894666666666667,0.0,11.0,11.0,3.0,173,0.4292803970223325,0.4718615987681897,0.815028901734104,0.00023621622289331104
btatu9hppwg,2019-07-01,0.30600000000000005,0.40800000000000003,-0.10199999999999998,72.0,75.0,63.0,181,1.1640465496120866,0.18280639656688472,0.32044198895027626,9.052648775811932e-06
btisb4xz5vr,2019-07-01,2.3085,2.3085,0.0,3.0,3.0,5.0,174,3.508064516129032,1.1696355574614283,0.9540229885057471,0.0052773834543450695
bts68f5t90p,2019-07-01,2.4523333333333333,4.7295,-2.2771666666666666,38.0,51.0,24.0,181,0.7533818938605619,0.4811439681313324,0.4585635359116022,0.005069561008742771
btuksx82f9r,2019-07-01,11.020000000000001,11.020000000000001,0.0,0.0,3.0,2.0,163,5.258064516129032,1.8227947347853763,0.9877300613496932,0.00016699748262626347
bysk8l8o369,2019-07-01,0.402,0.402,0.0,19.0,25.0,18.0,180,1.0664911125740622,0.4474526294723341,0.6,0.03996913651584031
c13h9749oj0,2019-07-01,34.51,34.51,0.0,22.0,22.0,2.0,180,0.13824884792626727,0.5237207250975405,0.7944444444444444,0.0006159462548765117
c26zhppwwds,2019-07-01,4.565,4.565,0.0,16.0,22.0,5.0,178,0.6108442004118051,0.5422078522128388,0.8202247191011236,1.3622077430521976e-05
c431xam0t74,2019-07-01,21.384,21.384,0.0,17.0,17.0,3.0,176,0.4258064516129032,0.8155574972593029,0.8693181818181818,0.0046626796782933185
c7hl2p10jpd,2019-07-01,2.8975000000000004,2.511166666666667,0.3863333333333334,23.0,21.0,8.0,176,0.639709223080418,0.4290249885931591,0.6875,0.040370741828776334
c8xnt1ymysi,2019-07-01,0.8965000000000001,8.0685,-7.172000000000001,114.0,202.0,103.0,181,0.6558201709642242,0.35486781047471144,0.06629834254143646,0.05928260469954705
cca9y92msi3,2019-07-01,154.7865,154.7865,0.0,5.0,5.0,5.0,142,2.0821114369501466,0.6993027746081579,0.9225352112676056,0.0069273602323168745
ccd6u6cl25m,2019-07-01,1.3266666666666669,1.3266666666666669,0.0,12.0,7.0,0.0,178,0.0,1.2467806410728268,0.9269662921348315,0.006113523346732339
ccpe3b9rfin,2019-07-01,0.8880000000000001,1.6280000000000001,-0.74,15.0,20.0,9.0,180,0.8428720083246619,0.504895559826184,0.7888888888888889,0.00017210346596458384
cd4zmjiii6r,2019-07-01,342.3609999999997,496.57766666666623,-154.21666666666653,285.0,235.0,396.0,181,2.0680939465635637,0.2002734701239778,0.011049723756906077,0.003573844070104839
cfqc0pwcrb6,2019-07-01,18.049999999999986,32.489999999999974,-14.439999999999987,24.0,20.0,29.0,180,2.8540185893931107,0.5633269593810009,0.75,0.002545249256374282
cgvgj4clu01,2019-07-01,14.499,10.74,3.7590000000000003,37.0,30.0,10.0,177,0.5052811875535256,0.6991977170010446,0.655367231638418,0.006075404379061727
chazc5wslle,2019-07-01,6.695000000000001,6.695000000000001,0.0,22.0,21.0,22.0,176,1.6013234077750207,0.6498981686830557,0.7045454545454546,0.00391189535710508
ci7p1u42et2,2019-07-01,1.387,0.8029999999999999,0.5840000000000001,88.0,80.0,69.0,179,1.1548387096774193,0.1588465588729803,0.2346368715083799,0.0012766423376324712
ckh34cz2zle,2019-07-01,11.536,14.42,-2.8840000000000003,19.0,23.0,3.0,176,0.333965844402277,0.8555333589544906,0.8238636363636364,0.007094623839575725
ckpg3m95eie,2019-07-01,2.8631666666666673,1.5363333333333336,1.3268333333333338,105.0,86.0,64.0,179,1.080550839464252,0.30449129267667047,0.3575418994413408,0.005673143608988921
ckredjkobv3,2019-07-01,2.89,2.89,0.0,10.0,10.0,4.0,176,1.2616487455197132,0.5406532037198031,0.9261363636363636,0.00021501049085643578
cmszlocrjpu,2019-07-01,2.165,1.0103333333333333,1.1546666666666667,17.0,9.0,2.0,180,0.3225806451612903,0.7291658959795656,0.8777777777777778,5.579143988355124e-05
cndujikhcm1,2019-07-01,40.46999999999996,40.46999999999996,0.0,27.0,27.0,39.0,181,2.4751051893408134,0.43152521554290424,0.6408839779005525,0.010423310031560894
cnk08d5rwgn,2019-07-01,3.9560000000000004,3.9560000000000004,0.0,7.0,5.0,4.0,165,1.52073732718894,0.4435034805462943,0.9212121212121213,0.00018145484136658548
cod642mdvo8,2019-07-01,11.089,11.089,0.0,16.0,13.0,9.0,177,1.1950487621905477,0.4259545697286269,0.7966101694915254,2.4275122847860127e-05
cq9f328b6fe,2019-07-01,9.72,14.0535,-4.333499999999999,1610.0,1717.0,1370.0,181,0.7739750612544284,0.2060668733035875,0.0055248618784530384,0.40320641801393076
cr0hmmyqa23,2019-07-01,12.026666666666666,12.026666666666666,0.0,9.0,14.0,3.0,163,0.49294354838709675,0.385903669180783,0.8466257668711656,9.32959214928812e-06
cralkqoitah,2019-07-01,7.26,4.235,3.0249999999999995,186.0,131.0,54.0,179,0.7495347394540942,0.6605793069881464,0.4581005586592179,0.11798265649509604
ctha9450vuo,2019-07-01,36.144,16.398666666666667,19.74533333333333,276.0,217.0,168.0,181,0.9760231102551756,0.16174988199053245,0.022099447513812154,0.008765681039395477
cu0pop3fv9p,2019-07-01,7.992500000000001,41.815833333333295,-33.823333333333295,356.0,268.0,287.0,181,1.355752166196889,0.19616781463619545,0.03867403314917127,0.00039899421100835815
cutt9jrkfsu,2019-07-01,13.482666666666669,2.3173333333333335,11.165333333333335,794.0,688.0,666.0,181,1.2491425137042371,0.48350067487808557,0.11602209944751381,0.1320550989881336
cvk1cwcbyyd,2019-07-01,9.0375,9.0375,0.0,9.0,10.0,5.0,179,1.3748079877112134,0.569192051803901,0.9106145251396648,1.5500847672961227e-05
cvq63pcntny,2019-07-01,11.352000000000002,11.352000000000002,0.0,67.0,107.0,34.0,174,0.6990428925912797,0.824931691749017,0.5747126436781609,0.0028336169581206438
cx960ocou10,2019-07-01,11.494999999999989,13.41083333333332,-1.9158333333333317,31.0,30.0,37.0,180,1.6275659824046922,0.18590775746607455,0.5,0.0014356060755197633
cy0i3hbjihz,2019-07-01,1.7823333333333335,1.7823333333333335,0.0,0.0,3.0,4.0,156,3.354838709677419,2.416726365996149,0.9615384615384616,4.722158394486173e-09
cyygzp5bjyi,2019-07-01,2.0333333333333337,2.0333333333333337,0.0,7.0,5.0,4.0,158,1.456221198156682,0.5206223703667934,0.9177215189873418,0.004841805592437701
d0z72i9ak4n,2019-07-01,3.5434999999999968,112.21083333333323,-108.66733333333323,135.0,43.0,138.0,181,4.853867081228138,0.6187360962565175,0.5248618784530387,0.28518227279907704
d1rmduu2x9d,2019-07-01,8.246333333333332,10.438999999999998,-2.192666666666666,173.0,219.0,0.0,178,0.0,0.23127560785759127,0.02247191011235955,0.013708697782578681
d1vg77hvds2,2019-07-01,1.6835,1.4245,0.2589999999999999,26.0,19.0,13.0,30,1.0483870967741935,0.0,0.6666666666666666,0.4104759156620113
d221sazi436,2019-07-01,2.505,2.505,0.0,4.0,3.0,2.0,104,1.3419354838709676,0.8416254115301733,0.9519230769230769,0.056665823081163115
d28x1wo73m1,2019-07-01,27.036500000000004,27.036500000000004,0.0,8.0,3.0,2.0,128,1.6516129032258065,1.1324751652906129,0.96875,0.00514399572845276
d3jhwvz3244,2019-07-01,2.656,2.4346666666666668,0.22133333333333338,20.0,19.0,8.0,181,0.6312118570183086,0.3754143546178959,0.7182320441988951,0.0007090357647949765
d426lh6i0hf,2019-07-01,1.362,1.362,0.0,9.0,9.0,11.0,179,2.1172043010752692,0.4482279604155344,0.8379888268156425,7.619045267029783e-05
d4scrztmq5s,2019-07-01,2.76,2.07,0.69,47.0,42.0,27.0,180,0.7761098690514213,0.23942482550774402,0.4388888888888889,9.024708096320426e-05
d4tr6ke724i,2019-07-01,1.3055,1.3055,0.0,10.0,13.0,5.0,157,0.7447817836812144,0.3197902847386059,0.7961783439490446,0.00010378355926794981
d6469u5odma,2019-07-01,9.548,7.558833333333333,1.9891666666666667,24.0,19.0,0.0,107,0.0,0.2670593894884041,0.7289719626168224,0.004213180976306472
d69ccfoytst,2019-07-01,166.46300000000002,204.29550000000003,-37.83250000000001,66.0,81.0,0.0,169,0.0,2.5478454726961623,0.9053254437869822,0.037040783104688856
d75fmdnma10,2019-07-01,9.14525,9.14525,0.0,134.0,103.0,324.0,181,4.504147465437788,0.46193628972261264,0.35911602209944754,0.0027328682640015687
d7k2hzlr42b,2019-07-01,2.4080000000000004,0.4586666666666667,1.9493333333333336,52.0,35.0,31.0,172,1.5779816513761467,0.7775030063583248,0.686046511627907,0.03109724350216794
d7t004i7zp3,2019-07-01,1.1024999999999998,0.31849999999999995,0.7839999999999998,196.0,164.0,151.0,180,1.1961448752365447,0.21272474562049082,0.1,0.004550933723358851
d7z7hv3jtdx,2019-07-01,11.838000000000001,7.892,3.9460000000000006,9.0,7.0,3.0,170,1.3709677419354838,0.9812104761407129,0.9411764705882353,0.0011297307215421908
d940rdumwze,2019-07-01,2.849,2.849,0.0,13.0,9.0,1.0,156,0.2096774193548387,0.6054664398726894,0.8846153846153846,0.005726552444614946
dahte6zj1yl,2019-07-01,27.1875,27.1875,0.0,7.0,7.0,0.0,157,0.0,0.6114305493712753,0.9363057324840764,6.154448528671213e-05
db65t6q0eyu,2019-07-01,2.4066666666666667,2.4066666666666667,0.0,10.0,3.0,4.0,134,3.4580645161290327,1.505545305418162,0.9626865671641791,0.007611040451186508
dbfbg6lg7f9,2019-07-01,6.148,6.148,0.0,11.0,18.0,6.0,181,0.5742993125330512,0.31624829417298017,0.7569060773480663,4.240582693629377e-05
dbotzlqwnp7,2019-07-01,2.6050000000000004,2.6050000000000004,0.0,5.0,3.0,0.0,173,0.0,0.5914251334796793,0.953757225433526,0.0018809205762080649
dbskuwpvawv,2019-07-01,3.640833333333334,3.640833333333334,0.0,6.0,5.0,13.0,169,5.905913978494624,0.477484777117978,0.9289940828402367,0.0005753606833063277
dbvxs06mf3d,2019-07-01,7.042,7.712666666666666,-0.6706666666666665,60.0,62.0,39.0,171,0.45100426049908704,1.6698577373354813,0.7309941520467836,0.0002120819031304949
dcmq7wk8trh,2019-07-01,4.027999999999997,4.027999999999997,0.0,66.0,64.0,172.0,181,4.1158117398202005,0.7663594900951783,0.48066298342541436,0.5532215973712494
debhwmtuen6,2019-07-01,0.3546666666666667,0.3546666666666667,0.0,17.0,25.0,22.0,178,1.8046082949308755,0.783809996189798,0.7584269662921348,0.006390005105086651
dfgz7b4lft7,2019-07-01,1378.9186666666653,42.791666666666664,1336.1269999999986,304.0,641.0,516.0,181,1.043927301991818,0.4803818249335214,0.027624309392265192,0.1435662962285364
dfr7p1hxxmo,2019-07-01,3.878,3.0700833333333333,0.8079166666666668,30.0,25.0,6.0,174,0.3582704186684969,0.3724651145650664,0.6666666666666666,0.00019237961498922622
dg926unz51o,2019-07-01,6.958000000000001,2.9400000000000004,4.018000000000001,213.0,90.0,0.0,121,0.0,0.3193799008747974,0.2727272727272727,0.12060121162514731
dgxzeiwnto3,2019-07-01,1.4081666666666668,1.4081666666666668,0.0,35.0,35.0,28.0,181,1.0755517826825127,0.22940906135121886,0.4696132596685083,0.00010212926624526865
djlsl6c8u6p,2019-07-01,7.252000000000001,1.554,5.698,26.0,15.0,12.0,181,1.06158357771261,0.7514672935137414,0.7900552486187845,0.00013853808583788547
djngkisx1kj,2019-07-01,5.470000000000001,5.470000000000001,0.0,9.0,11.0,8.0,181,1.4596774193548387,0.5970304687846308,0.8453038674033149,0.0025039912923403617
dkg3zp3pvkh,2019-07-01,10.978833333333334,6.934000000000001,4.044833333333333,23.0,12.0,4.0,180,0.6277244986922407,1.1347198289341642,0.8611111111111112,0.06324838329835909
dl8wt0ibzyp,2019-07-01,2.983,0.628,2.355,91.0,61.0,53.0,180,1.2716608904292188,0.2417392481373981,0.43333333333333335,0.00023646180897096464
dlr2psp1d79,2019-07-01,0.9285000000000001,1.5475000000000003,-0.6190000000000002,3.0,5.0,0.0,177,0.0,0.6707504495171459,0.9491525423728814,0.00011069398280607196
dn2ui8vbksl,2019-07-01,0.515,0.515,0.0,23.0,15.0,32.0,87,3.45409429280397,0.26629684108464435,0.7586206896551724,0.03364480595373239
dnbikcdyzep,2019-07-01,98.4,11.808,86.59200000000001,100.0,6.0,0.0,129,0.0,3.18700875326511,0.9689922480620154,0.5891857942950532
doewyteearz,2019-07-01,1.336,1.336,0.0,27.0,25.0,24.0,179,1.539784946236559,0.20201498448893082,0.6424581005586593,0.002488275766137915
dp1qbzen4gk,2019-07-01,5.0888333333333335,23.569333333333336,-18.480500000000003,25.0,94.0,6.0,177,0.14959853500493028,1.7008339373097325,0.8135593220338984,0.02267836673766922
dqumrap9rhh,2019-07-01,7.4923333333333275,14.984666666666655,-7.4923333333333275,30.0,28.0,32.0,174,1.6478248002367566,0.2051348931331081,0.5574712643678161,9.736745991837036e-07
du0y90wirsh,2019-07-01,3.10125,3.308,-0.20675,19.0,20.0,4.0,180,0.3415559772296015,0.3576811519859401,0.7388888888888889,0.0007968834607990483
dvaay3mp9ln,2019-07-01,3.4516666666666667,3.4516666666666667,0.0,28.0,26.0,23.0,105,1.5275142314990513,0.4216222803202935,0.6952380952380952,0.17145387448204696
dvbsbejhwem,2019-07-01,12.435499999999987,44.08949999999995,-31.653999999999964,97.0,69.0,108.0,122,2.237011884550085,0.38399287365691903,0.3770491803278688,0.27212492971573476
dweu7xaeco4,2019-07-01,2.933333333333333,1.3333333333333333,1.5999999999999999,28.0,16.0,6.0,174,0.732117812061711,0.6452807361598198,0.8275862068965517,0.00032919507929635367
dwgcs4ua3x9,2019-07-01,12.800333333333333,12.800333333333333,0.0,12.0,12.0,0.0,179,0.0,0.664757521463277,0.88268156424581,7.305473704560861e-05
dwux6yulgvi,2019-07-01,4.126,4.126,0.0,7.0,5.0,0.0,125,0.0,0.31992511906935556,0.936,8.64065165167458e-05
dx5132et7w5,2019-07-01,3.0625,11.520833333333334,-8.458333333333334,41.0,99.0,20.0,181,0.30569160614761015,0.6273622722997102,0.4419889502762431,0.018905018658598043
dyva3ojthh8,2019-07-01,3.0460000000000003,1.5230000000000001,1.5230000000000001,8.0,5.0,2.0,179,0.8883374689826302,0.8978936561483652,0.9273743016759777,0.03018215621572902
e0ghojg20io,2019-07-01,23.205,46.41,-23.205,10.0,20.0,0.0,77,0.0,1.0980716355832292,0.948051948051948,0.003401903670462006
e14elgbjnl0,2019-07-01,5.585166666666668,2.2578333333333336,3.327333333333334,62.0,34.0,15.0,169,0.7110799438990182,0.9022678610297553,0.6863905325443787,0.010841367318076826
e16xwvezjqg,2019-07-01,449.5399999999996,9.403333333333334,440.1366666666663,46.0,155.0,124.0,181,1.0805970149253732,0.5233905127500252,0.2430939226519337,0.26055780456614497
e24m6la3gpp,2019-07-01,2.1443333333333334,2.603833333333333,-0.4594999999999998,21.0,24.0,7.0,178,0.5153019023986766,0.31893814753038463,0.7191011235955056,0.0030643109145375726
e26m1aor0b8,2019-07-01,4.180000000000001,2.2800000000000002,1.9000000000000004,24.0,14.0,2.0,178,0.2944582299421009,0.6757652147817115,0.8707865168539326,0.0002527777883732591
e2xl2j2hd84,2019-07-01,1.7866666666666664,1.7866666666666664,0.0,19.0,19.0,1.0,181,0.09571655208884187,0.7507473871944748,0.7403314917127072,0.004344352925451096
e5x2f4v70yc,2019-07-01,4.91,4.91,0.0,7.0,9.0,4.0,181,0.7533818938605619,0.6716347341617077,0.850828729281768,0.005427728512987226
e7gbp5g8xzo,2019-07-01,1.6558333333333333,1.6558333333333333,0.0,5.0,3.0,1.0,180,0.6451612903225806,0.7166042795440214,0.9555555555555556,0.00032234809773514894
e8mjd9qwqad,2019-07-01,2.022,2.022,0.0,19.0,19.0,7.0,179,0.6736559139784947,0.44690522791249837,0.7430167597765364,0.004216412440662389
ecb9a54unz8,2019-07-01,0.331,0.1655,0.1655,4.0,3.0,2.0,181,2.335483870967742,1.1912012649090555,0.9723756906077348,0.0006246452594249298
edeslq6i0st,2019-07-01,2.7055000000000002,2.7055000000000002,0.0,8.0,9.0,13.0,178,2.9858064516129033,1.143445006727693,0.8932584269662921,0.12293992420127081
ediupxzb8z8,2019-07-01,2.4125,2.4125,0.0,5.0,5.0,2.0,176,0.8734491315136476,0.42260567762231316,0.9261363636363636,4.051027194765564e-06
edn68r3k7q9,2019-07-01,2.6145,2.49,0.12449999999999983,32.0,31.0,11.0,177,0.5658238884045336,0.2725155181827206,0.632768361581921,0.00010397526481779201
edy9gwensq1,2019-07-01,1.3656666666666668,1.3656666666666668,0.0,59.0,55.0,46.0,181,1.1728412452458092,0.3325080702421707,0.3149171270718232,0.00013034624398738944
ee6yv9tb1et,2019-07-01,10.15,1.5750000000000002,8.575,362.0,264.0,246.0,181,1.2722077773650675,0.4647058023564374,0.06077348066298342,0.06082695545412617
eentj50e6yj,2019-07-01,2.9640000000000004,2.9640000000000004,0.0,5.0,5.0,0.0,181,0.0,0.7058435676475707,0.9392265193370166,2.7595546490010904e-05
eex08llutgy,2019-07-01,9.263333333333334,8.270833333333334,0.9924999999999997,63.0,60.0,35.0,181,0.7485525227460712,0.1459123691770992,0.2541436464088398,0.0030731687330731827
ef51m0b6qcr,2019-07-01,8.121666666666666,5.685166666666667,2.4364999999999988,12.0,5.0,2.0,179,1.1548387096774193,0.8059189938645602,0.9497206703910615,1.2846981381685264e-05
efgor6nu5ql,2019-07-01,9.295,9.295,0.0,7.0,5.0,1.0,169,0.38940092165898615,0.5633601102102451,0.9171597633136095,3.5115594918111395e-05
ei1nn7rdq8w,2019-07-01,35.5743333333333,28.63299999999997,6.941333333333329,53.0,61.0,94.0,181,2.1439012096774195,0.2544212975540207,0.3259668508287293,0.009339389022068222
eig79ki6vde,2019-07-01,5.085666666666667,4.4165,0.6691666666666665,47.0,42.0,9.0,181,0.3109372017560604,0.28601107243274904,0.4530386740331492,0.0058405020668946366
eip7plx49oz,2019-07-01,25.672,20.8585,4.813500000000001,17.0,14.0,1.0,180,0.11385199240986717,0.5267186516568273,0.8055555555555556,0.00014714337176824948
eji8ly7ef7e,2019-07-01,3.1093333333333333,3.1093333333333333,0.0,16.0,18.0,4.0,177,0.4660961158657011,0.5274693898478179,0.8418079096045198,1.3849485140383035e-05
ejo2ff3sfhj,2019-07-01,5.8500000000000005,4.23,1.62,105.0,87.0,40.0,181,0.6312118570183086,0.23016542745746152,0.26519337016574585,3.6614771114333464e-05
ekr8yercjbx,2019-07-01,4.588,4.588,0.0,85.0,109.0,105.0,181,1.3099669148056245,0.22966765982575923,0.1270718232044199,0.00032701841611730743
el4fwdbom4z,2019-07-01,5.133333333333334,7.9333333333333345,-2.8000000000000007,50.0,90.0,56.0,181,0.9032258064516129,0.4129739808843607,0.3259668508287293,0.029698932585694126
eltvac34vdv,2019-07-01,9.659,9.659,0.0,4.0,3.0,0.0,158,0.0,1.581606176418667,0.9810126582278481,0.000151034682827461
emwqqg2xqhg,2019-07-01,19.538333333333316,0.41133333333333333,19.12699999999998,33.0,42.0,40.0,179,1.5195246179966044,0.33924033209782223,0.48044692737430167,0.021500868955568665
eosy64j501u,2019-07-01,8.5815,8.5815,0.0,24.0,27.0,2.0,181,0.14781543487137608,0.8224402713875337,0.7071823204419889,0.09519422314446901
epma12igj5p,2019-07-01,4.046666666666667,4.046666666666667,0.0,2.0,3.0,2.0,157,1.4470046082949308,0.873547594266641,0.9554140127388535,0.0018667263831428679
eq5v6pbcwpv,2019-07-01,5.535,4.92,0.6150000000000002,139.0,128.0,94.0,181,0.9177904844104003,0.1796483460168508,0.055248618784530384,0.0140317047363651
eqh54fhhbzt,2019-07-01,3.2560000000000002,3.6520000000000006,-0.39600000000000035,109.0,118.0,35.0,181,0.4730436081242533,0.7833937200651663,0.425414364640884,0.061294682443763404
er3o43u9r81,2019-07-01,2.7725,2.7725,0.0,12.0,5.0,1.0,54,0.5806451612903226,0.5773502691896257,0.9444444444444444,0.05624164513172133
er89wd8erb6,2019-07-01,1.8473333333333335,1.8473333333333335,0.0,63.0,63.0,46.0,153,1.0510752688172043,0.37351025680284633,0.43137254901960786,0.00011527443455142536
ernjpq2a1ps,2019-07-01,8.833,4.015000000000001,4.818,24.0,12.0,2.0,175,0.27537372147915024,0.8052340197011167,0.8628571428571429,0.0015380350700283502
es0sab3fv9i,2019-07-01,34.67499999999997,40.22299999999996,-5.547999999999995,92.0,84.0,142.0,181,2.2529803646563815,0.1337084074460948,0.2265193370165746,0.003099963783916656
es57u7s4vuy,2019-07-01,0.7133333333333334,47.436666666666625,-46.723333333333294,95.0,77.0,91.0,158,1.6273910582908886,0.22543897617919958,0.3670886075949367,0.023911373892946973
eskpt0i7xcu,2019-07-01,11.2255,11.2255,0.0,44.0,39.0,48.0,48,1.9558573853989814,0.1516411738445199,0.5833333333333334,0.049367536910447055
esypowoizv5,2019-07-01,2.2071666666666667,2.2071666666666667,0.0,17.0,17.0,0.0,152,0.0,0.4806125100687025,0.8947368421052632,0.0013631333606263303
eu1656xusft,2019-07-01,17.763,17.763,0.0,42.0,17.0,5.0,168,0.5890603085553996,1.4835799060487749,0.8571428571428571,0.11944112032286874
ev8e9l7i89t,2019-07-01,1.0153333333333334,1.0153333333333334,0.0,2.0,3.0,3.0,179,2.8870967741935485,0.49254801826406525,0.9664804469273743,0.0002827459380474611
evfirb33vvr,2019-07-01,3.15,3.15,0.0,109.0,94.0,122.0,181,1.6375231738969225,0.425697704706878,0.2430939226519337,0.030273616597033755
ew0lykrdajg,2019-07-01,68.0725,112.83250000000001,-44.760000000000005,225.0,369.0,6.0,181,0.02514878540166269,0.7673597025863003,0.4198895027624309,0.07070697789538168
ewf1pi10zc4,2019-07-01,4.5600000000000005,5.760000000000001,-1.2000000000000002,77.0,87.0,39.0,181,0.6137727154160507,0.24114189859465002,0.2541436464088398,0.010855413708665823
ews5jfqo5gi,2019-07-01,8.466666666666667,8.466666666666667,0.0,2.0,3.0,0.0,158,0.0,1.6041842793819128,0.9810126582278481,2.4867316990980706e-07
exhcuuebpou,2019-07-01,2.3356666666666666,5.929,-3.5933333333333337,42.0,62.0,29.0,181,0.6745919547615987,0.4298662551239722,0.430939226519337,0.0009455722009018634
eyk1i9sof30,2019-07-01,5.936,5.936,0.0,2.0,5.0,0.0,172,0.0,0.866326858331562,0.9418604651162791,0.000952331371821235
eynbrnbb1kj,2019-07-01,3.2600000000000002,3.2600000000000002,0.0,9.0,9.0,1.0,172,0.2054958183990442,0.3642444588986271,0.8488372093023255,1.548465071490548e-05
ezl2n9zh4oi,2019-07-01,3.0545,3.0545,0.0,15.0,13.0,11.0,177,1.460615153788447,0.34430414525657216,0.7853107344632768,2.7028348796363024e-05
ezr1brecfcx,2019-07-01,12.677166666666666,9.751666666666667,2.9254999999999995,14.0,10.0,1.0,115,0.2853598014888337,0.5122403114932972,0.9304347826086956,0.0005136258382969012
f0yi7qw2eou,2019-07-01,1.7429999999999999,2.988,-1.245,18.0,45.0,21.0,180,0.6221198156682027,0.3845610857533616,0.4,0.07238945935441653
f25fk1lcxos,2019-07-01,4.267000000000001,4.267000000000001,0.0,16.0,18.0,6.0,179,0.7698924731182795,0.5962932712942456,0.8268156424581006,0.001058262926295015
f2y6a7v8fh6,2019-07-01,1.5513333333333335,6.801999999999994,-5.25066666666666,53.0,37.0,40.0,92,1.4838709677419355,0.25100137853193727,0.45652173913043476,0.07666827621770853
f34ri41qlrx,2019-07-01,3.7809999999999997,6.169,-2.388,26.0,38.0,7.0,181,0.2671305081172254,0.34189599587351427,0.4585635359116022,0.0022227035219236366
f3gjj12z9ed,2019-07-01,14.217500000000003,14.217500000000003,0.0,16.0,14.0,4.0,175,0.5645161290322581,0.58192307375429,0.8628571428571429,0.0005994565783321601
f48e3xarx3h,2019-07-01,1.5766666666666667,1.5050000000000001,0.07166666666666655,43.0,42.0,21.0,181,1.264050548719654,0.7629575900458481,0.7624309392265194,0.00018267218143503303
f4f4dv3am27,2019-07-01,5.461666666666667,3.766666666666667,1.6949999999999998,29.0,20.0,0.0,150,0.0,0.6993091917938874,0.7666666666666667,0.022487260602698872
f6bmnl185od,2019-07-01,12.26666666666667,12.26666666666667,0.0,25.0,19.0,0.0,171,0.0,1.070594428436745,0.8888888888888888,0.04008323362566322
f6kz6p0dtoj,2019-07-01,1.1921666666666668,1.1921666666666668,0.0,24.0,21.0,12.0,44,0.896434634974533,0.1387443692551161,0.6818181818181818,0.32656208305033047
f7kv8blu6a6,2019-07-01,2.1450000000000005,2.1450000000000005,0.0,7.0,7.0,5.0,161,1.622983870967742,0.44997145513696163,0.9192546583850931,0.0002954793318178528
f7ot60ya0ya,2019-07-01,9.295000000000002,9.295000000000002,0.0,24.0,20.0,18.0,119,1.6451612903225807,0.5186136001327131,0.7647058823529411,0.24860988630518605
f7vkp9xukew,2019-07-01,3.8895,5.186,-1.2965,13.0,16.0,4.0,181,0.4969114619080302,0.8079843268773065,0.8453038674033149,0.001321462231436144
f8z3lw8ix5x,2019-07-01,12.102999999999987,14.895999999999985,-2.7929999999999975,22.0,19.0,35.0,179,2.6946236559139787,0.2898964128298358,0.7039106145251397,8.548802298004626e-06
faxed0yivgi,2019-07-01,4.359000000000001,4.359000000000001,0.0,4.0,3.0,0.0,176,0.0,0.5091318296632207,0.9602272727272727,4.984380137922076e-05
fbk5ydky9zz,2019-07-01,0.67375,0.7635833333333334,-0.08983333333333343,40.0,42.0,25.0,180,1.029512697323267,0.5012466288815882,0.5666666666666667,0.008424635568053975
fbnprwwhmum,2019-07-01,2.8920000000000003,2.8920000000000003,0.0,9.0,9.0,2.0,145,0.49235993208828516,0.4201892171532616,0.896551724137931,0.00023766835917228188
fbt4hxqtlhx,2019-07-01,4.362,4.362,0.0,11.0,7.0,0.0,50,0.0,0.13749033305079905,0.88,0.011805497046572458
fd3qogoph70,2019-07-01,2.4370000000000003,1.2185000000000001,1.2185000000000001,6.0,3.0,0.0,160,0.0,1.0549422855334087,0.975,0.0016215611625630102
fdmlsrf542m,2019-07-01,3.765000000000001,3.765000000000001,0.0,2.0,3.0,2.0,119,1.9193548387096775,4.199887290682676,0.9663865546218487,
fe8rb81x8u2,2019-07-01,5.0600000000000005,3.289,1.7710000000000004,37.0,30.0,17.0,181,1.0788920056100981,0.6283422758395872,0.6795580110497238,0.001938213880680348
feunmp701vh,2019-07-01,1.1596666666666666,1.8459999999999999,-0.6863333333333332,49.0,78.0,0.0,102,0.0,0.4662766512938241,0.4117647058823529,0.1451926484176026
fgbm8ba7w13,2019-07-01,8.722,4.361,4.361,12.0,3.0,0.0,70,0.0,6.324555320336756,0.9857142857142858,
fgzfhbwgept,2019-07-01,1.1293333333333333,0.484,0.6453333333333333,19.0,11.0,5.0,171,0.7258064516129032,0.3985781208622314,0.8011695906432749,0.0003016838033293105
fh2g1i58l3i,2019-07-01,16.332833333333333,66.85066666666665,-50.51783333333332,45.0,187.0,11.0,177,0.12387860278679139,1.8484705757331432,0.807909604519774,0.0005975739964253548
fhetzba3i42,2019-07-01,22.875999999999976,7.625333333333326,15.25066666666665,17.0,21.0,23.0,181,1.8395934600088377,0.32764530515848517,0.6850828729281768,0.0018152103290782458
fhfbti924ur,2019-07-01,1.2419999999999998,1.2419999999999998,0.0,37.0,63.0,83.0,181,2.010841922098782,0.43943302537372037,0.4972375690607735,0.004542450328715841
fj1lz9pgiz7,2019-07-01,125.02933333333333,121.22133333333332,3.808000000000007,228.0,222.0,31.0,180,0.06896551724137931,1.664663976534319,0.3388888888888889,0.0001839166908207404
fj1yzz6w7jj,2019-07-01,1.8450000000000002,2.1825,-0.3374999999999999,83.0,98.0,1.0,180,0.014196703210032337,0.18052301342839916,0.18888888888888888,0.0007089736536441401
fjaicvo3m6o,2019-07-01,16.15666666666667,16.15666666666667,0.0,160.0,147.0,138.0,181,1.1745509263613279,0.25545848363095014,0.03867403314917127,0.0051706686028225235
fjb4si9ti44,2019-07-01,3.5483333333333333,1.7741666666666667,1.7741666666666667,14.0,9.0,4.0,179,0.9623655913978495,0.551724568965349,0.888268156424581,2.0859202188428148e-05
fjkhabjo05v,2019-07-01,0.0,12.311999999999992,-12.311999999999992,32.0,29.0,32.0,70,1.8064516129032258,0.10969901977292836,0.6142857142857143,0.008148811901623802
fk801h4p9p3,2019-07-01,12.744000000000002,13.924000000000001,-1.1799999999999997,71.0,76.0,17.0,181,0.36762246117084824,0.6927271970728708,0.4143646408839779,0.0015097521623999553
flvqjqw0edr,2019-07-01,2.0783333333333336,3.741,-1.6626666666666665,31.0,39.0,21.0,180,1.0077312716608904,0.4431199927453573,0.6166666666666667,0.0034686453191870767
fnwn5irge69,2019-07-01,8.602500000000001,8.602500000000001,0.0,29.0,33.0,19.0,179,0.9973607038123167,0.41124473156530283,0.6424581005586593,0.014199239599593386
foc39m1jxmx,2019-07-01,9.844000000000001,9.844000000000001,0.0,35.0,24.0,6.0,167,0.15391705069124426,1.3249615309325722,0.7005988023952096,0.00020629770187381987
foxvfl43n3s,2019-07-01,0.7905,0.7905,0.0,33.0,34.0,36.0,75,1.6433353621424225,0.23101640766874196,0.5866666666666667,0.17690172857625402
fp5wjukx89b,2019-07-01,3.2216666666666667,2.2551666666666668,0.9664999999999999,14.0,11.0,4.0,159,0.5698924731182795,0.3595129617536602,0.8176100628930818,0.00015797561738023282
fq8vcp3mcav,2019-07-01,1.7370000000000003,1.2545000000000002,0.48250000000000015,37.0,32.0,19.0,178,0.872774193548387,0.18712595666234777,0.5898876404494382,0.00017018189841897018
fs60korfoff,2019-07-01,7.7185,9.872499999999999,-2.153999999999999,98.0,110.0,55.0,178,0.737865541151643,0.1743112507183469,0.33707865168539325,0.0003842923382167813
fs98wmkrryl,2019-07-01,3.3225000000000002,4.43,-1.1074999999999995,37.0,42.0,22.0,181,0.8181631395109924,0.31054231939023663,0.5248618784530387,0.0012105164184500656
fswudsvv6az,2019-07-01,6.5685,6.1155,0.4530000000000003,62.0,60.0,33.0,181,0.8879143749070908,0.5126137857677514,0.5303867403314917,0.005592831518875047
fu2aygmjoov,2019-07-01,1.5226666666666668,1.5226666666666668,0.0,6.0,3.0,3.0,168,2.032258064516129,1.0051728879634882,0.9523809523809523,0.0010491867023681737
fv476yt8ii4,2019-07-01,15.0,15.0,0.0,41.0,47.0,60.0,180,1.9907834101382489,0.309402606240344,0.5111111111111111,0.006637741651716073
fvtn3i13i22,2019-07-01,0.2306666666666667,30.67866666666664,-30.447999999999972,149.0,85.0,141.0,181,2.4356747470891396,0.44722051757882264,0.39779005524861877,0.3684845220071442
fvwl359l2fs,2019-07-01,4.9465,4.9465,0.0,25.0,29.0,66.0,179,4.011544991511035,0.458113550452681,0.6424581005586593,6.610718509133016e-05
fwkimuo1z82,2019-07-01,17.357666666666667,19.779666666666667,-2.4220000000000006,240.0,252.0,154.0,181,0.8806672774951819,0.5954135056868191,0.13259668508287292,0.026038805776594582
fx67ve8sigk,2019-07-01,9.987833333333334,9.987833333333334,0.0,6.0,3.0,0.0,131,0.0,0.5764333358030225,0.9541984732824428,9.169961073507077e-05
fxfanegtj9h,2019-07-01,4.106666666666667,4.106666666666667,0.0,35.0,23.0,52.0,162,4.767402376910017,0.9641121522241515,0.8271604938271605,0.0183771688601915
g1jboun5xqi,2019-07-01,1.5619999999999998,1.7513333333333332,-0.18933333333333335,33.0,37.0,0.0,107,0.0,0.2442065534229814,0.5981308411214953,0.0004601105787624705
g1qmlqg1voc,2019-07-01,69.309,69.309,0.0,50.0,66.0,18.0,180,0.37062457103637614,0.9270688771167602,0.6111111111111112,0.0006440836608674777
g21vsixu8rd,2019-07-01,1.0016666666666667,0.8013333333333333,0.20033333333333336,10.0,9.0,5.0,94,1.2634408602150538,0.24425412240001174,0.8829787234042553,0.011480660673479623
g2smft3eewu,2019-07-01,3.3425,3.3425,0.0,6.0,5.0,2.0,180,0.967741935483871,0.6968193621138634,0.9388888888888889,0.0006821534379416367
g33nxt14m4r,2019-07-01,13.458999999999998,14.580583333333331,-1.1215833333333336,13.0,14.0,1.0,179,0.15605928509154315,0.8657650675249928,0.8547486033519553,0.0012713005526773082
g3lck0z0lmj,2019-07-01,0.6125,0.6125,0.0,10.0,7.0,4.0,167,1.6575682382133994,0.6207774185307348,0.9401197604790419,5.3084767739756794e-05
g4n3w5066zf,2019-07-01,6.29,2.3800000000000003,3.9099999999999997,70.0,47.0,33.0,181,0.9633870967741934,0.4900247558326246,0.4198895027624309,0.01842920486939374
g4rrhel2hm2,2019-07-01,5.335999999999999,4.6,0.7359999999999998,72.0,68.0,43.0,181,0.8539609392143954,0.2447795391311609,0.2596685082872928,0.000599502959478606
g4ulv7cuvf8,2019-07-01,0.46166666666666667,0.46166666666666667,0.0,11.0,11.0,10.0,171,1.576036866359447,0.3769155225222298,0.8421052631578947,0.0008819865898839996
g4yaj8xzlr9,2019-07-01,9.963333333333335,9.963333333333335,0.0,10.0,6.0,1.0,166,0.535483870967742,0.9198993551593952,0.9578313253012049,1.418120531382971e-06
g5lg9a4uhjt,2019-07-01,22.394666666666648,33.59199999999997,-11.197333333333322,11.0,7.0,13.0,181,3.450146627565983,0.8027921286643537,0.9060773480662984,0.00045006327635610185
g7drdytl3pp,2019-07-01,2.2948333333333335,2.2948333333333335,0.0,7.0,7.0,7.0,141,1.6757215619694397,0.48326276435111787,0.8652482269503546,0.02221469619731901
gc6jczdkqkm,2019-07-01,2.3881666666666668,2.3881666666666668,0.0,16.0,11.0,10.0,180,1.5280135823429541,0.4211427502538478,0.8277777777777777,0.020894793026905806
gcs7rck28z1,2019-07-01,2.5575,2.5575,0.0,16.0,11.0,5.0,180,0.7081038552321007,0.6194748102236647,0.8222222222222222,0.0010778815668182815
gdcxxdc528u,2019-07-01,5.094333333333333,4.108333333333333,0.9859999999999998,142.0,27.0,80.0,72,5.021795989537925,0.4119433394265269,0.6388888888888888,0.9016875795357246
gdhrs1wugqw,2019-07-01,0.3076666666666667,140.29599999999988,-139.9883333333332,280.0,230.0,278.0,181,1.4850515007525897,0.13504029785283536,0.011049723756906077,9.0925586090243e-05
gevsxri4qb1,2019-07-01,17.630000000000003,17.630000000000003,0.0,19.0,43.0,9.0,181,0.3434535104364327,0.44577635311479025,0.5303867403314917,0.01372016624875479
gg8tanhwwa9,2019-07-01,45.726666666666624,91.45333333333325,-45.726666666666624,128.0,108.0,148.0,110,2.083973374295955,0.27870271213951675,0.35454545454545455,0.027388995091971964
gg9m3sc9f0a,2019-07-01,6.206666666666667,3.1033333333333335,3.1033333333333335,28.0,14.0,0.0,135,0.0,0.7627771649232837,0.8518518518518519,0.10300183754866438
ghg76sm1dei,2019-07-01,1.2159999999999989,0.192,1.023999999999999,41.0,45.0,42.0,181,1.3113679489391064,0.17640704193553172,0.4419889502762431,0.0018381672443841964
ghil83u4xm1,2019-07-01,4.442666666666667,4.442666666666667,0.0,12.0,11.0,1.0,180,0.13824884792626727,0.58691388176571,0.8,0.0009262560133381543
ghmvzwy5j9t,2019-07-01,9.792000000000002,2.8560000000000008,6.936000000000001,50.0,5.0,2.0,57,1.2258064516129032,2.615339366124404,0.9473684210526315,0.021816515278074728
gic79hjb0e5,2019-07-01,11.28599999999999,18.809999999999985,-7.523999999999994,23.0,21.0,26.0,177,2.0908677873693775,0.2682564822286279,0.6949152542372882,0.0034974660324322416
giqu6hyd9cj,2019-07-01,3.3015000000000003,1.116,2.1855,71.0,24.0,0.0,155,0.0,1.7428001956207029,0.7870967741935484,0.6948836634729614
gj3vex6dgrk,2019-07-01,32.538000000000004,30.624000000000006,1.913999999999998,32.0,31.0,15.0,170,0.7215619694397284,0.2374338312595912,0.5764705882352941,0.0007986199088996986
gjg3aembwj2,2019-07-01,1.3125,2.7708333333333335,-1.4583333333333335,11.0,21.0,2.0,162,0.18336162988115448,1.1517409959300282,0.808641975308642,0.06662341991310769
glgqgwg9xg9,2019-07-01,2.402666666666667,2.402666666666667,0.0,14.0,11.0,13.0,180,1.9864176570458405,0.4200929598985213,0.8388888888888889,0.0001596191027872079
gn2djc1sc3a,2019-07-01,1.8258333333333334,1.8258333333333334,0.0,4.0,5.0,0.0,149,0.0,1.2445192344837421,0.9261744966442953,0.0307719563495827
gnbubftk4y1,2019-07-01,1.2501666666666666,1.2501666666666666,0.0,7.0,7.0,23.0,169,5.69941348973607,0.5650044658621735,0.8757396449704142,0.000650829719769209
gohb60ofm5g,2019-07-01,1.906,1.5883333333333334,0.31766666666666654,8.0,7.0,2.0,177,0.6344086021505376,0.3770913134677834,0.8983050847457628,2.6609139437663305e-05
gohyrasmyra,2019-07-01,15.275500000000001,1.561,13.714500000000001,191.0,68.0,54.0,179,0.2217684577616666,1.8108688383947127,0.6089385474860335,0.00018780638982830665
gow4amej3d2,2019-07-01,4.5,4.5,0.0,48.0,54.0,21.0,180,0.7301525980297469,0.5980100650642923,0.6833333333333333,1.0727314799045373e-05
gp0wsye9zrb,2019-07-01,15.352166666666669,8.772666666666668,6.579500000000001,9.0,6.0,2.0,150,1.3824884792626728,1.3033982117561864,0.9733333333333334,0.0015321769793635617
gp4zwuq5ky2,2019-07-01,7.1850000000000005,7.1850000000000005,0.0,5.0,3.0,1.0,176,0.7096774193548386,1.4131554444749903,0.9545454545454546,0.0033944225729553167
grtc6s1yi0b,2019-07-01,26.220000000000006,26.220000000000006,0.0,13.0,11.0,9.0,176,1.5483870967741937,0.4810128392564824,0.8465909090909091,0.002125960618719405
grui4eqe2t3,2019-07-01,5.01375,2.674,2.33975,25.0,18.0,10.0,180,1.095556908094948,0.8099871297471,0.8222222222222222,0.01072769159553287
gryk6rexav6,2019-07-01,2.6460000000000004,2.6460000000000004,0.0,9.0,17.0,16.0,180,1.3464235624123422,0.4197591145894422,0.7055555555555556,0.011120702718339853
gryqpzwadsi,2019-07-01,1.7666666666666666,2.915,-1.1483333333333334,28.0,41.0,8.0,181,0.30529200927682903,0.5743960643176991,0.5303867403314917,0.011784780276113023
gsjb7pk4v3n,2019-07-01,2.1833333333333336,2.1833333333333336,0.0,35.0,30.0,0.0,108,0.0,0.2555880600908237,0.5,0.01398296669630613
guzhicxxbs0,2019-07-01,37.683333333333294,178.99583333333314,-141.31249999999983,91.0,76.0,95.0,164,2.488022995847972,0.7230861578679255,0.5609756097560976,0.019074678905109162
gvagic05m59,2019-07-01,1.8619999999999999,1.8619999999999999,0.0,35.0,37.0,28.0,181,1.06158357771261,0.3271734077777502,0.48066298342541436,0.009231046878556182
gvhabn93gs1,2019-07-01,10.332,10.332,0.0,6.0,3.0,0.0,180,0.0,0.8313843876330611,0.9611111111111111,0.00034641541650009633
gwktsdlmjkv,2019-07-01,0.5100000000000001,4.844999999999997,-4.334999999999997,6.0,3.0,4.0,146,3.139784946236559,1.4589703437197767,0.9657534246575342,0.044943822962258545
gx1ft7tbkbe,2019-07-01,32.93333333333334,62.400000000000006,-29.46666666666667,216.0,284.0,140.0,181,0.24027611841231916,1.564091314051809,0.08287292817679558,0.0001704953301958452
gx2e90uo0qu,2019-07-01,3.115,1.7800000000000002,1.335,38.0,21.0,17.0,176,1.237386269644334,0.5680372739920917,0.7045454545454546,0.008604122564518965
gxjmx56k558,2019-07-01,4.271333333333334,4.271333333333334,0.0,108.0,78.0,75.0,179,1.41988365943945,0.3806881002428371,0.39106145251396646,0.04071631553646856
gxmcc0a3xft,2019-07-01,3.472,0.5786666666666667,2.8933333333333335,35.0,25.0,23.0,165,1.4234808702175543,0.24992788101065402,0.6242424242424243,0.0030617815623060433
gxo1q5488mp,2019-07-01,21.15,19.74,1.4100000000000001,22.0,21.0,7.0,179,0.5318336162988115,0.32740166146888855,0.7486033519553073,2.3907150625577583e-05
gy4wtt0r6xs,2019-07-01,2.499,2.499,0.0,16.0,13.0,8.0,95,0.9806451612903226,0.2687533747763848,0.7789473684210526,0.0070274192323479074
gy8baq0lz1w,2019-07-01,1.0526666666666666,3.158,-2.1053333333333333,4.0,12.0,0.0,181,0.0,0.8713709363258965,0.856353591160221,0.0031823698546185938
gzooa64lf00,2019-07-01,3.504,2.19,1.314,12.0,9.0,4.0,180,0.6451612903225806,0.5958012358984155,0.85,0.0001241076209553154
h05aziwtnku,2019-07-01,2.296666666666667,2.296666666666667,0.0,59.0,124.0,45.0,181,0.7819700460829494,1.192547891469017,0.49171270718232046,0.009374321597928484
h1ow5u254rj,2019-07-01,4.117333333333334,4.117333333333334,0.0,20.0,57.0,4.0,180,0.12354152367879202,0.642789894702764,0.5722222222222222,0.054404098061235806
h1pxa8vhekc,2019-07-01,1.745,0.5816666666666667,1.1633333333333336,10.0,6.0,4.0,174,2.2451612903225806,1.3097356586496265,0.9540229885057471,0.013765704505118912
h2yrka3vc5y,2019-07-01,5.399166666666662,3.239499999999997,2.1596666666666646,60.0,62.0,65.0,181,1.5120164503277214,0.3744967409461933,0.36464088397790057,0.018581357653260206
h3dw1xamicr,2019-07-01,0.284,0.6626666666666666,-0.37866666666666665,42.0,50.0,36.0,179,0.9898617511520739,0.26783035089443497,0.3854748603351955,0.0004774393906117577
h3nznzmzy6g,2019-07-01,19.519333333333336,19.519333333333336,0.0,6.0,7.0,3.0,174,1.1225806451612903,0.8219469931070056,0.9310344827586207,0.005463847513632679
h5pnjbka6z9,2019-07-01,0.32116666666666666,0.6423333333333333,-0.32116666666666666,8.0,9.0,7.0,175,1.4635603345280765,0.684086119188301,0.8628571428571429,0.009311024176994438
h5xvo7trsaq,2019-07-01,10.064666666666668,10.064666666666668,0.0,62.0,62.0,0.0,131,0.0,0.15786699775992505,0.2595419847328244,0.017416262941630716
h63yqa8rqqm,2019-07-01,0.4063333333333334,0.4063333333333334,0.0,17.0,13.0,22.0,170,2.7419354838709675,0.5230716303608001,0.7764705882352941,0.003432328625816701
h7l4o4pl2hy,2019-07-01,147.43999999999988,144.39999999999986,3.0400000000000205,96.0,98.0,193.0,171,2.7089386850529427,0.23066245412781114,0.30409356725146197,0.002554273456671493
h7mn7vtnswh,2019-07-01,5.331,67.52599999999994,-62.194999999999936,19.0,14.0,16.0,168,2.4086021505376345,0.6686219591157462,0.8333333333333334,0.047666284366065896
h882kvg9311,2019-07-01,0.16666666666666666,12.666666666666655,-12.49999999999999,32.0,27.0,31.0,176,1.872340425531915,0.3322763253140043,0.6420454545454546,0.02043743125771142
h9a87gyyl79,2019-07-01,2.0195000000000003,2.0195000000000003,0.0,10.0,9.0,5.0,178,0.956989247311828,0.3454560830937522,0.8370786516853933,5.553047596763571e-05
h9xoibpng2j,2019-07-01,19.43466666666667,10.628333333333334,8.806333333333335,88.0,59.0,24.0,68,0.6926994906621392,0.373371146964537,0.5882352941176471,0.30034179128100286
ha38r8qi133,2019-07-01,0.8011666666666668,0.8011666666666668,0.0,27.0,27.0,38.0,181,2.0543608124253283,0.23682881241851764,0.6077348066298343,2.061419479196004e-06
hamnjrcqtg1,2019-07-01,8.163333333333334,8.163333333333334,0.0,13.0,13.0,6.0,179,0.7371310912834591,0.398626803048969,0.7597765363128491,0.00019739956904426818
hboisbzauu2,2019-07-01,1.7005000000000001,1.6110000000000002,0.08949999999999991,49.0,47.0,30.0,181,0.926779313876088,0.25645640283830146,0.425414364640884,0.001581474332670519
hc5ou3kw2ac,2019-07-01,0.0,0.303,-0.303,7.0,9.0,8.0,162,1.900293255131965,0.5678600398499309,0.8765432098765432,0.0001226590283618613
hchktpcwccf,2019-07-01,0.7023333333333334,0.7023333333333334,0.0,9.0,9.0,7.0,179,1.6167741935483873,0.5827155272473525,0.8715083798882681,9.933140203588965e-05
hclcmwpw27a,2019-07-01,3.4700000000000006,3.4700000000000006,0.0,21.0,21.0,25.0,181,1.8476929358922007,0.2215975462030752,0.7016574585635359,1.1050356522929895e-05
hdoknxs337q,2019-07-01,9.466333333333333,9.466333333333333,0.0,8.0,6.0,1.0,181,0.48655913978494625,1.1606819396882952,0.9558011049723757,0.00031161162798568894
hdreiw5qrzv,2019-07-01,1.6965,1.6965,0.0,11.0,9.0,3.0,179,0.7531556802244039,0.7407040650513154,0.8938547486033519,0.0005235329166730685
hej3moflzzb,2019-07-01,4.446000000000001,4.446000000000001,0.0,8.0,5.0,0.0,178,0.0,0.6808452804110402,0.9325842696629213,8.443333802824523e-05
het5s0nafqv,2019-07-01,4.111166666666667,4.111166666666667,0.0,7.0,6.0,2.0,174,1.0205278592375366,1.0200211827684749,0.9540229885057471,0.00036826555931617367
hggtg7og19c,2019-07-01,34.762,34.762,0.0,19.0,16.0,3.0,54,0.40198511166253104,0.2025069515538682,0.8333333333333334,0.05121161077355355
hgl3njgb4qt,2019-07-01,99.41749999999992,181.79199999999986,-82.37449999999994,153.0,124.0,188.0,179,2.099706744868035,0.3361192041743472,0.22346368715083798,0.013445338711320873
hgopbkse22f,2019-07-01,3.2553333333333305,0.0,3.2553333333333305,19.0,21.0,21.0,172,1.6886395511921457,0.30777059245464045,0.6918604651162791,0.0011825471838096443
hgx0t1z0rfb,2019-07-01,176.42666666666668,176.42666666666668,0.0,13.0,11.0,5.0,157,0.7673509286412512,0.5442235375594007,0.8280254777070064,0.0014132093140032905
hhgt5qd8bc4,2019-07-01,4.62,4.62,0.0,6.0,3.0,6.0,99,6.387096774193548,0.886405260427918,0.9696969696969697,0.005000429811251379
hhodjphwph1,2019-07-01,4.794,4.794,0.0,46.0,31.0,36.0,180,1.9177271382065701,0.3924108144237216,0.6333333333333333,0.002037765503437999
hibpg49sz73,2019-07-01,2.0008333333333335,2.0008333333333335,0.0,9.0,16.0,1.0,181,0.11448450347881088,1.1968515333825795,0.8342541436464088,0.05343528607417321
hixpbq36zta,2019-07-01,4.489333333333334,7.597333333333333,-3.1079999999999997,238.0,301.0,147.0,181,0.7522264001583219,0.8282348767961718,0.143646408839779,0.014551965419345779
hj7cwxt3bbw,2019-07-01,0.905,0.905,0.0,13.0,11.0,12.0,172,1.664516129032258,0.28935526978728926,0.8197674418604651,8.262567980303972e-05
hknsn6zeprw,2019-07-01,590.7669999999995,1112.031999999999,-521.2649999999995,100.0,55.0,151.0,180,4.542871469162628,0.8047765520274266,0.6277777777777778,0.22259206764555034
hlor54dpgbk,2019-07-01,1.276,1.276,0.0,5.0,5.0,9.0,106,3.07741935483871,0.3058372832844613,0.9056603773584906,0.013714848929877585
hm2dt7uv7t7,2019-07-01,1.3813333333333333,0.0,1.3813333333333333,31.0,24.0,24.0,37,1.432258064516129,0.038344221899486816,0.5675675675675675,0.08750391908944372
hm4dtnr1qst,2019-07-01,19.393,19.393,0.0,8.0,7.0,5.0,181,1.5365025466893039,0.49362619836107147,0.9060773480662984,4.10791968986279e-06
hm6nvmvq1pd,2019-07-01,117.63849999999987,152.35149999999985,-34.71299999999998,115.0,97.0,176.0,125,2.4727436214454315,0.22123431620548378,0.224,0.11356465240830521
ho158j4bttv,2019-07-01,6.505166666666667,6.505166666666667,0.0,29.0,24.0,17.0,181,1.1028673835125447,0.39972209252985763,0.7071823204419889,7.29164230293069e-05
ho412tg4dcu,2019-07-01,0.455,0.455,0.0,9.0,9.0,6.0,181,1.2511520737327189,0.2770937943941691,0.8674033149171271,1.9481565578244674e-05
hq6x0msvel2,2019-07-01,34.592666666666666,19.117,15.475666666666665,46.0,20.0,8.0,161,0.6110056925996205,0.5991344884289194,0.7577639751552795,0.009055294450499997
hqdj2gldorq,2019-07-01,8.906666666666666,22.378,-13.471333333333334,156.0,335.0,134.0,176,0.5054978030221841,0.5024931986682153,0.028409090909090908,0.578603058994281
hqnzvt55pad,2019-07-01,10.785666666666657,10.785666666666657,0.0,55.0,52.0,85.0,68,2.24640497473766,0.46513496989162895,0.39705882352941174,0.6025118938487516
hqo8tf50ndi,2019-07-01,9.785,9.785,0.0,97.0,123.0,52.0,181,0.5520234604105572,0.33731007932878865,0.18232044198895028,0.01591045733231869
hr5en8fbf1w,2019-07-01,2.992,2.992,0.0,2.0,3.0,2.0,160,1.7204301075268817,1.3416497872665967,0.975,0.00014833787915583305
hrdepx6xit6,2019-07-01,1.3320000000000003,1.3320000000000003,0.0,7.0,5.0,1.0,126,0.45161290322580644,0.45731966307849387,0.9285714285714286,0.019046251147687425
hrsmacysh3y,2019-07-01,398.87333333333305,398.87333333333305,0.0,75.0,75.0,209.0,180,3.978847170809096,0.3386459450183766,0.3277777777777778,0.00039699586890275165
htuab127ahl,2019-07-01,0.8966666666666667,0.7173333333333334,0.17933333333333334,18.0,17.0,13.0,180,1.3242784380305603,0.33953036793808083,0.7444444444444445,0.00018992646578065448
hu9teoqtjbg,2019-07-01,2.8100000000000005,1.4050000000000002,1.4050000000000002,39.0,36.0,33.0,176,1.7347670250896057,0.8261267977292167,0.625,0.011377815037491088
hw58ar9a1f9,2019-07-01,5.787000000000001,5.787000000000001,0.0,8.0,9.0,3.0,148,0.7956989247311828,0.4786617710267889,0.8986486486486487,0.00025598380818361307
hwlbe9d203n,2019-07-01,1.6800000000000004,0.0,1.6800000000000004,229.0,91.0,103.0,166,1.948934230023937,0.547869370875049,0.7108433734939759,0.004118833468277916
hws42h1w34h,2019-07-01,0.7991666666666667,0.7991666666666667,0.0,96.0,166.0,146.0,181,1.226549083313994,0.4082828933464122,0.2541436464088398,0.005905132419376191
hx0xda995jy,2019-07-01,0.5519999999999999,0.5519999999999999,0.0,30.0,27.0,18.0,180,1.1118737131091283,0.2845660121244343,0.6111111111111112,0.00573038461251648
hy2fxwtm8mv,2019-07-01,4.094666666666667,4.094666666666667,0.0,116.0,121.0,96.0,180,1.302381670183901,0.36639356824064967,0.3055555555555556,0.00038556948082884966
hytnu1kwsbz,2019-07-01,1.9458333333333335,1.9458333333333335,0.0,7.0,7.0,2.0,152,0.5768500948766603,0.5090416207637433,0.8947368421052632,6.558446304431548e-06
hz23wwsj11j,2019-07-01,88.0966666666666,60.92666666666661,27.16999999999998,392.0,425.0,499.0,181,1.4088569289324264,0.15879928901816498,0.027624309392265192,0.014614413083700133
hz6wcfzc1x3,2019-07-01,40.432500000000005,34.4425,5.990000000000002,89.0,77.0,8.0,172,0.1674984783931832,1.2559886866911458,0.813953488372093,0.0006134149542266633
hzw2qnbkmpb,2019-07-01,2.6506666666666665,2.6506666666666665,0.0,3.0,5.0,2.0,167,0.7182795698924731,0.6333082197462837,0.9161676646706587,0.00019006003383760425
i0kfvmovrkt,2019-07-01,0.26166666666666666,0.26166666666666666,0.0,19.0,17.0,30.0,164,3.0521091811414394,0.5527302458686719,0.7439024390243902,0.0037642859065075284
i163req6qx1,2019-07-01,6.408,6.408,0.0,18.0,15.0,13.0,177,1.4845161290322582,0.40974546908427995,0.768361581920904,9.207788125202714e-05
i1naxuayrhr,2019-07-01,87.66333333333336,87.66333333333336,0.0,84.0,110.0,36.0,178,0.5219941348973607,0.7075695324097668,0.3651685393258427,0.000743947265911853
i3cmp8wp1am,2019-07-01,22.346666666666668,32.123333333333335,-9.776666666666667,36.0,50.0,4.0,181,0.16802042237177997,0.7506991051749404,0.7182320441988951,0.00020021711498286317
i4ve3o1uqrg,2019-07-01,1.16,1.16,0.0,12.0,5.0,4.0,115,1.348973607038123,0.7131627983869943,0.9130434782608695,0.0011136288547943351
i5ccfh0w89x,2019-07-01,12.761666666666668,5.890000000000001,6.871666666666668,110.0,96.0,84.0,181,1.3623655913978494,0.5696443428157253,0.5359116022099447,0.00043670245002010437
i72cbxw9f85,2019-07-01,4.371,2.4283333333333337,1.9426666666666668,11.0,7.0,2.0,179,0.6078098471986417,0.46193015644665675,0.9106145251396648,0.002294346714437111
i89bblr7wfl,2019-07-01,3.466666666666667,3.033333333333333,0.43333333333333357,44.0,31.0,4.0,153,0.19741935483870968,0.44629771155574893,0.5947712418300654,0.08754681305102702
icaig2apant,2019-07-01,6.433,6.433,0.0,24.0,19.0,6.0,176,0.5161290322580645,0.5458678374214461,0.7215909090909091,0.00023141919570202028
iceelhxda1l,2019-07-01,0.7253333333333333,0.5973333333333333,0.128,53.0,40.0,36.0,78,1.2940092165898618,0.35091302006282266,0.5384615384615384,0.19306125193479723
id25eobi5ev,2019-07-01,81.26366666666667,81.26366666666667,0.0,1915.0,1895.0,3969.0,181,1.0221347349010859,0.1986823379783964,0.0055248618784530384,0.006203200381528647
id82rujkgaz,2019-07-01,3.6513333333333335,0.0,3.6513333333333335,9.0,5.0,5.0,163,1.7526881720430108,0.6908072179390066,0.9263803680981595,6.297596221309192e-05
idsazd7u6t4,2019-07-01,26.445,35.152499999999996,-8.707499999999996,322.0,403.0,76.0,180,0.255672261054835,0.5838805556720461,0.12777777777777777,0.0006906309747845632
ie6742hjfqc,2019-07-01,2.19,17.811999999999998,-15.621999999999998,211.0,318.0,196.0,181,0.586564375589028,0.8672946442006407,0.027624309392265192,0.18212203309228675
iejw2wacy70,2019-07-01,1.6463333333333336,1.6463333333333336,0.0,17.0,20.0,7.0,181,0.6100144439094848,0.38655934241015966,0.7734806629834254,0.00043653018991141913
ifcju31jdou,2019-07-01,9.474666666666668,26.928000000000004,-17.453333333333337,24.0,59.0,5.0,177,0.24193548387096775,1.3434545110553757,0.751412429378531,0.0009153800880673152
iflpnbk7xag,2019-07-01,6.864,0.46799999999999997,6.396,90.0,49.0,46.0,181,1.4135823429541596,0.4730099475158254,0.425414364640884,0.27011918042927485
ihf84qiz0ym,2019-07-01,0.55,0.55,0.0,28.0,19.0,17.0,171,2.6048387096774195,1.0565582249006051,0.9122807017543859,0.004938301416558495
ihhiwucnbih,2019-07-01,13.698750000000002,2.435333333333334,11.263416666666668,49.0,12.0,4.0,181,0.5988420181968569,0.7898618299330724,0.8674033149171271,0.002612318416507661
ihiuzj9318s,2019-07-01,3.333333333333333,3.6666666666666665,-0.3333333333333335,13.0,14.0,3.0,170,0.3576437587657784,0.6631905875072379,0.8588235294117647,0.0005213212494842668
ihizgk4pgzt,2019-07-01,18.725,16.941666666666666,1.783333333333335,22.0,19.0,1.0,144,0.11059907834101382,1.3794779781975062,0.8819444444444444,0.01983630955639757
ihvr7wmldiu,2019-07-01,76.81383333333335,3.6195000000000004,73.19433333333335,198.0,16.0,7.0,164,0.015233343506588289,2.0236230512492432,0.8414634146341463,0.000277971540456147
ihzykk9x2eg,2019-07-01,8.043,8.043,0.0,6.0,5.0,1.0,160,0.5161290322580645,0.6130370885022267,0.9375,5.692263403444342e-05
ij9pyu3664e,2019-07-01,6.426,6.426,0.0,6.0,5.0,0.0,121,0.0,0.4369253827456853,0.9173553719008265,0.019715581932210107
ijxka0tju1m,2019-07-01,2.7300000000000004,11.526666666666657,-8.796666666666656,156.0,101.0,111.0,181,1.4629724022427728,0.35796336891640435,0.19337016574585636,0.09106694538152471
ikc2rik8yuj,2019-07-01,9.575333333333333,4.245666666666667,5.329666666666666,192.0,133.0,86.0,181,0.9146248310711558,0.4288109646372167,0.26519337016574585,0.05229992463810792
ilh0v3cq7yu,2019-07-01,16.926333333333332,16.926333333333332,0.0,8.0,5.0,4.0,181,1.3738140417457305,0.8435492013522631,0.9116022099447514,0.007329389093879355
iltqieugzoq,2019-07-01,150.93599999999986,144.64699999999988,6.288999999999987,33.0,35.0,81.0,46,3.4341013824884787,0.04652018297279917,0.5652173913043478,0.4525408632958752
imq95kvin2b,2019-07-01,14.175,14.175,0.0,18.0,21.0,11.0,179,0.8468817204301076,0.49279002577342423,0.6983240223463687,0.0005159758686214209
indn3gn8j2x,2019-07-01,44.961666666666666,19.511666666666667,25.45,54.0,24.0,1.0,148,0.15400624349635797,1.6742809058935344,0.9662162162162162,0.0038887639113829187
innyejvr58k,2019-07-01,21.113666666666667,21.113666666666667,0.0,7.0,5.0,12.0,146,6.279569892473118,0.382928995225767,0.9383561643835616,0.00021520937921250732
inuv9oraz3w,2019-07-01,39.3933333333333,39.3933333333333,0.0,43.0,34.0,71.0,177,3.0252768415984597,0.32283256835915536,0.519774011299435,0.0034718609542456007
io9thv2jcb4,2019-07-01,5.351333333333334,5.933000000000001,-0.581666666666667,46.0,64.0,13.0,178,0.44431643625192013,0.35873557650630283,0.5561797752808989,7.973898861019548e-06
ip46f2w7lya,2019-07-01,39.6593333333333,16.63133333333332,23.02799999999998,22.0,40.0,53.0,180,2.26280834914611,0.5227146839423555,0.6388888888888888,0.021962215279870446
ipkh5ilec7e,2019-07-01,6.4185,5.2515,1.1669999999999998,21.0,19.0,10.0,177,0.8521906596051998,0.2826343741880003,0.7062146892655368,1.2232075684130134e-05
iqqf39gb7f7,2019-07-01,1.4666666666666666,0.6666666666666666,0.7999999999999999,24.0,18.0,13.0,181,1.3316355404640636,0.33964604365460016,0.7734806629834254,0.0015677860837015058
is3k0n5svo3,2019-07-01,8.205333333333334,8.205333333333334,0.0,25.0,24.0,16.0,181,0.9731182795698925,0.25984361617751217,0.5911602209944752,0.000895970785740126
ismrhtb54o4,2019-07-01,16.928,14.812000000000001,2.1159999999999997,10.0,9.0,2.0,164,0.35268817204301073,0.4576382169269501,0.8597560975609756,0.00011075857799460082
isotzi7cez9,2019-07-01,1.2613333333333334,1.1466666666666667,0.1146666666666667,54.0,53.0,43.0,181,1.1109049386240366,0.15018001796084543,0.30939226519337015,0.00043354199385310167
itcyw70ewyc,2019-07-01,14.812666666666669,6.099333333333334,8.713333333333335,99.0,79.0,65.0,39,1.2580645161290323,0.020043605280350926,0.5128205128205128,0.497367138112871
iw8yiunj1ys,2019-07-01,56.71499999999995,56.71499999999995,0.0,13.0,15.0,27.0,179,3.0569259962049338,0.3672237687441075,0.7486033519553073,8.714953138250781e-05
iwd545ht1l8,2019-07-01,2.7386666666666666,1.8828333333333334,0.8558333333333332,20.0,15.0,4.0,171,0.4796633941093969,0.5032040134336535,0.7953216374269005,1.2461549458329222e-06
iwif46q5bd5,2019-07-01,8.81,8.81,0.0,4.0,5.0,1.0,177,0.5709677419354838,0.7522156286667125,0.9491525423728814,0.0010032524090219696
iyf6ygojdrp,2019-07-01,3.18,3.18,0.0,19.0,18.0,9.0,163,0.8763440860215055,0.48191617783989776,0.754601226993865,0.005931622137767549
j00w40bzeu2,2019-07-01,1.999083333333333,2.2846666666666664,-0.2855833333333333,20.0,21.0,13.0,181,1.069059518400727,0.39675967739797086,0.7237569060773481,0.00022103726546119902
j1e3o0x7ev6,2019-07-01,1.5583333333333336,1.2750000000000001,0.28333333333333344,59.0,57.0,48.0,180,1.146953405017921,0.13876849655007434,0.34444444444444444,5.407069450546263e-06
j2bw5jrg1in,2019-07-01,31.37691666666663,5.301916666666666,26.074999999999964,51.0,140.0,79.0,169,1.001575393848462,0.9643010406141452,0.4970414201183432,0.02140696537674343
j2watcvuun6,2019-07-01,2.0229999999999997,2.0229999999999997,0.0,9.0,11.0,5.0,167,0.9288097886540599,0.4991557683352169,0.844311377245509,0.008555928198076322
j47g1ubfunu,2019-07-01,0.49000000000000005,0.26133333333333336,0.22866666666666668,129.0,122.0,114.0,181,1.282491143016968,0.2809257024919023,0.20441988950276244,0.003292693627305441
j4r7m13zrcq,2019-07-01,15.057499999999987,3.011499999999997,12.045999999999989,7.0,11.0,12.0,171,2.2825361512791993,0.5058981144082962,0.847953216374269,0.0010749549397800966
j64h6zi1jk9,2019-07-01,1.512,1.638,-0.1259999999999999,9.0,19.0,6.0,177,0.543778801843318,0.590945077029906,0.7288135593220338,0.10028389505371837
j6702x2ebkt,2019-07-01,13.275000000000002,13.275000000000002,0.0,15.0,18.0,4.0,181,0.4579380139152435,0.508879744748317,0.8066298342541437,0.002951459889996359
j75qozdwhon,2019-07-01,87.1466666666666,38.50666666666664,48.639999999999965,232.0,280.0,318.0,181,1.6474797492629591,0.6007149964301585,0.022099447513812154,0.029265478973569695
j9kz0leml7f,2019-07-01,7.9668333333333345,11.031000000000002,-3.064166666666668,22.0,27.0,9.0,174,0.5490883590462833,0.3964527107090065,0.6436781609195402,0.006831353988622399
ja7bxbxp056,2019-07-01,5.328,6.327,-0.9989999999999997,140.0,149.0,92.0,181,0.9374542588526713,0.2554009425645424,0.143646408839779,0.002038103465268894
jay98tudcgj,2019-07-01,2.272,2.272,0.0,5.0,5.0,2.0,181,0.7298387096774194,0.8058614684044485,0.9171270718232044,0.004372848001141423
jb63d3zkzva,2019-07-01,0.41733333333333333,0.36516666666666664,0.052166666666666694,11.0,9.0,3.0,173,0.597926267281106,0.7678593784473752,0.8670520231213873,0.0056202113200340895
jbxrtkb3uda,2019-07-01,0.8390000000000001,0.8390000000000001,0.0,11.0,11.0,9.0,176,1.3446519524617997,0.5349849939859047,0.8011363636363636,0.0006478154288680249
jc03qezpap7,2019-07-01,1.7806666666666668,8.45816666666666,-6.677499999999993,10.0,5.0,6.0,112,2.1677419354838707,0.22270395316306846,0.9107142857142857,0.004216069810583007
jcjb48rf3cb,2019-07-01,78.04083333333334,54.62858333333334,23.41225,10.0,7.0,0.0,179,0.0,0.8224788754134919,0.9329608938547486,0.0046109151296306
jcsxc9iximj,2019-07-01,8.772,8.772,0.0,21.0,3.0,3.0,35,3.3870967741935485,2.23606797749979,0.9714285714285714,
jdv5v0fdl1i,2019-07-01,0.5126666666666667,0.5126666666666667,0.0,7.0,7.0,6.0,164,2.885630498533724,0.5497595884738691,0.9451219512195121,1.382307322278807e-05
jewgqhe7xjo,2019-07-01,11.140666666666668,5.2426666666666675,5.898000000000001,139.0,103.0,71.0,181,0.8708999728923829,0.27886482740894536,0.14917127071823205,0.0747576709113245
jf4qmxcr8uf,2019-07-01,1.4263333333333335,1.6208333333333336,-0.19450000000000012,33.0,36.0,11.0,175,0.5307416597739179,0.22766809959759576,0.64,9.543130388279764e-05
jfkcwjsmy3z,2019-07-01,219.345,219.345,0.0,74.0,58.0,46.0,181,0.913539609392144,0.7387094580206358,0.4419889502762431,0.0001908579227365697
ji0ddg388kq,2019-07-01,47.547499999999964,119.1774999999999,-71.62999999999994,400.0,284.0,477.0,181,2.2791035320204847,0.22882233647002112,0.022099447513812154,0.04706291735367275
jk2mkzahnsa,2019-07-01,3.3996666666666666,0.9713333333333334,2.4283333333333332,10.0,5.0,3.0,106,1.1397849462365592,0.5175176071444847,0.9245283018867925,0.0009633963612930488
jks5h9948p4,2019-07-01,4.1850000000000005,2.1700000000000004,2.015,57.0,44.0,30.0,171,1.149193548387097,0.5883202776480781,0.5730994152046783,0.016367225976468575
jlbdz79ofm2,2019-07-01,2.8175000000000003,4.830000000000001,-2.0125000000000006,101.0,121.0,85.0,181,0.8894091802520522,0.11764717865289588,0.07734806629834254,9.291264778084401e-05
jlsufhxjbw5,2019-07-01,13.571166666666668,5.421333333333329,8.14983333333334,1664.0,623.0,903.0,181,1.5580244795241365,0.6060643876577244,0.16574585635359115,0.9976371593681349
jm0g1o7vq8k,2019-07-01,2.773333333333334,2.773333333333334,0.0,56.0,50.0,50.0,38,1.4253563390847712,0.038087451783404336,0.34210526315789475,0.5826791734366626
jmmilql78m7,2019-07-01,1.149,0.9575,0.1915,6.0,5.0,0.0,148,0.0,0.7355563924935116,0.9324324324324325,0.0128598418514643
jn8h8l1l0q3,2019-07-01,5.71625,5.71625,0.0,10.0,15.0,6.0,177,0.7137096774193549,0.39681553182018353,0.7853107344632768,0.00017976842631637274
jp35nsvuo8v,2019-07-01,24.91,65.19,-40.28,132.0,284.0,38.0,181,0.21436808477481692,0.7493800118204913,0.44751381215469616,0.0010303435850724707
jpufyxtlljr,2019-07-01,54.4295,57.58483333333333,-3.1553333333333313,88.0,92.0,19.0,180,0.3098948894527003,0.3878966369504634,0.3055555555555556,0.0022630063848708254
jqf0tht6v7z,2019-07-01,42.080000000000005,1.534166666666667,40.54583333333334,196.0,5.0,4.0,171,0.006103600588943916,1.924997377926186,0.9064327485380117,0.00018641745106918515
jqk1fgh73ns,2019-07-01,6.533333333333334,6.533333333333334,0.0,6.0,7.0,2.0,148,0.596774193548387,0.3368215741584657,0.8918918918918919,0.014285199041562684
jqldvm92alx,2019-07-01,3.690000000000001,4.305000000000001,-0.6149999999999998,183.0,189.0,147.0,181,0.996852871754524,0.3121139011646374,0.03867403314917127,0.009169109860305578
jqpusjb5omt,2019-07-01,1.3306666666666669,1.3306666666666669,0.0,9.0,9.0,5.0,170,0.9454949944382647,0.4309683538964928,0.8529411764705882,0.00022632986697638065
js3xkv489g5,2019-07-01,11.8885,59.4425,-47.554,81.0,317.0,22.0,181,0.10749088945876636,1.3480270464067392,0.18232044198895028,0.2069678094567134
js6s44zmqzh,2019-07-01,8.386666666666667,8.386666666666667,0.0,10.0,11.0,2.0,177,0.3358633776091081,0.37539312038022193,0.8248587570621468,0.0054406320514396485
jt9i91dgg2y,2019-07-01,50.765,50.765,0.0,35.0,34.0,39.0,178,1.6587813620071685,0.26111070962672145,0.5056179775280899,0.00020717473418289053
ju025r5o7ek,2019-07-01,4.229166666666667,2.779166666666667,1.4500000000000002,86.0,74.0,51.0,181,0.9078481510621558,0.2530182985346489,0.26519337016574585,0.002724283448389216
juz35lhcx40,2019-07-01,3.154666666666667,2.816666666666667,0.3380000000000001,65.0,62.0,37.0,181,0.9475099037917375,0.49547443184800544,0.430939226519337,0.001296259333745324
jv21m25w7wm,2019-07-01,36.68116666666667,82.93133333333334,-46.25016666666667,23.0,52.0,0.0,163,0.0,2.638033652131919,0.8466257668711656,0.0010067291187350895
jv52k8mpa3g,2019-07-01,4.546666666666668,2.2000000000000006,2.346666666666667,42.0,26.0,11.0,177,0.7219132369299222,0.4664428800636604,0.6836158192090396,0.0003707216291009528
jvcdlc81ock,2019-07-01,2.328666666666667,1.6633333333333336,0.6653333333333333,16.0,12.0,2.0,148,0.3292547274749722,0.41115390451889156,0.8783783783783784,0.000631060536455398
jw9z5eogoju,2019-07-01,4.413333333333334,2.206666666666667,2.206666666666667,14.0,9.0,4.0,157,0.7502986857825568,0.47029766508776916,0.8662420382165605,4.757580497582425e-05
jx3fay60f8a,2019-07-01,24.311,24.311,0.0,10.0,11.0,0.0,169,0.0,0.9125789317297779,0.8224852071005917,0.02379179313038496
jx6h9utb8x2,2019-07-01,1.8049999999999986,18.049999999999986,-16.244999999999987,28.0,19.0,29.0,176,2.352073732718894,0.531983670078807,0.7045454545454546,0.001010152685352702
jzeofrdrbd5,2019-07-01,11.711,3.9036666666666666,7.807333333333334,38.0,24.0,17.0,181,1.2104642014162077,0.7055097192255891,0.7071823204419889,0.023353181071285953
k0203yil188,2019-07-01,1.2480000000000002,1.4560000000000004,-0.20800000000000018,22.0,24.0,10.0,179,0.8248847926267281,0.47145128477700027,0.7374301675977654,0.0025222067737588143
k1c0nil87gw,2019-07-01,2.0,2.0,0.0,7.0,9.0,6.0,168,1.5483870967741935,0.6131092373272997,0.8869047619047619,0.0009586528439483755
k26g3u44fsk,2019-07-01,7.548500000000001,7.548500000000001,0.0,11.0,9.0,3.0,179,0.7531556802244039,0.5975237014694821,0.88268156424581,0.002706081155686508
k4c2yssgzpo,2019-07-01,6.356000000000001,6.356000000000001,0.0,34.0,32.0,20.0,174,0.912667191188041,0.17558978623708266,0.4942528735632184,3.149776175145527e-06
k4ubnbz0pgz,2019-07-01,0.986,6.244666666666661,-5.258666666666661,9.0,5.0,6.0,169,2.725806451612903,0.843507060855004,0.9349112426035503,0.00014605031011844118
k5vke7slcl2,2019-07-01,2.3963333333333336,2.3963333333333336,0.0,12.0,9.0,1.0,141,0.21658986175115208,0.922400696697205,0.8723404255319149,0.006326156688289122
k6gqgdg3ely,2019-07-01,4.235,4.235,0.0,32.0,32.0,30.0,180,1.3297217434129527,0.2912588327491389,0.5222222222222223,0.019243350743688332
k6j24jyq8ss,2019-07-01,25.402,25.402,0.0,6.0,5.0,0.0,161,0.0,0.5273563530502499,0.9316770186335404,6.6200729398877e-07
k6ydegcktbi,2019-07-01,24.94533333333333,10.707666666666666,14.237666666666664,231.0,110.0,19.0,66,0.27148733492097854,0.44346206284010137,0.45454545454545453,0.41310760973287636
k8reqia4v7j,2019-07-01,1.2306666666666668,2.3075,-1.0768333333333333,37.0,44.0,29.0,181,0.9731182795698924,0.2782456233664496,0.4696132596685083,0.0008460645592735088
k8uxbr6f1ze,2019-07-01,483.4043333333329,194.12299999999982,289.28133333333307,682.0,834.0,936.0,95,1.385694249649369,0.3611291526674591,0.0,0.412879930010268
k9asy3gc69e,2019-07-01,71.82750000000001,71.82750000000001,0.0,20.0,26.0,17.0,181,1.2104642014162077,0.9414155709572267,0.7403314917127072,3.219847093134014e-05
ka1pxb59ycv,2019-07-01,2.0533333333333337,2.0533333333333337,0.0,9.0,9.0,2.0,172,0.35796045785639957,0.3804728726754684,0.8546511627906976,0.0007832898942764066
kayfdxz6ovn,2019-07-01,0.1411666666666667,0.2823333333333334,-0.1411666666666667,64.0,65.0,63.0,181,1.264050548719654,0.16188560006634262,0.30386740331491713,0.0011500840288082034
kb3mkt5fgid,2019-07-01,6.746666666666666,5.52,1.2266666666666666,12.0,3.0,1.0,172,0.9247311827956989,1.3239567978213636,0.9651162790697675,8.777899057500748e-05
kbfiv65comk,2019-07-01,3.01,7.5249999999999995,-4.515,6.0,14.0,4.0,179,0.8554360812425328,0.9194404617194212,0.8938547486033519,0.0045252964086597725
kbqpnnxe1rk,2019-07-01,5.318500000000001,3.7068333333333343,1.6116666666666668,47.0,37.0,14.0,181,0.5756474329850068,0.45741357154874335,0.5966850828729282,0.0017628396909816929
kcu9lpo7ogm,2019-07-01,3.701666666666667,3.701666666666667,0.0,7.0,7.0,5.0,130,1.3978494623655913,0.44907201559809695,0.8923076923076924,0.001679214887329563
kdnygv7lkhx,2019-07-01,33.369,118.8345,-85.4655,98.0,349.0,0.0,171,0.0,1.1718036890716184,0.11695906432748537,0.5348930421362802
kgn3nvddv27,2019-07-01,425.1958333333333,425.1958333333333,0.0,24.0,19.0,2.0,179,0.2961124896608768,1.187463617731421,0.9273743016759777,0.00014004508326953972
khdbnk30q6s,2019-07-01,4.447333333333333,4.765,-0.31766666666666676,38.0,40.0,10.0,181,0.36721444512071416,0.3358530647848172,0.5027624309392266,0.0007923878458814096
kiih6e3zua6,2019-07-01,1.433,1.433,0.0,7.0,7.0,1.0,175,0.24544179523141654,0.7233707878024621,0.8742857142857143,0.033888129927730576
kjx12gxxwvn,2019-07-01,69.34999999999994,228.8549999999998,-159.50499999999985,545.0,315.0,645.0,181,2.590074100368283,0.21991264315808112,0.022099447513812154,0.1807183746725673
kky8l1rjvva,2019-07-01,33.57299999999997,70.87633333333328,-37.303333333333306,151.0,131.0,169.0,179,1.9022197069735267,0.24396473663673235,0.30726256983240224,4.71829523231051e-05
kl2qstba35y,2019-07-01,27.866666666666667,11.704,16.162666666666667,50.0,21.0,0.0,115,0.0,0.48727711764146475,0.7217391304347827,0.740260091919475
kmdsuk4kt4j,2019-07-01,4.917,7.499666666666666,-2.5826666666666664,70.0,156.0,5.0,181,0.04981834195750303,0.2857429766296643,0.19889502762430938,0.04875013875855992
kovfesgpi8z,2019-07-01,1.360666666666667,1.360666666666667,0.0,10.0,7.0,2.0,86,0.6935483870967741,0.3765717025622949,0.9186046511627907,0.009796559852202272
kpqpumuqqmk,2019-07-01,5.471666666666668,4.69,0.7816666666666672,80.0,73.0,31.0,181,0.5876623376623377,0.19329555596398248,0.2430939226519337,4.418373923528655e-05
kpy662b60xz,2019-07-01,12.266,12.266,0.0,6.0,5.0,2.0,180,0.967741935483871,0.5881835089879996,0.9333333333333333,0.00016517161812548714
kqo651ud3v4,2019-07-01,8.837833333333332,27.19333333333333,-18.3555,14.0,41.0,1.0,166,0.08924731182795699,1.1607677683121473,0.891566265060241,0.00013575381772510756
kr474c9rp1c,2019-07-01,10.308,7.4446666666666665,2.8633333333333333,25.0,20.0,7.0,150,0.8064516129032258,0.8270105425327656,0.86,0.0012814068903337654
krag1z1o3bw,2019-07-01,5.190333333333333,4.2876666666666665,0.9026666666666667,46.0,32.0,23.0,181,1.1007403490216816,0.4530660118851979,0.585635359116022,0.050230277257990605
kt23iq8umee,2019-07-01,58.04166666666667,58.04166666666667,0.0,14.0,5.0,1.0,121,0.4336917562724014,1.4670289407654777,0.9338842975206612,7.669433011249961e-07
ktqccudxhit,2019-07-01,1.4020000000000001,4.439666666666663,-3.037666666666663,18.0,11.0,12.0,177,2.015180265654649,0.6228231881087957,0.8361581920903954,0.010088702102132361
ktvirkbvw4r,2019-07-01,15.964666666666668,15.964666666666668,0.0,12.0,12.0,0.0,167,0.0,0.9571683527294217,0.9640718562874252,6.203501771348073e-05
ku3bp9hby3u,2019-07-01,38.06016666666664,27.185833333333314,10.874333333333325,16.0,18.0,23.0,177,2.387683284457478,0.36300294418609774,0.7796610169491526,5.521787738404519e-06
kuluvv8ll25,2019-07-01,1.197,0.684,0.513,21.0,18.0,14.0,179,1.4182229767968308,0.394332751274744,0.776536312849162,5.067347886226778e-06
kuq2hr010tw,2019-07-01,1.09,1.09,0.0,11.0,11.0,9.0,143,1.3392299687825184,0.36396826549696937,0.8181818181818182,0.001471755921559854
kuxzpwwhhb2,2019-07-01,100.21549999999992,127.5469999999999,-27.331499999999977,71.0,62.0,104.0,174,2.7150787696924232,0.320049894044448,0.5862068965517241,0.0001954950305559752
kv7vv5uriun,2019-07-01,4.655,4.655,0.0,8.0,5.0,1.0,63,0.40645161290322585,0.21004201260420147,0.9206349206349206,0.0028927407505332124
kvplg7ji2k7,2019-07-01,2.0778333333333334,2.0778333333333334,0.0,14.0,17.0,14.0,177,1.2892819979188346,0.46611327545283077,0.7005649717514124,0.005688623823242367
kvqilywiv8c,2019-07-01,130.0666666666667,45.52333333333334,84.54333333333335,641.0,381.0,241.0,181,0.955281080962705,0.4692182356079327,0.2596685082872928,0.0003914646908528697
kw3vwd9gj9a,2019-07-01,2.25,2.475,-0.2250000000000001,17.0,18.0,7.0,181,0.7568697729988052,0.37379372056587334,0.7845303867403315,0.010375635879407893
kwf5bxgo1on,2019-07-01,1.1875000000000002,1.1875000000000002,0.0,28.0,18.0,18.0,174,1.7124111536358668,0.8224079221500884,0.7701149425287356,0.06542886681145918
kx0toxepbb8,2019-07-01,42.851333333333294,103.34733333333324,-60.495999999999945,111.0,63.0,145.0,39,5.3652751423149905,0.5440321935458462,0.8205128205128205,0.8323172313645554
ky72bqd9lct,2019-07-01,6.184500000000001,4.4175,1.7670000000000003,11.0,9.0,4.0,166,1.0199692780337941,0.5764995234534989,0.8975903614457831,0.0002825070929859124
kykc1g3xw8r,2019-07-01,1.1520000000000001,4.863999999999995,-3.7119999999999953,75.0,53.0,57.0,181,1.5196641626159966,0.5106038706166959,0.46408839779005523,0.030835188439181094
kyp6zv55umo,2019-07-01,2.9160000000000004,2.43,0.4860000000000002,52.0,45.0,28.0,181,0.8695950583390528,0.30060512967103514,0.4143646408839779,0.004059552044819557
kzixvabpr9k,2019-07-01,8.28,14.719999999999997,-6.439999999999998,76.0,111.0,31.0,181,0.42093023255813955,0.3441874965187166,0.3425414364640884,0.005842209995262443
l05bk6nmdzz,2019-07-01,1.326,1.0313333333333334,0.29466666666666663,9.0,7.0,0.0,180,0.0,1.1121428234277368,0.9055555555555556,8.12122450456062e-11
l09hhltwzfq,2019-07-01,1.8183333333333331,0.5455,1.2728333333333333,15.0,3.0,5.0,163,3.286290322580645,1.4574456418703294,0.9570552147239264,0.003515057692638454
l10rc5yrx7v,2019-07-01,9.09,9.09,0.0,8.0,7.0,2.0,156,0.5297113752122241,0.5772951653699643,0.8782051282051282,0.0006621143516960115
l3cwx3vnl8z,2019-07-01,0.56,0.36,0.20000000000000007,14.0,9.0,0.0,159,0.0,0.8510347766148386,0.8867924528301887,0.046417861403161745
l3x2a2vsnrh,2019-07-01,2.7408333333333337,1.7875000000000003,0.9533333333333334,60.0,52.0,37.0,181,1.0287250384024578,0.24570168672418202,0.3314917127071823,7.728251795933883e-05
l421p9m57ue,2019-07-01,6.406666666666666,4.1643333333333326,2.2423333333333337,22.0,3.0,2.0,43,2.7741935483870965,3.6055512754639887,0.9767441860465116,
l5w8hi9cjkb,2019-07-01,1.9096666666666668,1.1233333333333335,0.7863333333333333,21.0,14.0,4.0,161,0.6295210166177908,0.9033170050884631,0.84472049689441,0.008974394401797097
l60d1qn3wdl,2019-07-01,12.225500000000002,12.225500000000002,0.0,30.0,31.0,7.0,181,0.4213501829065514,0.6166773178546048,0.7071823204419889,0.009637148199843838
l752fp2cjhx,2019-07-01,12.767,12.767,0.0,38.0,40.0,13.0,176,0.4953453128382767,0.43754568384474996,0.5056818181818182,0.005311855507308392
l7tkq0e424p,2019-07-01,2.856333333333333,2.5966666666666667,0.2596666666666665,20.0,19.0,9.0,179,0.7995037220843673,0.34935124771365067,0.7318435754189944,8.984434908282807e-06
l83vs3957fz,2019-07-01,2.402,2.402,0.0,6.0,5.0,5.0,172,2.7741935483870965,0.7133064582636961,0.9476744186046512,0.0021482215301034907
l880gquvl2g,2019-07-01,3.4695,1.9275,1.542,18.0,14.0,9.0,175,1.154692082111437,0.7420184170623981,0.8285714285714286,0.007538402048919904
l9wur12a5hr,2019-07-01,7.527166666666668,7.527166666666668,0.0,10.0,5.0,3.0,37,1.790322580645161,0.29397236789606557,0.9459459459459459,0.30268364675361875
lb12lnap4gf,2019-07-01,2.7083333333333335,2.7083333333333335,0.0,71.0,71.0,45.0,178,0.8818672244853023,0.14437975442948375,0.30337078651685395,0.002587110788912416
lcoxyvvp67j,2019-07-01,7.474833333333333,7.474833333333333,0.0,9.0,11.0,0.0,181,0.0,0.8697801297959441,0.8287292817679558,0.02811161424479816
lef9j2013im,2019-07-01,15.603500000000002,10.402333333333335,5.201166666666667,38.0,27.0,5.0,175,0.2971137521222411,0.466447494309209,0.64,0.00788153247232402
lglbxjgr8a0,2019-07-01,1.3439999999999999,1.3439999999999999,0.0,24.0,20.0,14.0,177,1.402376910016978,0.44197620937805143,0.7909604519774012,0.00041708845039849517
lgqmrqlwdfc,2019-07-01,28.062999999999974,28.062999999999974,0.0,21.0,21.0,43.0,31,2.8666666666666667,0.03448275862068965,0.5483870967741935,0.36093204764152276
lh2otld7y76,2019-07-01,7.648666666666665,7.648666666666665,0.0,20.0,7.0,0.0,121,0.0,0.7828512625924453,0.9008264462809917,0.015964806221952687
lhgydgzida8,2019-07-01,10.354166666666666,10.354166666666666,0.0,12.0,9.0,1.0,178,0.20506912442396313,0.588624365309233,0.8820224719101124,0.00015951986824097985
ljm722fqjw2,2019-07-01,18.736,18.736,0.0,50.0,20.0,18.0,177,1.6058467741935485,0.6698938799701427,0.7796610169491526,8.224633416540588e-05
ljon9fubuz2,2019-07-01,1.841666666666667,1.841666666666667,0.0,9.0,11.0,1.0,176,0.18314255983350675,0.4700455281217261,0.8409090909090909,0.0007205984345291963
ljqz9dy7hou,2019-07-01,14.475833333333332,8.6855,5.790333333333333,19.0,15.0,9.0,181,1.118050789293068,0.7349670261154373,0.7790055248618785,0.0870903534975731
lkx9r6qzoqh,2019-07-01,3.147666666666667,4.496666666666666,-1.3489999999999993,40.0,46.0,26.0,175,0.9173387096774194,0.4813457083471706,0.6057142857142858,0.0018623426252913613
lmjth7hw93i,2019-07-01,28.45866666666667,28.45866666666667,0.0,2.0,3.0,2.0,149,4.806451612903226,1.6943930305379225,0.9865771812080537,0.00039600975284611516
lmoepu5rebq,2019-07-01,0.9263333333333333,2.779,-1.8526666666666665,3.0,5.0,2.0,181,0.8341013824884793,0.7280511461031017,0.9226519337016574,0.0007262348674561487
ln75f6s19ik,2019-07-01,1.6860000000000002,0.7493333333333334,0.9366666666666668,11.0,5.0,2.0,179,0.8248847926267281,1.3667315806737834,0.9217877094972067,0.5285249094516286
lnywjz24l2v,2019-07-01,10.28625,10.28625,0.0,11.0,15.0,4.0,181,0.44065733414485697,0.43730959133243613,0.7348066298342542,0.005137830446206536
lo31cd8fidc,2019-07-01,20.8445,20.8445,0.0,10.0,11.0,5.0,175,0.7628596338273758,0.6092289965622808,0.8114285714285714,0.0008972076952588499
lq9j9mt1hsy,2019-07-01,2.504166666666667,2.504166666666667,0.0,6.0,7.0,2.0,175,0.6272401433691757,0.7759743890903739,0.8971428571428571,1.9007344387703525e-05
lr8o9s9v1b6,2019-07-01,17.768,17.768,0.0,9.0,9.0,0.0,174,0.0,0.38805385138929605,0.8563218390804598,0.000566485228529876
lsn97uhhpkk,2019-07-01,0.0,0.0,0.0,39.0,29.0,135.0,181,9.16541635408852,1.5997909770534875,0.8729281767955801,0.14630116443095087
lsz6j7maftp,2019-07-01,111.41333333333334,47.35066666666667,64.06266666666667,42.0,19.0,2.0,93,0.3529411764705882,0.8660497477781408,0.9139784946236559,0.005550704893811536
lttjpgyenxs,2019-07-01,5.48,2.74,2.74,14.0,9.0,4.0,165,0.76036866359447,0.44421560995208165,0.8666666666666667,8.659517624260145e-06
ltvexvsc2a3,2019-07-01,51.10999999999996,51.10999999999996,0.0,66.0,61.0,129.0,181,2.8530058651026393,0.3221452747261728,0.32044198895027626,0.001022717778021258
ludcf5ivyhx,2019-07-01,5.3165000000000004,3.7975000000000003,1.5190000000000001,7.0,5.0,0.0,173,0.0,0.9973951505638907,0.9421965317919075,0.018277523580927515
lv7gmha4ku6,2019-07-01,3.073333333333334,1.536666666666667,1.536666666666667,35.0,30.0,25.0,167,1.2024769585253456,0.2775748681492647,0.5449101796407185,0.0038379772506105148
lvd60kgva69,2019-07-01,54.22950000000001,93.19050000000001,-38.961000000000006,39.0,181.0,4.0,164,0.1209216589861751,1.6253480966088907,0.8475609756097561,0.0006111191245486701
lwbalio8six,2019-07-01,26.961000000000002,26.961000000000002,0.0,27.0,28.0,15.0,175,0.8142059553349876,0.2759723787727887,0.5714285714285714,5.178321635461456e-06
lwng1mi4g3u,2019-07-01,2.6000000000000005,2.3000000000000003,0.30000000000000027,132.0,129.0,106.0,181,1.0934685968311868,0.29895911780360207,0.1878453038674033,0.027335356855299815
lxyzrlg15uj,2019-07-01,0.264,1.253999999999999,-0.9899999999999989,57.0,52.0,53.0,181,1.8419738863287252,0.40283321203042727,0.5911602209944752,3.1732079517522626e-05
lzq1mskqwnf,2019-07-01,9.29175,9.29175,0.0,3.0,3.0,1.0,163,2.629032258064516,1.822794734785376,0.9877300613496932,0.00016699748262626865
lzwjoihxreu,2019-07-01,0.634,1.4793333333333334,-0.8453333333333334,5.0,9.0,2.0,169,0.9086021505376344,1.6564017414919274,0.9526627218934911,0.00668989878968112
m0hdrnx0m2p,2019-07-01,16.160833333333333,16.160833333333333,0.0,9.0,7.0,3.0,142,0.7634408602150538,0.6970143299951491,0.8802816901408451,0.00047325824051298794
m1557pjmxfr,2019-07-01,1.3708333333333333,1.3708333333333333,0.0,11.0,19.0,15.0,181,1.7516129032258063,0.687017694556526,0.850828729281768,3.789076712067745e-05
m1v10ljv7b5,2019-07-01,3.4026666666666663,3.4026666666666663,0.0,7.0,5.0,3.0,180,1.2442396313364055,1.2343384986662027,0.9277777777777778,0.0005504955344502558
m2z3ljufrb0,2019-07-01,91.26333333333324,237.28466666666642,-146.0213333333332,145.0,113.0,165.0,89,2.153225806451613,0.1588332706047866,0.2696629213483146,0.08493260041139289
m301wxhzx3n,2019-07-01,4.867666666666667,2.2906666666666666,2.577,19.0,10.0,2.0,170,0.4387096774193548,0.6853915200910149,0.9,0.0010738330698302262
m3g5uw9o9hq,2019-07-01,28.269000000000002,28.269000000000002,0.0,1088.0,1113.0,1015.0,181,0.938743912970164,0.20336127880435173,0.0,0.0008050925416625146
m65aj3j06ss,2019-07-01,2.0400000000000005,2.0400000000000005,0.0,23.0,22.0,15.0,181,1.006674082313682,0.22729492560741846,0.6353591160220995,0.0006078475068634656
m6fc75q2iun,2019-07-01,0.5496666666666666,1.0346666666666666,-0.485,62.0,77.0,45.0,180,0.8738806775272413,0.35487656309939636,0.4388888888888889,0.010942645041062059
m7787awld2l,2019-07-01,1.6645833333333335,3.3487500000000003,-1.6841666666666668,178.0,264.0,93.0,181,0.5451807228915663,0.5919265290557988,0.13259668508287292,0.0037153960657680947
m7npt7nuiel,2019-07-01,27.277666666666672,17.945833333333336,9.331833333333336,55.0,42.0,17.0,169,0.6572866620910546,1.2435312477562803,0.6804733727810651,0.0008249929566901723
m8k7iht95bm,2019-07-01,5.522,5.522,0.0,7.0,7.0,3.0,179,0.7531556802244039,1.075856971009498,0.9050279329608939,0.004717237980686309
m8wjtnbnjkq,2019-07-01,2.2880000000000003,0.8580000000000001,1.4300000000000002,33.0,23.0,17.0,177,1.1286571642910725,0.45190469671142697,0.655367231638418,0.004557514728324632
m9vnyxw21i5,2019-07-01,3.3858333333333337,3.983333333333334,-0.5975000000000001,27.0,30.0,10.0,179,0.5774193548387097,0.5591576588837458,0.6983240223463687,0.012692815155036723
mbbbgz0hup9,2019-07-01,1.8893333333333333,0.0,1.8893333333333333,22.0,18.0,18.0,181,1.7813012575177694,0.3765974202979024,0.7734806629834254,3.319401099620772e-05
mbh9xlfro55,2019-07-01,0.8125,0.8125,0.0,24.0,21.0,21.0,180,1.4870180959874113,0.31054872712113146,0.6777777777777778,0.0005204806442056813
mcqub0x8faz,2019-07-01,1.4320000000000002,1.4320000000000002,0.0,50.0,50.0,26.0,181,0.9036098310291859,0.2477855755903791,0.6629834254143646,1.2707742144654788e-05
mdwyny7ulz3,2019-07-01,3.036,3.036,0.0,18.0,16.0,12.0,178,1.5311827956989246,0.8267967721860028,0.8314606741573034,0.001898164147897315
mef2eh85jdk,2019-07-01,8.928,8.928,0.0,18.0,19.0,1.0,173,0.09001040582726327,0.4867704930862132,0.7341040462427746,0.002131848864114251
methibl1o7o,2019-07-01,0.7198333333333333,0.7198333333333333,0.0,7.0,9.0,9.0,161,1.9475806451612905,0.8032014965123214,0.8757763975155279,0.03637995089990014
mf6lerb825l,2019-07-01,1.998,0.999,0.999,21.0,9.0,3.0,181,0.5838709677419355,0.7631033771023071,0.861878453038674,0.04486468450985323
mflopzwre5j,2019-07-01,4.816,8.427999999999999,-3.611999999999999,52.0,76.0,20.0,179,0.4309099662975445,0.8366163368817956,0.5139664804469274,0.05425226378245411
mg0rxdjla29,2019-07-01,6.233333333333334,4.533333333333334,1.7000000000000002,33.0,27.0,11.0,181,0.5683699685983443,0.2941103310959536,0.6574585635359116,3.716887888017314e-05
mgj604sw6ri,2019-07-01,21.446666666666673,21.446666666666673,0.0,17.0,15.0,3.0,176,0.333965844402277,0.8514080153719391,0.7897727272727273,0.17318607062610192
mgmuh7xpfu6,2019-07-01,1.3860000000000001,2.079,-0.6930000000000001,9.0,11.0,5.0,175,0.8064516129032258,0.585610223405018,0.8342857142857143,0.009289266026247401
mgvij1p7wn5,2019-07-01,4.882666666666666,4.882666666666666,0.0,6.0,5.0,1.0,168,0.41687344913151364,0.4724672439778072,0.9226190476190477,0.00015291101367999977
mhykdya3wti,2019-07-01,8.189333333333334,1.0236666666666667,7.165666666666667,17.0,3.0,1.0,120,0.5529953917050691,0.9554108427295182,0.95,0.001625088864587522
mj0dt9zefjd,2019-07-01,2.6758333333333337,0.32933333333333337,2.3465000000000003,153.0,96.0,88.0,181,1.2749539742255662,0.7846387257784844,0.430939226519337,0.16185853588598242
mmi6chfchff,2019-07-01,2.1146666666666665,1.464,0.6506666666666665,16.0,12.0,3.0,180,0.6006674082313681,0.72726405636972,0.8833333333333333,5.051427587924571e-05
mmk6h854290,2019-07-01,5.4325,5.653333333333333,-0.22083333333333321,123.0,128.0,0.0,122,0.0,0.2063673587621322,0.14754098360655737,0.005447616600325482
mmprt7ke058,2019-07-01,1.8973333333333333,3.0831666666666666,-1.1858333333333333,16.0,21.0,8.0,179,0.6599078341013825,0.5208931924533254,0.7206703910614525,0.001605884261401435
mnozildzdqr,2019-07-01,3.6808333333333336,4.417000000000001,-0.7361666666666671,3.0,7.0,1.0,181,0.3073005093378608,0.8294890534212656,0.9060773480662984,0.00015919344770135913
mnpzyjyyzmd,2019-07-01,10.961,23.504,-12.543000000000001,179.0,290.0,82.0,181,0.4130924879623702,0.884487465700167,0.2596685082872928,0.000252836709764257
mrliyrkmjpo,2019-07-01,21.745333333333335,5.5520000000000005,16.193333333333335,1176.0,1036.0,988.0,181,1.055175628551367,0.3395022268009039,0.03314917127071823,0.020554446388688464
mtno3p0bun7,2019-07-01,2.899,2.23,0.669,31.0,28.0,18.0,180,0.9168081494057726,0.2102504402779006,0.5777777777777777,0.0011364926122441454
mwqdrn1i19v,2019-07-01,12.3725,16.7825,-4.409999999999998,385.0,421.0,284.0,181,0.8341013824884793,0.236720716700212,0.0,0.01624618461589819
mxc9yjictd8,2019-07-01,3.8666666666666667,6.766666666666667,-2.9,33.0,48.0,13.0,180,0.40582726326742974,0.40358737427901487,0.4666666666666667,0.02339349375295087
mzo3jomb0mk,2019-07-01,12.540000000000003,14.107500000000002,-1.567499999999999,43.0,46.0,19.0,181,0.5808140516804593,0.3974215994989751,0.3867403314917127,0.038583125930250955
mzqd24hnb7r,2019-07-01,8.06,10.075000000000001,-2.0150000000000006,6.0,7.0,2.0,180,0.5806451612903226,0.6320879641317333,0.9,0.0001572063884141235
n0ewao2z0va,2019-07-01,2.5269999999999984,0.399,2.1279999999999983,69.0,81.0,72.0,180,1.1944700460829494,0.2774433207010163,0.24444444444444444,0.003048387318074645
n0oqm3lgwuh,2019-07-01,2.5620000000000003,2.5620000000000003,0.0,70.0,92.0,65.0,181,0.9987266553480475,0.3070767749114947,0.22099447513812154,0.04162792837039994
n0p9f3czuvo,2019-07-01,2.972666666666667,0.8493333333333334,2.1233333333333335,25.0,15.0,11.0,31,1.222222222222222,0.05882352941176469,0.7741935483870968,0.46132900348293204
n0xoyyvrx2b,2019-07-01,2.106666666666667,2.106666666666667,0.0,22.0,18.0,14.0,181,1.3623655913978494,0.6402639541524832,0.7734806629834254,0.002425885259911684
n3w3r0gbie6,2019-07-01,3.2086666666666672,3.2086666666666672,0.0,7.0,5.0,6.0,164,2.2672811059907834,0.5998901660196352,0.9146341463414634,0.00042727092014056703
n42kd52zv55,2019-07-01,2.4026666666666667,2.4026666666666667,0.0,5.0,5.0,1.0,181,0.389247311827957,1.1079822844577827,0.9226519337016574,0.02985208790406406
n4iachduehr,2019-07-01,2.158166666666667,1.0321666666666667,1.1260000000000001,50.0,38.0,27.0,180,1.0246679316888045,0.5958191404043235,0.5111111111111111,0.003087361735133852
n4o2yfie18b,2019-07-01,3.966,4.737166666666667,-0.7711666666666668,53.0,60.0,17.0,181,0.3907797815595631,0.35349961769045074,0.35359116022099446,0.0006361268584172515
n4yg5fubk7i,2019-07-01,1.4483333333333335,2.607,-1.1586666666666667,51.0,59.0,41.0,171,1.2029855868222374,0.4390555222462428,0.5087719298245614,0.0013989644271929947
n54vd54uvn5,2019-07-01,7.793166666666666,10.503833333333333,-2.7106666666666666,36.0,44.0,13.0,178,0.4469770137145065,0.4939116996557646,0.4550561797752809,0.005725005064805952
n6bzv1ag23f,2019-07-01,29.348000000000003,5.336,24.012,352.0,145.0,99.0,181,1.1423562412342214,0.9926547848072892,0.48066298342541436,0.000994737131728558
n6dba44xvtb,2019-07-01,19.076000000000004,19.076000000000004,0.0,3.0,3.0,2.0,153,1.4101382488479264,0.7753964595105445,0.9607843137254902,0.0015963156328089566
n6zt84gdj59,2019-07-01,92.358,82.096,10.262,22.0,20.0,4.0,79,0.6795698924731182,0.6141441943540668,0.8860759493670886,0.04091244455485362
n76vwggrg60,2019-07-01,15.876000000000001,15.876000000000001,0.0,8.0,3.0,1.0,163,0.7511520737327189,1.097628260146362,0.9570552147239264,9.004487982963168e-05
nas68j2w11a,2019-07-01,8.541,36.153,-27.612,73.0,309.0,0.0,181,0.0,1.621820997873601,0.3812154696132597,0.01249793233408377
nb09trle6tn,2019-07-01,57.538333333333284,28.769166666666642,28.769166666666642,27.0,32.0,37.0,179,1.9600473512873633,0.6202450628943377,0.6145251396648045,0.0006549295848619022
nc26qytk491,2019-07-01,0.5355,0.5355,0.0,36.0,36.0,33.0,181,1.396213183730715,0.342321518989363,0.5414364640883977,0.0007700585472078044
ncfxillitsl,2019-07-01,45.853833333333334,31.252333333333333,14.601500000000001,266.0,209.0,87.0,181,1.1139643463497455,0.8311611672392814,0.6906077348066298,0.00013815563672737945
nctpirbyghw,2019-07-01,9.637,9.637,0.0,7.0,7.0,1.0,165,0.380184331797235,0.39924464793923786,0.9272727272727272,2.5783220756242995e-05
nd43qn4hlak,2019-07-01,7.86,7.86,0.0,52.0,27.0,36.0,146,2.173697270471464,0.7852059405195863,0.6986301369863014,0.2702150968579645
ne823mbdnh9,2019-07-01,8.796000000000001,8.796000000000001,0.0,26.0,18.0,2.0,151,0.23195084485407066,0.6820990591851966,0.7947019867549668,0.0912675410562313
nerxxxyubnr,2019-07-01,3.4283333333333332,9.77075,-6.342416666666667,58.0,95.0,38.0,181,0.859964991247812,0.630645281503324,0.5027624309392266,0.0011486160763148085
nfd0bzmi7vx,2019-07-01,9.251666666666667,6.344000000000001,2.9076666666666657,61.0,50.0,26.0,178,0.739061002874481,0.30706621599910944,0.39325842696629215,0.020293117825557906
ng2sc1vdl73,2019-07-01,22.873,49.601,-26.727999999999998,98.0,202.0,9.0,181,0.10344170688341378,1.6647925017214442,0.6961325966850829,0.016021830602120625
nghk0vqggg2,2019-07-01,4.455,3.8609999999999998,0.5940000000000003,23.0,21.0,8.0,180,0.5955334987593052,0.45050423762365316,0.6555555555555556,0.0020012904971876467
ngl05qt2q53,2019-07-01,8.783333333333333,8.783333333333333,0.0,9.0,11.0,0.0,174,0.0,0.35821029410805666,0.8333333333333334,0.00026897300670873837
ni6kbz1ocug,2019-07-01,10.846666666666666,9.490833333333333,1.355833333333333,14.0,9.0,6.0,149,1.2016129032258065,0.31531872846897974,0.8859060402684564,0.0063856354522577
njhnwdh3na5,2019-07-01,2.016,3.4560000000000004,-1.4400000000000004,16.0,21.0,9.0,181,0.7506912442396314,0.3956228833897792,0.6850828729281768,0.00037191470224205773
njkrduqiqii,2019-07-01,1.2395,1.2395,0.0,0.0,3.0,0.0,138,0.0,1.4361180186807783,0.9637681159420289,0.03290249182946117
njnjw1b3zp8,2019-07-01,2.122,1.061,1.061,39.0,33.0,27.0,181,1.2921734531993654,0.5198000410092889,0.6022099447513812,0.011344154352286308
nklriogawhs,2019-07-01,9.135,4.9590000000000005,4.175999999999999,64.0,48.0,29.0,181,0.9354838709677419,0.48474545609714376,0.44751381215469616,0.07717953125787276
nlj9otzrbq3,2019-07-01,64.00150000000001,64.00150000000001,0.0,49.0,14.0,6.0,181,0.18834547346514047,1.7793763714738344,0.8784530386740331,9.549595344651481e-05
nlsiso1vdgi,2019-07-01,5.315333333333333,5.315333333333333,0.0,17.0,16.0,2.0,180,0.25245441795231416,0.7479602660362556,0.8388888888888889,0.0005839146702244798
nlxg1gbw481,2019-07-01,1.9868333333333335,2.4453333333333336,-0.45850000000000013,15.0,18.0,2.0,178,0.20879765395894428,0.6610065419777045,0.7808988764044944,0.00223120583420742
nm3ebnrk6km,2019-07-01,2.647166666666667,2.647166666666667,0.0,4.0,5.0,0.0,166,0.0,0.44874399546889526,0.9457831325301205,0.00014774216507154253
nm4eo5iaekj,2019-07-01,22.84733333333333,22.84733333333333,0.0,6.0,3.0,3.0,61,2.951612903225806,0.3711842908553348,0.9672131147540983,0.08309550598644994
nm660f4nzpv,2019-07-01,15.812,8.218666666666667,7.593333333333332,243.0,158.0,66.0,181,0.07420659324276475,1.8905400892337532,0.2541436464088398,0.00011379258195973872
nndflf3bsrw,2019-07-01,3.5293333333333337,3.088166666666667,0.4411666666666667,9.0,3.0,1.0,161,0.8655913978494624,1.010569146570387,0.9627329192546584,0.001465011873679119
nnyseqxlirm,2019-07-01,8.7675,9.519,-0.7515000000000001,65.0,68.0,30.0,107,0.5658381808566896,0.14180197837763117,0.34579439252336447,0.07538588747612521
nnzufyper7d,2019-07-01,1.4050000000000002,0.562,0.8430000000000002,40.0,31.0,25.0,180,1.1898466419883658,0.5246591150104779,0.5722222222222222,0.0003112089150709103
no4tqoqh4gj,2019-07-01,13.156000000000002,13.156000000000002,0.0,20.0,30.0,13.0,170,0.7129032258064516,0.8208221720094332,0.6647058823529411,0.02607818452178788
no8wqed2sr9,2019-07-01,7.123333333333334,7.123333333333334,0.0,20.0,16.0,2.0,136,0.3814866760168303,0.7768554881969159,0.9264705882352942,0.002704263236898813
no9neukmuye,2019-07-01,7.932499999999992,7.932499999999992,0.0,28.0,26.0,34.0,181,1.8046920821114367,0.2986742693556003,0.56353591160221,0.0044714150962604626
nomsg6nclj6,2019-07-01,24.040000000000003,24.040000000000003,0.0,41.0,23.0,9.0,168,0.8409343715239155,0.8682270939560081,0.8452380952380952,0.0007975168895555662
nq2me3svf87,2019-07-01,6.650666666666668,6.650666666666668,0.0,10.0,13.0,7.0,177,0.8503774879890186,0.6219237238323835,0.7740112994350282,0.01309612549889873
nqxoar8arrw,2019-07-01,15.640333333333333,11.171666666666667,4.468666666666666,39.0,35.0,25.0,179,1.1104218362282878,0.32881859526910945,0.6145251396648045,0.0007531057202462211
nr3jz3uldca,2019-07-01,5.7236666666666665,3.7538333333333336,1.9698333333333329,339.0,286.0,185.0,181,0.7804633600596681,0.16623746206147844,0.016574585635359115,0.001245336865958269
nrgvi96wb5p,2019-07-01,1.5668333333333335,1.9355000000000002,-0.3686666666666667,53.0,57.0,36.0,181,0.996177954441217,0.410246081992939,0.5082872928176796,0.0018094620184934537
nryo6vo0t0g,2019-07-01,12.310666666666666,21.104,-8.793333333333333,75.0,115.0,19.0,181,0.22593784902437425,0.3443075345295525,0.2265193370165746,4.7558951167712415e-08
nt4gi3se760,2019-07-01,0.2548333333333333,9.683666666666657,-9.428833333333323,8.0,5.0,7.0,178,3.653958944281525,0.7789404790397312,0.9382022471910112,0.01228413636138691
ntp8lfp9kjv,2019-07-01,21.000000000000004,6.300000000000001,14.700000000000003,30.0,9.0,0.0,104,0.0,0.7841079954329266,0.875,0.03270063646718863
nubjnkgini3,2019-07-01,11.001000000000001,11.001000000000001,0.0,14.0,13.0,4.0,37,0.4774193548387096,0.07612430989385269,0.7297297297297297,0.3709421183984314
nult4xo86g2,2019-07-01,4.0545,4.0545,0.0,4.0,3.0,2.0,166,2.141935483870968,1.217628162944364,0.9698795180722891,2.594920334539839e-05
nuraejg9ce5,2019-07-01,3.8393333333333333,4.43,-0.5906666666666665,20.0,22.0,7.0,143,0.5472936030617823,0.4697960667258073,0.7552447552447552,0.03361949676312509
nv8ngxv9g1x,2019-07-01,11.002166666666668,11.002166666666668,0.0,46.0,79.0,92.0,180,3.0180426462547842,0.6795180887499058,0.6111111111111112,0.00020851096131098052
nvhlb3fzisd,2019-07-01,4.836,4.836,0.0,16.0,15.0,16.0,178,1.9971949509116407,0.29927407786527643,0.797752808988764,0.0025027315726079617
nw31419v44a,2019-07-01,7.1546666666666665,7.1546666666666665,0.0,4.0,3.0,1.0,179,1.924731182795699,1.7795130420052183,0.9832402234636871,0.0009510964274578561
nyavrgocvhn,2019-07-01,14.816666666666666,14.816666666666666,0.0,7.0,3.0,0.0,148,0.0,0.9352038147769096,0.972972972972973,0.00010562593272139524
nyk3kni1o7f,2019-07-01,5.439333333333334,2.4543333333333335,2.9850000000000003,124.0,79.0,42.0,39,1.6011730205278591,0.4564038762651959,0.8717948717948718,0.8360804189105199
o150r2wrpwn,2019-07-01,2.004,2.004,0.0,18.0,18.0,6.0,176,0.6427267194157029,0.2246449774308699,0.7840909090909091,2.7624110662243707e-06
o1ni218wkiy,2019-07-01,62.65249999999994,3.7371666666666665,58.91533333333327,29.0,70.0,53.0,173,1.067776872015838,0.35530318877312494,0.3063583815028902,0.01807775519511354
o524fogvojv,2019-07-01,1.3253333333333333,1.7986666666666649,-0.4733333333333316,27.0,12.0,13.0,152,2.124731182795699,1.1353711350598665,0.8552631578947368,0.16432482859961656
o57bgjalx1j,2019-07-01,49.95733333333328,114.60799999999988,-64.6506666666666,296.0,252.0,330.0,181,1.7249545152626562,0.23956587283258826,0.027624309392265192,0.002978216113198057
o6xktsez0dm,2019-07-01,21.55533333333333,21.55533333333333,0.0,54.0,49.0,54.0,181,1.6252078483538412,0.49136287756019953,0.40331491712707185,0.016889779499773435
o77lqcki0a9,2019-07-01,1.605,1.498,0.10699999999999998,28.0,24.0,13.0,178,0.9103068450039339,0.30991316824482934,0.7191011235955056,0.0001081321002460525
o77pu640cir,2019-07-01,6.7940000000000005,6.7940000000000005,0.0,93.0,109.0,7.0,179,0.13165913628244194,0.8417793287635593,0.6033519553072626,0.0017619832397381518
o7asxz6e0fv,2019-07-01,6.085,6.085,0.0,3.0,3.0,0.0,137,0.0,0.8479570401078773,0.9708029197080292,0.0002775394563284934
o7nmqzuvl78,2019-07-01,3.1295,1.7070000000000003,1.4224999999999999,17.0,12.0,6.0,129,1.1348973607038122,0.4846707408093467,0.8604651162790697,0.004864866745600571
o8xvetnn8cp,2019-07-01,5.514666666666666,0.752,4.762666666666666,70.0,51.0,48.0,180,1.314668289713938,0.3714485749084731,0.42777777777777776,0.0027580641921180673
o95japtta0b,2019-07-01,5.0015,5.0015,0.0,21.0,18.0,17.0,177,1.617741935483871,0.4083213860248787,0.751412429378531,0.03290755719844721
obq8a4g841c,2019-07-01,0.0,32.88266666666664,-32.88266666666664,167.0,123.0,167.0,181,1.8643680996731018,0.2693067382905426,0.14917127071823205,0.0040387242779903664
odurvbu5jsg,2019-07-01,5.228999999999999,3.9701666666666666,1.2588333333333326,135.0,116.0,81.0,180,0.8840650012127091,0.9992382443113398,0.4888888888888889,6.660850419032053e-05
oggfpzs57ip,2019-07-01,1.096,5.205999999999996,-4.109999999999996,16.0,11.0,12.0,168,2.032258064516129,0.7062849541412937,0.8392857142857143,0.01536324126187901
ohhwcr7eibt,2019-07-01,4.048,1.6866666666666665,2.3613333333333335,14.0,7.0,2.0,179,0.5774193548387097,0.84483726243579,0.9050279329608939,0.011222176583057129
oi0yvwhpy37,2019-07-01,5.801333333333328,55.11266666666661,-49.31133333333329,79.0,62.0,81.0,181,1.7197653958944281,0.25269568948978705,0.24861878453038674,0.0017999399241538925
oja7lsryb2l,2019-07-01,3.7510000000000003,2.8985000000000003,0.8525,29.0,24.0,7.0,161,0.48473118279569893,0.4015447487580912,0.7142857142857143,0.006078665952286543
okqlb70k3nd,2019-07-01,7.416,7.416,0.0,28.0,21.0,10.0,175,0.5880376344086021,1.0843959082876635,0.8228571428571428,9.030297737473803e-05
ol5frwtcbio,2019-07-01,6.645833333333333,1.8333333333333333,4.8125,95.0,74.0,66.0,180,1.240212965862825,0.393497671710245,0.36666666666666664,0.0033356248016544222
omtfs7c7xtj,2019-07-01,4.9703333333333335,4.9703333333333335,0.0,12.0,18.0,7.0,181,0.6927282668124658,0.6743964366195575,0.7513812154696132,0.037510327715387766
ondhd1lvs83,2019-07-01,2.2275,1.3365,0.891,5.0,3.0,0.0,167,0.0,1.7653994769139028,0.9820359281437125,0.03122288647496285
oo86qgxgs7m,2019-07-01,1.605,1.391,0.21399999999999997,16.0,14.0,1.0,72,0.14516129032258066,0.5648650592300937,0.8611111111111112,0.036629207832150124
ooxvzf3esbh,2019-07-01,6.1786666666666665,6.1786666666666665,0.0,50.0,50.0,22.0,177,0.8000821861516334,0.36682820889771867,0.536723163841808,0.0037024700692338862
oq3lodvtasu,2019-07-01,2.799,2.177,0.6219999999999999,18.0,10.0,0.0,51,0.0,0.1691810338726602,0.9411764705882353,0.1222424448826584
oqlax65uebn,2019-07-01,0.5459999999999999,0.6824999999999999,-0.13649999999999995,8.0,9.0,4.0,164,0.920056100981767,0.5223254743718925,0.8902439024390244,0.0001242005107668115
oqrl6eew4cp,2019-07-01,1.0485,1.0485,0.0,23.0,32.0,23.0,181,1.2550497437443473,0.8109720671271238,0.6685082872928176,0.10307039946517682
os1kehjm8qi,2019-07-01,3.0040000000000004,5.757666666666667,-2.7536666666666667,77.0,99.0,53.0,181,0.8595878136200716,0.3902421934858314,0.281767955801105,0.00041165921592042036
ot8y037fhvz,2019-07-01,4.405500000000001,2.047,2.3585000000000007,397.0,344.0,298.0,181,1.1254433918958395,0.45619532068635693,0.07734806629834254,0.02503188175267058
outz8ms8vdw,2019-07-01,2.2143333333333333,1.5816666666666668,0.6326666666666665,9.0,7.0,2.0,159,0.5398981324278438,0.6491123317814064,0.9056603773584906,0.011268038874623085
ov5jds1xfak,2019-07-01,2.825166666666667,2.825166666666667,0.0,11.0,11.0,10.0,174,1.4770797962648556,0.44957768976788653,0.7988505747126436,0.0012353532100340316
ovodf94e7wt,2019-07-01,8.516666666666667,8.516666666666667,0.0,11.0,7.0,8.0,98,3.6129032258064515,0.8898862325742585,0.9387755102040817,0.337505911215347
ovqxlm6q9me,2019-07-01,9.708333333333334,9.708333333333334,0.0,51.0,50.0,27.0,181,0.7843042850264805,0.2650634007499861,0.3812154696132597,0.007269464300683342
oxpcfncpr9p,2019-07-01,7.910000000000001,7.910000000000001,0.0,40.0,29.0,24.0,181,0.7699397376816731,1.0542471631716313,0.6187845303867403,0.00035352536316373166
oxtz60tzksq,2019-07-01,16.676,9.727666666666666,6.948333333333332,63.0,24.0,15.0,181,0.9731182795698925,0.6552879565225478,0.7071823204419889,0.23868526192782652
oy9s63wnr3v,2019-07-01,2.891,2.891,0.0,7.0,7.0,2.0,170,0.5772495755517827,0.496214767570459,0.8941176470588236,6.826620628860145e-05
oyis9f6lzre,2019-07-01,6.533333333333332,5.039999999999999,1.4933333333333332,77.0,69.0,42.0,181,0.8147036759189796,0.2326573379702035,0.24861878453038674,0.004084426413034443
ozd9l7qid2z,2019-07-01,28.689999999999976,82.2446666666666,-53.55466666666663,126.0,98.0,141.0,127,1.9782368537339816,0.3281300824029335,0.3543307086614173,0.17065186750776817
ozgh1ow32nd,2019-07-01,3.001916666666667,4.387416666666667,-1.3855,28.0,37.0,18.0,180,0.7573632538569425,0.5888431156417581,0.5722222222222222,0.07750143737770882
ozhvb70kp42,2019-07-01,0.9760000000000001,11.58999999999999,-10.613999999999988,77.0,51.0,61.0,181,1.8079253315867039,0.885717328175848,0.569060773480663,0.12424607462447018
ozmg21l1s2f,2019-07-01,4.817,4.817,0.0,7.0,6.0,1.0,174,0.5102639296187683,1.1303445615930614,0.9540229885057471,0.009548039714847014
ozu80hgo7mn,2019-07-01,1.5418333333333336,1.5418333333333336,0.0,16.0,15.0,13.0,154,1.467741935483871,0.5621802145661242,0.7792207792207793,0.02098635185911032
p0thd2vng07,2019-07-01,18.520833333333336,30.041666666666668,-11.520833333333332,152.0,231.0,25.0,132,0.19354838709677416,0.8382349331877833,0.48484848484848486,1.5528370757459168e-06
p1gsqzl6lvj,2019-07-01,14.269500000000003,21.744000000000003,-7.474500000000001,20.0,35.0,3.0,176,0.13847364280094412,0.8048503854542747,0.6363636363636364,0.19149253456382082
p33yr35x3t6,2019-07-01,26.460000000000004,26.460000000000004,0.0,62.0,24.0,29.0,156,1.847284605961617,0.7961266503768983,0.7115384615384616,0.19486881858992333
p3btr17w4wu,2019-07-01,0.49550000000000005,0.49550000000000005,0.0,25.0,21.0,26.0,45,1.9864176570458405,0.09072184232530288,0.7111111111111111,0.10902737785798838
p4sx5wjiv90,2019-07-01,1.0885,1.0885,0.0,34.0,38.0,55.0,178,2.1053763440860216,0.16145943970388169,0.5,0.0001936468873907316
p4xfpntn3aw,2019-07-01,1.1585,0.8275,0.33100000000000007,28.0,26.0,21.0,181,1.1459149834187516,0.17508062175061348,0.5524861878453039,1.6177899596282623e-05
p5rtc8t4wdy,2019-07-01,4.676,9.686,-5.01,28.0,58.0,0.0,141,0.0,0.8435721808409143,0.5673758865248227,0.1215119979350665
p5u6pt2310q,2019-07-01,0.0,0.0,0.0,29.0,25.0,37.0,181,2.5120030007501875,0.3558919347891836,0.6906077348066298,0.0001010729421950862
p63ivgs50xx,2019-07-01,2.6508333333333334,2.6508333333333334,0.0,7.0,7.0,2.0,164,0.5038402457757296,0.4472135954999581,0.8780487804878049,0.0005131400208945263
p6wh68gayg2,2019-07-01,1.7283333333333337,1.7283333333333337,0.0,16.0,16.0,6.0,181,0.7784946236559139,0.4830960048222139,0.8397790055248618,0.0018415049493126373
p73sdroz103,2019-07-01,4.423666666666667,4.423666666666667,0.0,8.0,7.0,4.0,177,1.1419354838709677,0.2540903024140032,0.8870056497175142,0.0007318403109758822
p77hs8twbna,2019-07-01,2.3085,2.3085,0.0,25.0,22.0,19.0,180,1.239579557810801,0.40151193661527657,0.6277777777777778,0.0007536001822737923
p8wms4y0o8j,2019-07-01,8.589666666666666,31.65233333333333,-23.062666666666665,722.0,918.0,649.0,181,0.8235867378059467,0.22456745249612317,0.0055248618784530384,0.1295654260628306
pakkp9f3k97,2019-07-01,1.2673333333333334,1.2673333333333334,0.0,0.0,3.0,0.0,164,0.0,1.2032940898494708,0.9512195121951219,0.003933398737413781
pb0za1vrto9,2019-07-01,4.477666666666667,1.919,2.558666666666667,11.0,5.0,4.0,160,1.2144212523719164,0.9872210824389092,0.9,0.05188505476872863
pb9m0wee6e6,2019-07-01,8.201666666666668,6.9825,1.219166666666668,99.0,88.0,25.0,180,0.3566616469842276,0.1547963039832314,0.13333333333333333,0.004001683928165101
pc8ktsdugru,2019-07-01,10.871666666666666,4.4475,6.424166666666666,22.0,9.0,0.0,106,0.0,0.5091257368919517,0.8867924528301887,0.2332514992369361
pc9a73jeb6j,2019-07-01,13.771333333333335,13.771333333333335,0.0,0.0,3.0,1.0,159,1.7096774193548387,1.6768209191985077,0.9811320754716981,3.832759584026571e-06
pdhk5727fex,2019-07-01,2.3233333333333337,1.6263333333333336,0.6970000000000001,24.0,21.0,14.0,179,1.092414995640802,0.5990923804440262,0.6759776536312849,0.08453258511018524
pdndf3bcs86,2019-07-01,0.26716666666666666,0.19083333333333335,0.07633333333333331,54.0,52.0,47.0,181,1.230580066541299,0.3470669684374799,0.39226519337016574,0.008847114956701315
pfcpa3chvsr,2019-07-01,2.8035000000000005,0.9345000000000001,1.8690000000000004,17.0,11.0,8.0,169,1.4068678459937565,0.6912517007041283,0.8284023668639053,0.002301937268970718
pfcpcdm2m4s,2019-07-01,1.5971666666666666,1.2086666666666666,0.38850000000000007,72.0,63.0,35.0,181,0.7221019035677648,0.24330878471852566,0.22099447513812154,0.013911426025637056
pfpj8uizwiw,2019-07-01,9.994666666666665,3.7479999999999993,6.246666666666666,8.0,3.0,0.0,145,0.0,1.2142922725624978,0.9655172413793104,0.00011962856131907449
pgiyqxk8j7d,2019-07-01,2.874666666666667,2.874666666666667,0.0,7.0,7.0,5.0,163,1.460573476702509,0.6057817583070441,0.901840490797546,0.000143124935122829
phh04zpphls,2019-07-01,55.12,55.12,0.0,8.0,7.0,3.0,60,1.1612903225806452,0.7322858755638373,0.9333333333333333,0.011367281169323224
pik7y0j4kll,2019-07-01,3.3513333333333337,2.1326666666666667,1.218666666666667,31.0,15.0,9.0,154,0.9719495091164096,0.7358846052326921,0.7922077922077922,0.000896368372747822
pimd3p7orbx,2019-07-01,4.88425,6.9775,-2.0932500000000003,9.0,12.0,2.0,178,0.3377609108159393,0.7144955433697082,0.8707865168539326,0.0018423473795591346
pjat8xoxafz,2019-07-01,34.09816666666667,34.09816666666667,0.0,3.0,5.0,3.0,157,1.2661290322580645,0.8169217191463465,0.9299363057324841,1.734622272636985e-05
pjxz820hcxv,2019-07-01,2.7264999999999997,2.466833333333333,0.2596666666666665,21.0,19.0,0.0,148,0.0,0.41931590707039057,0.7364864864864865,1.2638343144275044e-05
pkm7tneql4o,2019-07-01,4.9275,4.9275,0.0,66.0,75.0,128.0,181,2.965693804403482,0.5910833082899661,0.4143646408839779,0.030802094302319814
pl7ap49lv9q,2019-07-01,9.256166666666669,9.256166666666669,0.0,11.0,11.0,5.0,163,0.7966764418377321,0.38564120086223813,0.7975460122699386,9.189322951076084e-05
plrbjog62pb,2019-07-01,30.189999999999998,45.78816666666666,-15.598166666666664,68.0,99.0,8.0,181,0.1139260424862313,0.3964760832177141,0.26519337016574585,0.010910678646732605
plsqisank6b,2019-07-01,1.387,0.6935,0.6935,14.0,9.0,8.0,169,1.6774193548387095,0.5096875647857348,0.8698224852071006,0.00016312419263896056
pmx3rqy88zf,2019-07-01,6.950833333333327,9.731166666666658,-2.7803333333333304,28.0,26.0,33.0,172,1.9273344651952462,0.28532044986376603,0.5813953488372093,0.002517202141206859
po27f14pffa,2019-07-01,2.625,2.625,0.0,22.0,20.0,3.0,180,0.30033370411568405,0.7602258472903591,0.8277777777777777,0.0020496960056120214
poszmpcoaey,2019-07-01,4.476,2.4245,2.0515,27.0,16.0,3.0,37,0.35806451612903223,0.46779970617450467,0.8108108108108109,0.14173809152367506
pptiu6s6dop,2019-07-01,38.62699999999997,0.214,38.41299999999997,15.0,36.0,34.0,176,1.6498483595257787,0.7263866576941241,0.6761363636363636,0.00954700061702261
ppv5637qln0,2019-07-01,5.210666666666667,4.233666666666666,0.9770000000000003,25.0,18.0,9.0,177,0.8424114225277631,0.5712570341465143,0.751412429378531,0.005538140959739173
prncvnpk5mf,2019-07-01,7.009666666666668,113.59783333333324,-106.58816666666658,124.0,61.0,90.0,153,2.5095680699835974,0.5762157344848424,0.6209150326797386,0.23088778796046777
prx35jido8k,2019-07-01,0.43266666666666664,2.9893333333333305,-2.556666666666664,40.0,25.0,29.0,177,1.4917175239755884,0.7361449089438149,0.7627118644067796,6.766678215193884e-05
psg53lt2kiw,2019-07-01,10.4745,10.4745,0.0,5.0,3.0,0.0,169,0.0,0.7360044673017649,0.9526627218934911,1.0111070787974371e-05
psxvnbu6i43,2019-07-01,12.372666666666667,12.372666666666667,0.0,253.0,761.0,646.0,181,1.0691061370784873,0.3886586338078752,0.281767955801105,0.008350439541257299
pszh69dofcb,2019-07-01,1.6485000000000003,2.799833333333334,-1.1513333333333335,182.0,226.0,119.0,181,0.7133536464198186,0.2549859419935531,0.07734806629834254,0.03001656986507532
ptwbfomvd91,2019-07-01,2.0010000000000003,2.0010000000000003,0.0,14.0,13.0,1.0,180,0.11385199240986717,0.4822518706368155,0.7611111111111111,0.00225152316390582
pvmach777p1,2019-07-01,4.0635,4.0635,0.0,7.0,7.0,0.0,159,0.0,0.7445500226129325,0.9433962264150944,0.0001167755163835137
pway6196sbe,2019-07-01,5.832000000000001,5.103000000000001,0.7290000000000001,24.0,21.0,0.0,175,0.0,0.2811768524521231,0.6571428571428571,0.0004445654891299189
pwedvu96tnj,2019-07-01,4.264,9.730666666666668,-5.466666666666668,41.0,91.0,2.0,181,0.033269001010936494,0.4223407879955004,0.39779005524861877,2.748222436156223e-05
pxfau1k4udf,2019-07-01,13.68266666666667,15.637333333333336,-1.9546666666666663,35.0,39.0,7.0,179,0.4041935483870968,0.8401960285196763,0.7597765363128491,0.0014127963937390867
pxqb1hyo6p6,2019-07-01,1.254,1.1146666666666667,0.1393333333333333,14.0,13.0,5.0,180,0.6311360448807855,0.3182803746383157,0.7833333333333333,1.0216323230689215e-05
q0kcul43mob,2019-07-01,5.875,1.8800000000000001,3.995,39.0,22.0,14.0,179,0.9510436432637571,0.3998133033134911,0.6145251396648045,0.002108944606835727
q1fdroz4t17,2019-07-01,13.211333333333334,12.369,0.8423333333333343,298.0,279.0,0.0,115,0.0,0.158658184610031,0.017391304347826087,0.013860530077612617
q2k1otyfuwy,2019-07-01,2.4073333333333338,3.035333333333334,-0.6280000000000001,23.0,33.0,4.0,98,0.3831867057673509,0.40529705930652027,0.7959183673469388,0.051593271223066416
q2up27z0xz7,2019-07-01,3.4025,3.4025,0.0,9.0,11.0,5.0,174,0.7585004359197908,0.4694754727799541,0.8275862068965517,0.0006807414713872924
q3oi1kdnfq2,2019-07-01,15.666666666666666,16.66933333333333,-1.0026666666666646,325.0,333.0,200.0,181,0.6856969674009811,0.6086972395778747,0.06077348066298342,4.521013953659706e-05
q3yyjblgx0e,2019-07-01,4.7905,10.0165,-5.226000000000001,45.0,69.0,23.0,181,0.5225304380569851,0.7132874989781413,0.5138121546961326,0.007520658661001132
q4ryuxkumhl,2019-07-01,3.857,2.7550000000000003,1.1019999999999999,7.0,5.0,0.0,180,0.0,0.5974006205598166,0.9111111111111111,0.00011209034657933028
q6e0yhjo8na,2019-07-01,4.668,3.630666666666667,1.0373333333333332,9.0,7.0,0.0,169,0.0,0.6769654888025355,0.9112426035502958,8.295174175617411e-06
q6p4tb5e2sw,2019-07-01,3.8715,4.539000000000001,-0.6675000000000004,38.0,43.0,9.0,175,0.31953743152769326,0.6424521931941125,0.5885714285714285,0.010521380238258764
q73ay0d4lz9,2019-07-01,3.5474999999999994,2.7591666666666663,0.7883333333333331,18.0,14.0,0.0,152,0.0,0.5336636887671992,0.8881578947368421,0.0020982881097064117
q7w21kvuzcg,2019-07-01,3.6995000000000005,4.228000000000001,-0.5285000000000002,22.0,25.0,1.0,173,0.06723668869024485,0.21548926369618968,0.6358381502890174,3.3569753688830195e-05
q8535gsccia,2019-07-01,9.6,10.8,-1.200000000000001,154.0,163.0,82.0,181,0.6250315842668238,0.22099019105890952,0.027624309392265192,0.0037197825123193905
q9bx4ma53fo,2019-07-01,4.421166666666667,4.421166666666667,0.0,39.0,36.0,16.0,181,0.6146010186757216,0.5584634123671054,0.5027624309392266,0.036992784407972365
qbf3b52q074,2019-07-01,33.36666666666667,33.36666666666667,0.0,14.0,18.0,3.0,177,0.32940446650124067,0.7450721366977014,0.7627118644067796,0.02858348084686695
qclxtalzrih,2019-07-01,3.680833333333334,3.680833333333334,0.0,16.0,11.0,9.0,160,1.1910669975186106,0.3659684866241176,0.80625,0.0006058780201108094
qdz5lrrmlqw,2019-07-01,9.154000000000002,9.154000000000002,0.0,6.0,6.0,0.0,172,0.0,0.7428626054134099,0.9534883720930233,7.525584877175946e-06
qfuevqhvscb,2019-07-01,50.95066666666667,50.95066666666667,0.0,11.0,6.0,1.0,114,0.40860215053763443,1.0146060156999177,0.956140350877193,0.015311638515057869
qfyykfkh498,2019-07-01,9.008999999999999,15.833999999999998,-6.824999999999999,91.0,116.0,58.0,181,0.7749317191998228,0.1939972767590742,0.2983425414364641,0.0007537447733756793
qij63gh3k4e,2019-07-01,1.31,1.31,0.0,6.0,3.0,2.0,144,0.7741935483870968,1.334018379131959,0.9513888888888888,0.0004566427095825401
qirbrbyfx24,2019-07-01,13.699,10.094,3.6050000000000004,23.0,18.0,4.0,180,0.4147465437788018,0.7055122289382336,0.8111111111111111,0.012377462944773415
qj7600cur0f,2019-07-01,5.922000000000001,5.922000000000001,0.0,23.0,25.0,6.0,169,0.36344086021505373,0.4002719352316423,0.6923076923076923,0.014377761512895998
qjfcrdtmsrh,2019-07-01,132.81269333333336,132.81269333333336,0.0,65.0,46.0,135.97,177,3.8501529394449383,0.32123279256994125,0.15819209039548024,0.01590415297996827
qkkcjll6act,2019-07-01,1.155,1.54,-0.385,7.0,9.0,1.0,163,0.2022332506203474,0.525864244006949,0.8650306748466258,0.0002147060692857278
qkm24vsqhuf,2019-07-01,3.74325,3.74325,0.0,34.0,36.0,35.0,100,1.4855687606112056,0.19595401302829574,0.49,0.013720888205697852
qkrp6jrj4aa,2019-07-01,1.9131666666666667,2.2075,-0.29433333333333334,37.0,39.0,24.0,175,0.8972441785943174,0.25718031719602635,0.4742857142857143,0.0006886641619050052
qlpfuzislfz,2019-07-01,2.667166666666667,2.667166666666667,0.0,16.0,14.0,11.0,181,1.3962131837307152,0.5368240838613565,0.8011049723756906,0.0026965782831972394
qltuhbqe0vb,2019-07-01,3.9208333333333334,2.3525,1.5683333333333334,9.0,3.0,4.0,180,5.806451612903225,1.557312129542336,0.9777777777777777,0.00024286326032411202
qm11nzjz0oy,2019-07-01,1.328,1.7706666666666668,-0.44266666666666676,8.0,9.0,5.0,180,1.1166253101736974,0.8760928172210346,0.8833333333333333,0.002212045529969744
qmzj8bpqal5,2019-07-01,3.518666666666667,20.609333333333336,-17.090666666666667,122.0,190.0,108.0,181,0.734086897743062,0.2796205261651322,0.0718232044198895,0.010484312489160793
qnhlb3zqucp,2019-07-01,1.978166666666667,1.6738333333333337,0.30433333333333334,19.0,17.0,6.0,176,0.597623089983022,0.2861409662426972,0.7443181818181818,0.00031568268895612486
qnzz3hh4jej,2019-07-01,26.740000000000006,26.740000000000006,0.0,8.0,3.0,0.0,87,0.0,7.54983443527075,0.9885057471264368,
qp23rykghp2,2019-07-01,1.6075,10.180833333333323,-8.573333333333323,11.0,7.0,8.0,179,2.008415147265077,0.815564761873714,0.8770949720670391,0.01881180928467873
qpx7fvn2gwr,2019-07-01,4.017,4.017,0.0,13.0,3.0,1.0,145,0.46774193548387094,1.0796610248638503,0.9517241379310345,0.00014359885213379722
qq3ikd28qf8,2019-07-01,3.6766666666666663,4.412,-0.7353333333333336,13.0,15.0,3.0,176,0.32754342431761785,0.31223227246944435,0.7272727272727273,0.00041374025574442244
qqcjkjbh4wx,2019-07-01,28.64,21.48,7.16,13.0,10.0,1.0,178,0.239247311827957,0.8526143409361855,0.9044943820224719,0.002871260388273512
qqurosa4ee3,2019-07-01,1.9160000000000001,1.2773333333333334,0.6386666666666667,8.0,6.0,2.0,129,0.9247311827956989,0.6087686763156438,0.9534883720930233,0.00011499857790004655
qscfwj0tdht,2019-07-01,3.3261666666666674,3.3261666666666674,0.0,6.0,3.0,6.0,157,3.376344086021505,0.9018044047307051,0.9554140127388535,0.00011162323800254516
qtekfijfr87,2019-07-01,7.632833333333334,7.632833333333334,0.0,36.0,35.0,17.0,181,0.7192613370733987,0.3912369384782008,0.585635359116022,9.980414742350322e-05
qwhpv606396,2019-07-01,11.747500000000002,11.747500000000002,0.0,5.0,3.0,2.0,146,1.8838709677419356,1.36,0.9726027397260274,0.0008184241768837934
qxmzhs8ac4c,2019-07-01,9.431333333333333,8.252416666666667,1.178916666666666,10.0,9.0,2.0,181,0.48655913978494625,0.5000479976962212,0.8895027624309392,1.3820694226091665e-06
qxs7xw7ogqs,2019-07-01,0.46199999999999997,0.46199999999999997,0.0,11.0,11.0,10.0,176,1.7741935483870968,0.28500301396446076,0.8465909090909091,2.1977749580593044e-05
qyip6iai67s,2019-07-01,3.946250000000001,3.587500000000001,0.3587500000000001,39.0,36.0,6.0,181,0.25203063355766997,0.28927186577325736,0.5303867403314917,9.972744987913437e-05
qzin2ahgksv,2019-07-01,39.928000000000004,112.65400000000001,-72.726,49.0,100.0,21.0,181,0.4087096774193548,1.199941380669975,0.5911602209944752,0.04110879015909341
r0bsmqc1ppy,2019-07-01,2.89,4.590000000000001,-1.7000000000000006,59.0,69.0,42.0,181,0.9968528717545239,0.3341328028796265,0.5524861878453039,0.002261812189790602
r0vyb1jdw4n,2019-07-01,5.105833333333333,2.3208333333333333,2.7849999999999997,21.0,15.0,10.0,176,1.1354838709677417,0.4162324125969725,0.7784090909090909,0.004190201510485041
r1xh37labnq,2019-07-01,1.4175,1.4175,0.0,16.0,14.0,4.0,180,0.5806451612903226,0.2875322037745879,0.8277777777777777,5.857888730374334e-08
r298qnh1vp7,2019-07-01,2.0133333333333336,2.0133333333333336,0.0,9.0,9.0,7.0,170,1.476426799007444,0.4674537893094756,0.8705882352941177,7.251395016307688e-05
r2e6ucxfd15,2019-07-01,42.078666666666635,38.2533333333333,3.825333333333333,35.0,36.0,46.0,179,1.9821858449687049,0.16769775618966423,0.5195530726256983,0.00015991498801391877
r3i3i7tazh2,2019-07-01,2.0625,2.0625,0.0,15.0,14.0,0.0,155,0.0,1.0977808970896623,0.8903225806451613,0.0008436338881126874
r3ibo0orboi,2019-07-01,138.69999999999985,161.8166666666665,-23.116666666666646,73.0,68.0,103.0,178,2.248742794063535,0.4611892428063216,0.38202247191011235,0.0015625790376662236
r5w4qk6ynix,2019-07-01,2.8139999999999996,2.545999999999997,0.26800000000000246,52.0,30.0,31.0,175,1.9886363636363635,0.759402347593275,0.68,0.31738325905977993
r5wd9k0azok,2019-07-01,6.7575,6.7575,0.0,12.0,13.0,12.0,177,1.3703225806451613,0.4115426648411222,0.7570621468926554,0.012074083492579938
r6gtxjl6iug,2019-07-01,30.049000000000003,22.348000000000003,7.7010000000000005,200.0,149.0,1.0,180,0.008878366380585973,0.25573367078015824,0.1,0.021520235051756886
r7lfcl63dlc,2019-07-01,1.6400000000000001,0.656,0.9840000000000001,21.0,15.0,11.0,180,1.1827956989247312,0.8748155523334628,0.7777777777777778,0.016577783962013825
r7n15vej0cd,2019-07-01,11.188666666666668,11.188666666666668,0.0,10.0,9.0,3.0,179,0.6662531017369726,0.6723948518022883,0.8715083798882681,0.00011841990495216997
r8uymqq4gyv,2019-07-01,14.449000000000002,14.449000000000002,0.0,8.0,3.0,1.0,181,0.48655913978494625,0.9324270855941934,0.9502762430939227,1.4426326711405824e-05
r96zz2ebndx,2019-07-01,2.7266666666666666,1.4996666666666667,1.2269999999999999,20.0,9.0,0.0,135,0.0,0.8625821630986675,0.8666666666666667,0.056189774012770324
r9d2c7eefsy,2019-07-01,7.652833333333335,7.652833333333335,0.0,11.0,9.0,3.0,175,0.8064516129032259,0.6272785613702158,0.8971428571428571,0.0004133239403383077
ra2zo1dzt17,2019-07-01,5.662,3.7746666666666666,1.8873333333333333,16.0,5.0,4.0,153,1.2338709677419355,0.9039736729920028,0.9084967320261438,0.0026645543627283916
rays16href4,2019-07-01,2.115,2.115,0.0,54.0,54.0,39.0,181,1.1737612238111075,0.5937847520489796,0.5414364640883977,0.003945220024103814
rbk4hsfccr4,2019-07-01,6.085,6.085,0.0,23.0,19.0,4.0,181,0.26241391808626313,0.5255487060184413,0.7016574585635359,0.0007886623936681578
rbzgsdg0ryt,2019-07-01,3.57,3.57,0.0,6.0,7.0,1.0,180,0.27649769585253453,0.4541098923205112,0.9055555555555556,2.288195965535614e-06
rc378u6xaqj,2019-07-01,7.606666666666667,7.606666666666667,0.0,4.0,3.0,0.0,162,0.0,0.9551202909702309,0.9691358024691358,2.2982491509109415e-05
rcenzc3ev7z,2019-07-01,1.0515,12.734833333333334,-11.683333333333334,78.0,178.0,69.0,181,0.65507474429583,1.4002211304467302,0.48066298342541436,0.001521407197454562
rcu2hwo0v4n,2019-07-01,8.4765,8.4765,0.0,9.0,10.0,1.0,180,0.3415559772296015,0.7743793480387658,0.9277777777777778,0.0007256418572225787
rcw5vyziwq7,2019-07-01,1.4240000000000002,2.729333333333334,-1.3053333333333337,24.0,60.0,14.0,181,0.31682920730182546,0.3762903656016143,0.3701657458563536,0.003246230752342746
rex0qguzmpq,2019-07-01,3.916333333333333,3.6636666666666664,0.2526666666666668,31.0,29.0,0.0,115,0.0,0.3264087788316337,0.6,0.027977661114606072
rf31xi3vvk3,2019-07-01,6.170000000000002,6.170000000000002,0.0,7.0,7.0,2.0,158,0.5096774193548387,0.5121885451278915,0.8734177215189873,0.0018398684305619654
rfsisyfyu1f,2019-07-01,35.685,35.685,0.0,34.0,14.0,1.0,166,0.15299539170506912,0.8216416291557005,0.8734939759036144,0.0019432172250999852
rfwburmkfdy,2019-07-01,8.549999999999994,35.90999999999997,-27.359999999999975,272.0,256.0,277.0,181,1.446621270702291,0.499912221505268,0.19337016574585636,0.18513940847114035
rh9q7gwbs0r,2019-07-01,1.9973333333333336,2.710666666666667,-0.7133333333333334,68.0,73.0,54.0,181,1.0203570310053243,0.2621160442401759,0.27624309392265195,1.6049788661853897e-05
rilt8nrf54t,2019-07-01,19.443333333333335,6.140000000000001,13.303333333333335,21.0,7.0,2.0,30,0.6451612903225806,0.0,0.9333333333333333,0.3279883961971668
riw6k8n8me4,2019-07-01,41.31549999999996,55.08733333333328,-13.77183333333332,24.0,17.0,30.0,152,2.775410833840536,0.5953012756709221,0.743421052631579,0.021915382747797963
rizblmtg1lt,2019-07-01,190.73149999999984,231.86966666666646,-41.13816666666662,30.0,19.0,81.0,116,6.448867536032944,0.48105826660392786,0.7241379310344828,0.2718750270216006
rjzd6eva3zv,2019-07-01,3.405666666666667,2.804666666666667,0.601,18.0,15.0,1.0,131,0.09827456864216054,0.5196191354371464,0.7099236641221374,0.0008019077390135259
rliwjw1d7yz,2019-07-01,9.788333333333334,14.682500000000001,-4.894166666666667,38.0,45.0,24.0,181,0.7375212224108658,0.3101726482776571,0.425414364640884,0.003722784878404076
rn4cmxkc4oa,2019-07-01,21.710666666666647,18.996833333333317,2.71383333333333,78.0,79.0,86.0,181,1.379475363346331,0.13409179790246836,0.16022099447513813,0.0001687086187243188
rn7g2k07poc,2019-07-01,1.532,1.532,0.0,6.0,7.0,3.0,148,0.9548387096774192,0.6015608478131833,0.918918918918919,0.0029511156503825285
rnbvvc4kkw3,2019-07-01,3.7515000000000005,15.646499999999987,-11.894999999999987,133.0,83.0,92.0,176,1.5638400618118602,0.41412199171289393,0.3409090909090909,0.10196265425847545
ro3olpa58a4,2019-07-01,29.733333333333334,13.082666666666666,16.650666666666666,132.0,76.0,32.0,114,0.6881720430107526,0.92859011679665,0.5175438596491229,0.4312817171608271
ro450z22pw2,2019-07-01,2.6074999999999995,1.2168333333333332,1.3906666666666663,34.0,26.0,19.0,176,1.284178187403994,0.46764193660648024,0.6704545454545454,0.0003450823990542246
rojanfalp4n,2019-07-01,3.9315000000000007,3.9315000000000007,0.0,6.0,3.0,0.0,168,0.0,0.9852581442556363,0.9702380952380952,4.168680127642762e-05
ronjg6rk8o7,2019-07-01,1.9413333333333336,1.4186666666666667,0.5226666666666668,26.0,19.0,0.0,60,0.0,0.24348083043988678,0.7333333333333333,0.15783901531394173
rprxjn12bsb,2019-07-01,2.861333333333334,2.503666666666667,0.3576666666666668,36.0,35.0,28.0,181,1.1846657316503038,0.288123552035331,0.49171270718232046,0.0026256266553106584
rq25y2ei1qw,2019-07-01,3.03,3.4339999999999997,-0.4039999999999999,31.0,33.0,16.0,178,0.8749615975422427,0.5418255210089606,0.6573033707865169,6.496862718754295e-05
rq2lbqjhwae,2019-07-01,3.3093333333333335,2.8956666666666666,0.41366666666666685,8.0,7.0,0.0,158,0.0,0.43677137127933513,0.9367088607594937,1.7936671897423216e-05
rqbgvpzzxye,2019-07-01,2.599,2.599,0.0,18.0,14.0,2.0,174,0.24946236559139784,0.6883484202401393,0.8275862068965517,0.013808358622204643
rqyv4g3cz63,2019-07-01,5.2065,4.272,0.9344999999999999,39.0,32.0,0.0,165,0.0,0.5440389735376474,0.696969696969697,0.010261321928413726
rr4gzpoej32,2019-07-01,10.126666666666667,10.126666666666667,0.0,7.0,7.0,5.0,181,1.946236559139785,0.6450276523248147,0.9281767955801105,0.0001065680758886858
rrq3kvbh7me,2019-07-01,1.3243333333333334,1.5526666666666666,-0.22833333333333328,54.0,59.0,25.0,181,0.6211393273850377,0.24359043522848264,0.4143646408839779,1.620206548211686e-05
rsexscycgjd,2019-07-01,13.105000000000002,4.368333333333334,8.736666666666668,15.0,5.0,0.0,124,0.0,1.3740451229854134,0.9354838709677419,0.2104488110080161
rswl3bfbx1w,2019-07-01,1.6366666666666667,2.127666666666667,-0.4910000000000001,29.0,32.0,19.0,181,1.0085043988269795,0.38152522752901863,0.6022099447513812,0.00021560201944076227
rt3k6xlj9nf,2019-07-01,6.174,17.37866666666665,-11.20466666666665,133.0,102.0,106.0,181,1.2813731383156348,0.2321537301042859,0.13259668508287292,2.3584235798822704e-05
rtc397hfp5z,2019-07-01,6.218333333333333,3.1091666666666664,3.1091666666666664,25.0,18.0,11.0,175,1.0015608740894903,0.8993102706751286,0.8057142857142857,0.0004718644412149373
rtdzwzv1f7w,2019-07-01,31.184666666666665,31.184666666666665,0.0,27.0,24.0,15.0,45,1.0368663594470047,0.09797958971132713,0.7111111111111111,0.25920042781386143
rv3low0g1s5,2019-07-01,2.431,0.884,1.5470000000000002,63.0,56.0,52.0,181,1.4738490447854682,0.2992595553704415,0.580110497237569,1.8084877629074843e-05
rvy1hx9r1ky,2019-07-01,3.562499999999997,7.124999999999994,-3.562499999999997,41.0,36.0,46.0,180,1.949611490463857,0.30999068749197567,0.6166666666666667,0.002278824603911852
rx6yxaegf7t,2019-07-01,28.873666666666665,28.873666666666665,0.0,6.0,5.0,4.0,156,2.012903225806452,0.9249414431454099,0.9487179487179487,0.0017839978969545057
ryfuu3gzva5,2019-07-01,2.9766666666666635,0.06266666666666666,2.9139999999999966,43.0,50.0,48.0,181,1.4987062273589788,0.6084176562313733,0.4972375690607735,0.017506996063437436
rypo8y0fjbo,2019-07-01,1.3479999999999999,1.3479999999999999,0.0,17.0,17.0,12.0,179,1.13590692755156,0.48268340719675196,0.7318435754189944,0.00039040334654941427
ryv2hoyhz9a,2019-07-01,4.73,4.73,0.0,66.0,107.0,21.0,181,0.3453884597910041,0.30851965216674737,0.3149171270718232,8.184781602430998e-05
ryzmgat3by0,2019-07-01,1.417,8.974333333333325,-7.557333333333325,86.0,53.0,80.0,178,2.285347456267052,0.4739699928183493,0.5112359550561798,0.015040412363307982
s0rh3nq7ipa,2019-07-01,19.685,19.685,0.0,10.0,5.0,1.0,116,0.5345622119815668,0.9241373290351378,0.9396551724137931,8.41222407877748e-07
s180qe7oipc,2019-07-01,5.415666666666667,8.510333333333334,-3.094666666666667,14.0,22.0,0.0,181,0.0,0.82700900965687,0.7955801104972375,0.000934677412327455
s2e8ub1p20e,2019-07-01,1.6835,0.8633333333333333,0.8201666666666667,210.0,191.0,171.0,179,1.519057071960298,0.5858652143443381,0.3128491620111732,0.011968388108684927
s2qa3zl2ixs,2019-07-01,1.404,0.9359999999999999,0.46799999999999997,6.0,5.0,3.0,178,1.0132827324478177,0.49845805141404054,0.9044943820224719,3.689291483101742e-05
s3dtch31hq0,2019-07-01,2.2251666666666665,1.1981666666666666,1.027,20.0,7.0,7.0,160,2.007168458781362,1.6833275578993334,0.9125,0.1287944245925301
s5i3i2zojie,2019-07-01,6.5385,6.5385,0.0,4.0,5.0,1.0,76,0.6129032258064516,0.4829452884162951,0.9473684210526315,0.005998066674169275
s64mpfnqqdt,2019-07-01,0.9640000000000001,11.447499999999991,-10.48349999999999,35.0,22.0,27.0,178,2.27988614800759,0.5667248817990277,0.7528089887640449,0.014436533520459737
s69lqzjhum5,2019-07-01,3.0431666666666666,2.8829999999999996,0.160166666666667,22.0,21.0,3.0,178,0.2100708103855232,0.4984066955647784,0.6741573033707865,0.002137019487155777
s6im8utal75,2019-07-01,0.643,24.43399999999998,-23.79099999999998,19.0,13.0,17.0,176,1.969716919025675,0.37714592419132215,0.7784090909090909,0.004024593141502036
s6nmf9ncaiq,2019-07-01,4.5520000000000005,4.5520000000000005,0.0,11.0,11.0,5.0,180,0.6598240469208211,0.8407985649002252,0.8055555555555556,0.1042413619452146
s6xlflk7b6g,2019-07-01,8.559000000000001,8.559000000000001,0.0,12.0,14.0,0.0,98,0.0,0.7032535095399047,0.8673469387755102,0.051075219600990415
s72am8azm8f,2019-07-01,19.180000000000003,21.14,-1.9599999999999973,380.0,394.0,243.0,181,0.7817115435883764,0.2192677721654473,0.016574585635359115,0.012190067688459484
s7ay25e1v5l,2019-07-01,22.104,22.104,0.0,0.0,3.0,1.0,173,1.3951612903225807,1.3934949784077608,0.976878612716763,0.007537591408042897
s7cihvs286n,2019-07-01,2.673,2.673,0.0,18.0,25.0,31.0,179,1.8645833333333333,0.7135327106904015,0.659217877094972,0.02896494310753732
s7usauuogef,2019-07-01,0.44416666666666665,0.44416666666666665,0.0,9.0,9.0,8.0,107,1.6242884250474383,0.25624257033023234,0.8411214953271028,0.004001092430962058
s7vwnx2a6j4,2019-07-01,6.539,3.521,3.018,37.0,25.0,11.0,179,0.7057347670250896,0.34877213488710795,0.6312849162011173,0.0250614626229619
s85dr4p55d8,2019-07-01,6.9239999999999995,6.9239999999999995,0.0,7.0,7.0,3.0,176,0.896434634974533,0.7650349854317505,0.8977272727272727,0.0003648453239218677
s8g9xr31doc,2019-07-01,10.152000000000001,10.152000000000001,0.0,9.0,11.0,9.0,126,1.3548387096774195,0.5794407637979431,0.8015873015873016,0.05609123998923665
s8ucardnyek,2019-07-01,2.5386666666666664,2.38,0.1586666666666665,35.0,34.0,19.0,181,0.9019145030159978,0.5421789169802895,0.6574585635359116,0.00011794058663298404
s95pn2fup9z,2019-07-01,32.25933333333333,5.1321666666666665,27.127166666666664,44.0,7.0,0.0,177,0.0,1.6860625781814442,0.943502824858757,0.19321991760374468
s9dhkmhe470,2019-07-01,1.2380000000000002,0.30950000000000005,0.9285000000000001,8.0,5.0,4.0,114,1.337243401759531,0.7408789426139654,0.9122807017543859,0.01715348759885257
s9onhvwl53e,2019-07-01,24.674666666666646,0.0,24.674666666666646,0.0,3.0,3.0,181,4.379032258064516,1.3384266570258094,0.9779005524861878,0.002648692433487166
sbi9czyvrc2,2019-07-01,12.244,12.244,0.0,23.0,16.0,5.0,180,0.5376344086021505,0.6346379374662963,0.8055555555555556,0.0006292110702641058
sblmz64pokl,2019-07-01,0.9521666666666666,0.45966666666666667,0.49249999999999994,32.0,16.0,3.0,151,0.5038932146829811,0.6547548223882328,0.9205298013245033,0.00026709725717517866
sbpiox2admu,2019-07-01,21.355999999999977,16.01699999999998,5.338999999999995,50.0,52.0,58.0,181,1.567801672640382,0.3064972984067174,0.3867403314917127,0.000890820530739398
sc47h88jxdh,2019-07-01,3.712333333333333,6.220666666666666,-2.5083333333333333,43.0,106.0,44.0,179,1.7521690767519467,0.6954587861096323,0.7877094972067039,0.0001440022643391196
sc8h9brb1l7,2019-07-01,0.978,0.326,0.6519999999999999,34.0,24.0,22.0,171,1.555831265508685,0.6252348483818817,0.7485380116959064,0.0038338418338954116
scv3m02vo2j,2019-07-01,2.033,2.033,0.0,14.0,11.0,17.0,86,2.482173174872665,0.43843503867092326,0.8023255813953488,0.22761108452041262
sdquri9k6xw,2019-07-01,14.583333333333334,9.895833333333325,4.687500000000009,58.0,29.0,30.0,174,0.9567448680351905,0.9563035653905495,0.6264367816091954,0.00012386641427838404
sezh6rikrqk,2019-07-01,6.328833333333335,7.429500000000002,-1.1006666666666671,31.0,35.0,8.0,172,0.32879330943847074,0.4006608015757025,0.4883720930232558,0.03985681691146953
sfzuual4byl,2019-07-01,10.049166666666666,10.049166666666666,0.0,10.0,14.0,6.0,156,1.3127629733520336,0.5825995919578358,0.8974358974358975,0.00010341367977612434
sh5tbw1ugx5,2019-07-01,4.285333333333334,1.0713333333333335,3.2140000000000004,33.0,21.0,17.0,51,1.2712609970674484,0.19114887819374837,0.6862745098039216,0.20626894640455795
shemso7s7xy,2019-07-01,7.709333333333334,7.709333333333334,0.0,18.0,14.0,1.0,178,0.13671274961597543,0.37139947687366126,0.8089887640449438,8.616315220747988e-05
shq68xeyh1k,2019-07-01,1.085,1.085,0.0,36.0,38.0,29.0,172,1.1173835125448028,0.30867291626600046,0.5348837209302325,0.0003094232028873183
shxywzq3suv,2019-07-01,0.8250000000000001,0.495,0.33000000000000007,50.0,48.0,45.0,172,1.5802368313597388,0.4517405283541137,0.5813953488372093,0.0027785667406473678
sindmz0kc3l,2019-07-01,32.656,6.594,26.061999999999998,776.0,610.0,568.0,181,1.1579563885384754,0.29146592003380317,0.0,0.01099699999460274
sirghdeuuae,2019-07-01,32.034,53.952,-21.918,148.0,200.0,72.0,136,0.6433217265619867,1.0818741538413124,0.3382352941176471,0.012174907106251113
siwf0wjg4vg,2019-07-01,9.033500000000002,9.033500000000002,0.0,5.0,5.0,0.0,156,0.0,0.4232089589876021,0.9294871794871795,0.00044041306863138856
skp62px8eii,2019-07-01,44.982,44.982,0.0,24.0,19.0,11.0,151,0.7997111218103033,0.7009732901147169,0.7284768211920529,0.04463359782970441
sldylog4xuq,2019-07-01,6.890666666666667,6.890666666666667,0.0,144.0,100.0,145.0,181,1.8525446460083292,0.20672065203561446,0.16022099447513813,0.05893414908505514
sltbzns1ozr,2019-07-01,7.392000000000001,7.392000000000001,0.0,17.0,18.0,6.0,172,0.6527514231499051,0.5215846278914611,0.8255813953488372,0.00030854047179894155
slwf3djr1aq,2019-07-01,4.751666666666667,5.226833333333334,-0.4751666666666674,9.0,11.0,0.0,180,0.0,0.33483621184500506,0.8333333333333334,0.00031361788376627054
snuqs2jp7cj,2019-07-01,0.5745,0.5745,0.0,7.0,14.0,5.0,163,0.7105492589363557,0.6997210627170327,0.8343558282208589,0.017250376897614453
sojguzn5n1y,2019-07-01,56.94133333333334,56.94133333333334,0.0,13.0,9.0,8.0,130,1.5975422427035328,0.6449751464424957,0.8769230769230769,0.024884148095060513
spnvnr14hl0,2019-07-01,3.24,3.24,0.0,3.0,3.0,2.0,137,1.4731182795698923,0.8803899733585747,0.9635036496350365,0.0011050857325267955
sqerjw0a7vo,2019-07-01,21.313333333333336,21.313333333333336,0.0,16.0,11.0,1.0,105,0.14112903225806453,0.40577069251118,0.8095238095238095,0.026390208954230773
srmsqmx55m3,2019-07-01,3.837166666666667,3.837166666666667,0.0,21.0,21.0,14.0,177,1.095006628369421,0.31901648008526595,0.6779661016949152,0.0008201180897434127
srpuhjgxqiy,2019-07-01,0.5750000000000001,2.8750000000000004,-2.3000000000000003,2.0,10.0,0.0,178,0.0,1.7750396658204577,0.949438202247191,0.006271775378028199
ss5hlqjr2fq,2019-07-01,7.749,7.749,0.0,10.0,9.0,1.0,104,0.19734345351043642,0.8483502044474192,0.8846153846153846,0.08091764605964341
ss7o9g5aqsr,2019-07-01,4.78,3.5850000000000004,1.1949999999999998,27.0,20.0,7.0,126,0.6616654163540885,0.7395598000557915,0.7936507936507936,0.0021600773244443653
ssxm8lq45hq,2019-07-01,3.7710000000000004,3.7710000000000004,0.0,11.0,11.0,5.0,178,0.8699902248289344,0.7727165736126314,0.848314606741573,0.010186979282312183
stezuqbtana,2019-07-01,11.837500000000002,11.837500000000002,0.0,8.0,5.0,2.0,166,0.7139784946236559,0.6701267214543803,0.9096385542168675,2.8409238525486897e-05
sutn2jnovny,2019-07-01,1.6816666666666669,0.0,1.6816666666666669,14.0,9.0,9.0,167,1.671857619577308,0.5085995788962754,0.8682634730538922,2.22524234086316e-05
suwqatx0vf6,2019-07-01,23.7125,23.7125,0.0,0.0,3.0,0.0,137,0.0,2.469887855907884,0.9854014598540146,0.0008314942580384489
svm0guwd0lt,2019-07-01,45.222833333333334,32.88933333333333,12.3335,13.0,3.0,2.0,157,2.532258064516129,1.9873185100034318,0.9808917197452229,0.00010899835295519478
swii99814mc,2019-07-01,0.3701666666666667,0.3701666666666667,0.0,19.0,17.0,38.0,76,3.881720430107527,0.30507084006969865,0.7368421052631579,0.3040347823910594
sz1e58xaur4,2019-07-01,0.2225,29.59249999999997,-29.36999999999997,35.0,27.0,34.0,179,2.00329163923634,0.476887853257726,0.6312849162011173,0.010571289267695815
t0chze7rg87,2019-07-01,5.593500000000001,4.181,1.4125000000000005,185.0,71.0,86.0,180,0.3431992018623212,1.709702101943086,0.45555555555555555,0.00011779723195094486
t2jllg00mz4,2019-07-01,3.5403333333333338,1.6340000000000003,1.9063333333333334,45.0,31.0,19.0,181,0.9322309568988886,0.5047763725717057,0.6187845303867403,0.01481747547877257
t4aer637pyn,2019-07-01,4.741,4.741,0.0,7.0,7.0,1.0,170,0.27419354838709675,0.6213300756546041,0.9058823529411765,0.0006379431057976186
t4d6zu1vn7u,2019-07-01,2.157,2.157,0.0,0.0,3.0,0.0,148,0.0,3.304919858953024,0.972972972972973,3.002590589917275e-06
t50ayjodadx,2019-07-01,17.7155,4.8315,12.883999999999999,11.0,3.0,0.0,135,0.0,1.1865730105952559,0.9555555555555556,0.006800999038236618
t68wp8ymln4,2019-07-01,12.127500000000001,12.127500000000001,0.0,26.0,16.0,19.0,179,2.2856182795698925,0.5228416315612633,0.8100558659217877,0.018279292615119496
t720w7d086c,2019-07-01,4.3116666666666665,4.3116666666666665,0.0,6.0,5.0,3.0,177,1.7129032258064516,0.6764214028941716,0.9491525423728814,5.450111996810241e-05
t7wuhurc687,2019-07-01,0.7120000000000001,0.8900000000000001,-0.17800000000000005,6.0,7.0,2.0,171,0.5806451612903226,1.086708513986975,0.9122807017543859,0.0008362779947180538
t8aiukrs5pu,2019-07-01,3.2900000000000005,3.2900000000000005,0.0,15.0,9.0,4.0,181,1.0154277699859746,1.0419658315114724,0.8895027624309392,0.0048222045198163515
t97wb22pj22,2019-07-01,44.39933333333333,10.6275,33.77183333333333,492.0,349.0,304.0,181,1.0770435327278423,0.22933145464017748,0.0055248618784530384,0.01507777212111505
tb6j750klhi,2019-07-01,5.312500000000001,5.312500000000001,0.0,28.0,16.0,4.0,180,0.5161290322580645,0.4350912717264084,0.8388888888888889,0.006192130155177774
tc8oirgjnfl,2019-07-01,1.3065000000000002,1.3065000000000002,0.0,10.0,7.0,2.0,133,0.5720430107526882,0.610369384881508,0.9097744360902256,0.010933634959507103
tfbyp40lgp1,2019-07-01,5.314666666666667,5.314666666666667,0.0,22.0,17.0,18.0,181,1.439681838267786,0.3599334196393286,0.7182320441988951,5.0291786256651715e-05
tfo7a2metru,2019-07-01,138.372,138.372,0.0,39.0,107.0,1.0,181,0.015866058906030853,1.2082911596603674,0.5027624309392266,0.14053340046229668
th208c83pi6,2019-07-01,0.5741666666666667,1.5502500000000001,-0.9760833333333334,34.0,51.0,24.0,165,1.3446519524617995,1.2727376359645879,0.8545454545454545,0.0012839491702563953
thccwkmpimv,2019-07-01,1.7955,0.9975,0.798,13.0,9.0,4.0,180,0.663594470046083,0.3945460407541538,0.85,3.940022646934901e-06
thw7rnsb945,2019-07-01,17.907499999999988,41.784166666666636,-23.876666666666647,15.0,11.0,18.0,157,2.681214421252372,0.4904248402492765,0.8280254777070064,3.629309549530788e-05
tjedn3yimkr,2019-07-01,9.215333333333334,9.215333333333334,0.0,19.0,20.0,5.0,181,0.38924731182795697,0.7297076564533517,0.7734806629834254,0.002634423540411538
tjindtgn33w,2019-07-01,7.222833333333335,16.3835,-9.160666666666668,41.0,93.0,0.0,172,0.0,0.9788662507282635,0.5872093023255814,0.004748422199603835
tm619ssrzlk,2019-07-01,3.2895,3.2895,0.0,99.0,175.0,679.0,179,7.089832584728461,0.7215943406548804,0.44692737430167595,0.001117330264719875
tn2edk9v92u,2019-07-01,2.2103333333333337,2.2103333333333337,0.0,56.0,53.0,41.0,180,1.0580645161290323,0.16930917717465765,0.3333333333333333,1.0139385184611826e-05
tnoecascpht,2019-07-01,20.35,20.35,0.0,33.0,50.0,34.0,181,1.0076960864581628,0.6733812835720019,0.4972375690607735,0.003355441853168386
todkyo1ob5y,2019-07-01,0.8605,0.8605,0.0,11.0,11.0,8.0,133,1.3729032258064517,0.2473746541064717,0.8270676691729323,0.0033204903823076297
tot26zadpk0,2019-07-01,1.6646666666666667,1.8160000000000003,-0.15133333333333354,17.0,18.0,6.0,136,0.6121530382595649,0.49072969964351987,0.7647058823529411,0.016154152043665496
tp8xqpd3i44,2019-07-01,1.171,7.416333333333327,-6.245333333333327,18.0,14.0,15.0,181,2.5023041474654377,0.3774681682324239,0.8453038674033149,8.125515217791948e-05
tpgt6yn0dfs,2019-07-01,4.659666666666666,4.659666666666666,0.0,12.0,5.0,1.0,53,0.3419354838709677,0.17196224026890533,0.9056603773584906,0.015488578280871008
tqe3h8lyds3,2019-07-01,11.5335,16.232333333333333,-4.698833333333333,32.0,43.0,5.0,181,0.17693059628543498,0.5012023033775105,0.5082872928176796,0.021104426175551354
tqvs671336m,2019-07-01,11.605416666666668,11.028750000000002,0.5766666666666662,300.0,292.0,139.0,181,0.2393337201891154,1.5381616942104959,0.08287292817679558,5.174858123351367e-05
tw8vdxuucyv,2019-07-01,9.504000000000001,5.940000000000001,3.564,29.0,20.0,5.0,66,0.7096774193548387,0.21290452183032418,0.8787878787878788,0.02608703737379906
twqome2qm6r,2019-07-01,3.3930000000000002,3.3930000000000002,0.0,17.0,21.0,7.0,181,0.530791788856305,0.5116884528516611,0.6961325966850829,0.012117182345844715
txklxxdmssp,2019-07-01,1.7566666666666668,0.8266666666666668,0.93,101.0,83.0,67.0,181,1.2224798387096774,0.4386544548016421,0.34806629834254144,0.05886299383023221
txyavvgans3,2019-07-01,5.912166666666662,5.912166666666662,0.0,7.0,7.0,10.0,178,3.0220713073005094,0.6671155098244052,0.9044943820224719,0.0003719201891792545
ty2n54rqne9,2019-07-01,2.937666666666667,2.937666666666667,0.0,19.0,11.0,12.0,65,2.096774193548387,0.3466718994895485,0.8307692307692308,0.5807787582866059
tyfoaw4287i,2019-07-01,5.134,5.134,0.0,6.0,3.0,1.0,174,0.9354838709677419,1.1684601237529635,0.9655172413793104,7.415253058282058e-06
tyk3hme559h,2019-07-01,49.75466666666662,12.766000000000002,36.98866666666662,30.0,105.0,66.0,180,1.2689596240119632,1.295908558952999,0.7222222222222222,0.012244570979473632
tztah005p7c,2019-07-01,6.911666666666667,7.602833333333334,-0.6911666666666667,17.0,18.0,7.0,181,0.7431085043988269,0.4937453999177245,0.7679558011049724,0.009143099452616271
u0tonkcx9rf,2019-07-01,98.07000000000001,98.07000000000001,0.0,24.0,23.0,20.0,178,1.3510436432637571,0.3872043041856192,0.651685393258427,0.0078447967596843
u0vdh6oyaid,2019-07-01,1.604,1.604,0.0,7.0,7.0,3.0,166,1.004032258064516,0.5133172226038359,0.9216867469879518,7.3056587052345864e-06
u0wojhnn21v,2019-07-01,59.50799999999996,19.49399999999999,40.01399999999997,26.0,65.0,84.0,86,2.2624491074224866,0.6369259787940122,0.6744186046511628,0.01809865771978716
u1iuh965rmf,2019-07-01,11.596166666666667,11.313333333333333,0.2828333333333344,59.0,58.0,18.0,181,0.46918202764976963,0.35419880074430415,0.430939226519337,0.00014286207525257414
u1l5zhwy7dd,2019-07-01,5.4535,5.4535,0.0,50.0,57.0,105.0,172,2.8698553948832033,0.5502397672600323,0.5290697674418605,0.0022230526526690704
u206llze4bo,2019-07-01,7.852499999999999,7.852499999999999,0.0,7.0,7.0,1.0,165,0.4435483870967742,0.6460896009681418,0.9454545454545454,0.0003813811963015899
u3bota62cms,2019-07-01,1.2501666666666666,1.2501666666666666,0.0,27.0,21.0,17.0,181,1.3234408602150536,0.3588384774326743,0.6740331491712708,0.0015713038126230875
u3jnupya6kz,2019-07-01,1.23,0.738,0.492,6.0,3.0,1.0,152,0.6129032258064516,0.8487795932921134,0.9539473684210527,0.00044930709409014044
u3w6lbh4fnq,2019-07-01,13.939333333333336,13.939333333333336,0.0,13.0,9.0,5.0,177,0.9209157127991675,0.5845984688035009,0.864406779661017,0.0006118662755489246
u53nivr9avc,2019-07-01,15.818666666666667,15.818666666666667,0.0,9.0,9.0,7.0,179,1.3038501560874087,0.5085589563403231,0.8547486033519553,8.975208153842115e-05
u69qzkart1g,2019-07-01,11.653333333333336,11.653333333333336,0.0,0.0,3.0,2.0,167,5.387096774193548,1.8578516903202487,0.9880239520958084,0.00013056518026721407
u7uqt1wi7l8,2019-07-01,7.583333333333334,7.583333333333334,0.0,7.0,9.0,2.0,175,0.4908835904628331,0.6034678269882137,0.88,9.128600254707458e-05
u8l816re9hj,2019-07-01,5.2125,5.838000000000001,-0.6255000000000006,25.0,28.0,0.0,86,0.0,0.5095530274411046,0.7790697674418605,0.04970437604020107
u8nedw0cbhp,2019-07-01,2.71,2.7551666666666668,-0.0451666666666668,518.0,519.0,458.0,181,1.278264355763893,0.18852594599882222,0.292817679558011,1.7340438036419576e-05
u97zonp79w7,2019-07-01,8.642000000000001,6.4815000000000005,2.1605000000000008,12.0,9.0,0.0,78,0.0,0.31563690164603336,0.8589743589743589,0.10077075907358068
ubm9yjwk73o,2019-07-01,8.35,29.781666666666666,-21.431666666666665,349.0,503.0,289.0,181,0.7298387096774194,0.2553051851351825,0.016574585635359115,0.0016130201355923166
udbr9q44r38,2019-07-01,13.204999999999988,9.73,3.474999999999987,41.0,131.0,47.0,181,0.7183752744468839,0.9537519856890229,0.4972375690607735,0.0034950813140599384
ueih6474iy7,2019-07-01,3.5280000000000005,2.6460000000000004,0.8820000000000001,24.0,18.0,0.0,113,0.0,0.5188482254501066,0.7522123893805309,0.1197564858526235
ufkyenqooxb,2019-07-01,3.106499999999997,0.1635,2.942999999999997,12.0,14.0,13.0,180,1.6409537166900423,0.44700909129036,0.8166666666666667,0.0002717114101926968
ug070971an5,2019-07-01,0.0,0.0,0.0,17.0,18.0,20.0,168,1.935483870967742,0.6793000795898976,0.7619047619047619,0.00418003478292818
ug39cj2kulu,2019-07-01,0.23700000000000002,1.659,-1.422,44.0,50.0,43.0,181,1.3498092265001735,0.2625740499789685,0.4696132596685083,0.00023311934103993908
ug70m9vq8ke,2019-07-01,16.269000000000002,11.832,4.437000000000001,28.0,22.0,6.0,163,0.8302207130730052,0.7903618387071861,0.8957055214723927,0.00020854114568978496
ug9p0s2splh,2019-07-01,14.137500000000001,14.137500000000001,0.0,5.0,11.0,2.0,178,0.30220713073005095,0.4819878160125821,0.8258426966292135,0.0007352159522634781
ugi065x2msa,2019-07-01,27.809833333333334,11.951333333333334,15.8585,155.0,86.0,34.0,177,0.5546543778801843,0.47573994672421965,0.4067796610169492,0.01647381666237599
uhmrrrgrgr1,2019-07-01,2.4453333333333336,1.834,0.6113333333333335,23.0,19.0,7.0,178,0.5219941348973607,0.2682208903929101,0.6629213483146067,0.0025047037008138046
ukdxyl18d6i,2019-07-01,2.5559999999999996,1.9879999999999998,0.5679999999999998,13.0,11.0,4.0,181,0.6869070208728653,0.5758691996103951,0.8453038674033149,0.004468041908901808
ukgzjwr1qj2,2019-07-01,0.4916666666666667,1.475,-0.9833333333333334,14.0,18.0,12.0,173,1.3130929791271346,0.9462785998733286,0.8034682080924855,0.08475616719009971
uod9q42v804,2019-07-01,2.801333333333333,3.056,-0.25466666666666704,12.0,13.0,1.0,170,0.261136712749616,0.7930152942928982,0.9117647058823529,4.8375724587346866e-05
up48m1pqqaj,2019-07-01,6.9766666666666675,5.98,0.996666666666667,267.0,247.0,127.0,181,0.66803254867771,0.4484515560905756,0.08839779005524862,0.05146984860610324
uq3ofy0qifi,2019-07-01,12.5905,12.5905,0.0,16.0,9.0,15.0,167,2.78642936596218,0.5496216431485245,0.8622754491017964,0.0018690258622399514
uqvpgx61azu,2019-07-01,2.0215,2.0215,0.0,55.0,59.0,41.0,147,1.0021616228799468,0.17270408237369111,0.38095238095238093,0.000500758936267732
urceg4zzb8u,2019-07-01,4.87,2.435,2.435,26.0,21.0,16.0,163,1.1524524966858152,0.5293618645188686,0.6809815950920245,0.01418290466551567
usxvxj65tfg,2019-07-01,2.9466666666666668,2.34,0.6066666666666669,56.0,49.0,22.0,175,0.6401729298303958,0.265361149359794,0.45714285714285713,0.0019040770373369973
uu8htwli71a,2019-07-01,7.9333333333333345,7.9333333333333345,0.0,9.0,14.0,3.0,180,0.3870967741935484,0.36326278805031975,0.8,0.0003100683555818308
uutkkj4n9sn,2019-07-01,8.574,8.574,0.0,11.0,5.0,3.0,56,1.8064516129032258,0.2828427124746189,0.9464285714285714,0.05144198064030823
uv10gf491qg,2019-07-01,3.0460000000000003,2.5383333333333336,0.5076666666666667,8.0,3.0,2.0,139,2.2419354838709675,1.1353156988382298,0.9712230215827338,0.0007515848925275736
uvg4dfa5yux,2019-07-01,21.545333333333335,21.545333333333335,0.0,3.0,3.0,0.0,181,0.0,0.9914255713949854,0.9723756906077348,4.8053883634254684e-05
uw6h52qy2mo,2019-07-01,4.336,4.336,0.0,21.0,29.0,24.0,179,1.4286664449617557,0.5018174523190388,0.6480446927374302,0.006727664621765907
uysrpegkkax,2019-07-01,18.627000000000002,14.044166666666667,4.582833333333335,223.0,192.0,97.0,181,0.7768927828664985,0.25238302472154633,0.35911602209944754,4.5628721888799566e-06
uyxuwmc8a8h,2019-07-01,0.40266666666666673,0.22650000000000003,0.1761666666666667,43.0,31.0,27.0,181,1.4075460829493087,0.4642527560322516,0.6298342541436464,0.02002176145129768
v08j1y4sjq9,2019-07-01,114.24066666666658,120.14966666666658,-5.908999999999992,96.0,93.0,154.0,178,2.35175017158545,0.2778025740768412,0.20786516853932585,0.0018888050304171607
v0p9ge9vdnd,2019-07-01,2.525,2.525,0.0,9.0,9.0,0.0,169,0.0,0.41380520993731873,0.863905325443787,0.00012700645101097773
v209gli552i,2019-07-01,4.413500000000001,4.413500000000001,0.0,14.0,11.0,2.0,181,0.3073005093378608,0.412085633465157,0.8342541436464088,7.658035204494853e-05
v3nnv8mr259,2019-07-01,0.519,0.4613333333333334,0.057666666666666644,53.0,52.0,44.0,181,1.265533132051486,0.21905900841937004,0.49171270718232046,0.00011710032460147234
v4hz3n608zf,2019-07-01,0.652,0.163,0.489,28.0,25.0,24.0,181,1.3604760413404322,0.5896399592886714,0.6077348066298343,0.03619745305802531
v5erxhi28m0,2019-07-01,72.64333333333327,72.64333333333327,0.0,187.0,187.0,218.0,180,1.303611175708448,0.7778188798249794,0.08333333333333333,9.293187826861474e-05
v6zt9egdxu5,2019-07-01,11.476833333333335,11.476833333333335,0.0,9.0,9.0,1.0,169,0.1817204301075269,0.45079151363696235,0.8698224852071006,5.5071819823223734e-05
v7zk1zh72vj,2019-07-01,1.088,18.087999999999987,-16.999999999999986,339.0,279.0,307.0,181,1.431696382562094,0.22774564038849374,0.10497237569060773,0.034405259383284814
v95g54i3mn0,2019-07-01,38.008833333333335,38.008833333333335,0.0,3.0,0.0,0.0,101,0.0,8.426149773176357,0.9900990099009901,
vb8w9ra48df,2019-07-01,1.512,3.528,-2.016,16.0,28.0,7.0,176,0.41833616298811543,0.6665992326211047,0.7272727272727273,0.08600562833423264
vbe22x8cxm8,2019-07-01,195.35799999999983,21.420833333333334,173.93716666666649,26.0,80.0,55.0,157,2.0039452309120445,0.9961020335488414,0.7452229299363057,0.00911654538018209
vbvmk9ope2l,2019-07-01,3.4906666666666673,4.722666666666667,-1.2319999999999998,74.0,80.0,57.0,181,0.9481665288116901,0.3756731921107568,0.19889502762430938,0.05336439987295165
vei7nch8dgm,2019-07-01,4.335,5.924499999999999,-1.5894999999999992,43.0,54.0,13.0,170,0.4268881591655399,0.42463129169193464,0.5882352941176471,0.030163932195125098
vfay9jbgjem,2019-07-01,3.0175000000000005,3.0175000000000005,0.0,8.0,5.0,9.0,181,4.042183622828785,1.0605217938272957,0.9392265193370166,0.01764162234278839
vgy2kd0p4wl,2019-07-01,7.062,70.13849999999994,-63.07649999999994,126.0,59.0,82.0,181,1.9383570589003525,0.6459725759159856,0.425414364640884,0.056384718295495954
vgzzt6m1274,2019-07-01,3.5600000000000005,3.5600000000000005,0.0,5.0,7.0,4.0,177,1.6313364055299537,0.7342165405993558,0.9322033898305084,0.00017685957673289568
vjizmsw9fji,2019-07-01,10.638,10.638,0.0,3.0,3.0,0.0,124,0.0,0.7465768876547999,0.9758064516129032,0.0011463099381624632
vjlohs8bd1c,2019-07-01,3.4349999999999996,3.4349999999999996,0.0,2.0,3.0,0.0,179,0.0,1.523625824597668,0.9664804469273743,3.005364609725151e-05
vlrn3qicryw,2019-07-01,0.6661666666666668,0.5710000000000001,0.09516666666666673,31.0,30.0,24.0,180,1.1710490647872052,0.19457457598944963,0.5444444444444444,1.0868597379980732e-07
vlverirxc1z,2019-07-01,2.881666666666667,2.654166666666667,0.22750000000000004,80.0,77.0,42.0,181,0.7522264001583218,0.38497046160759457,0.3425414364640884,0.014823048300177947
vlxl5ihr3pl,2019-07-01,9.375,1.25,8.125,58.0,19.0,13.0,177,1.810385523210071,1.674407065676905,0.8813559322033898,0.16155330557480174
vm2p8db58an,2019-07-01,3.1854166666666663,3.1854166666666663,0.0,22.0,20.0,34.0,178,3.148803329864724,0.25561653389663636,0.7696629213483146,0.0007003514933393801
vnezlsd6e32,2019-07-01,3.2746666666666666,3.2746666666666666,0.0,7.0,9.0,0.0,181,0.0,0.6258249915735011,0.856353591160221,0.005768989616236344
vo1y10qjcu5,2019-07-01,2.9066666666666667,3.27,-0.3633333333333333,18.0,20.0,2.0,177,0.16793168880455406,0.40195084328565894,0.768361581920904,0.0008821793815143137
voe6xpv89uh,2019-07-01,5.742000000000001,5.742000000000001,0.0,40.0,33.0,23.0,165,1.360215053763441,0.6977243391857143,0.793939393939394,0.0006860093780420751
voryhkspcda,2019-07-01,3.2325000000000004,3.2325000000000004,0.0,7.0,9.0,1.0,179,0.2887096774193548,0.4876546408800032,0.8994413407821229,2.305581240026029e-05
vp7fhklesec,2019-07-01,2.43,2.43,0.0,8.0,5.0,5.0,168,1.6935483870967742,0.5833154871391609,0.9047619047619048,0.0045504513635482476
vpx3d13rjnz,2019-07-01,8.592833333333333,8.592833333333333,0.0,9.0,7.0,2.0,180,0.7258064516129031,0.8422790287453149,0.9222222222222223,9.945541096063029e-05
vsbvikzudaf,2019-07-01,44.168,309.176,-265.008,16.0,112.0,0.0,169,0.0,3.291313950565626,0.9349112426035503,0.0018764134146356975
vt73tnxwzp4,2019-07-01,2.2605000000000004,2.2605000000000004,0.0,45.0,51.0,19.0,180,0.6852334201562813,0.6077803417402763,0.6277777777777778,0.002080054293144271
vu5zkybdr3z,2019-07-01,7.793500000000001,7.793500000000001,0.0,12.0,12.0,2.0,82,0.35268817204301073,0.35178316257671893,0.8780487804878049,0.05323042183081403
vujco18pgzx,2019-07-01,6.768,6.768,0.0,26.0,38.0,41.0,177,1.843281686563373,0.7289475360459354,0.5875706214689266,0.0672555404887739
vvcfsh674m7,2019-07-01,3.1033333333333335,3.1033333333333335,0.0,16.0,13.0,9.0,181,1.118050789293068,0.2814647782436754,0.7955801104972375,0.00010237784995546712
vvck8ovelhn,2019-07-01,1.044,1.4355,-0.39149999999999996,9.0,12.0,1.0,176,0.2183622828784119,0.6319079223131587,0.8863636363636364,0.001347075841072435
vx9nsdciqsw,2019-07-01,3.822,17.517500000000002,-13.695500000000003,57.0,143.0,33.0,181,0.35224391106917496,0.5539860669553291,0.2983425414364641,0.0015222200050157267
vym705m6y8l,2019-07-01,1.242,161.25299999999984,-160.01099999999985,232.0,185.0,226.0,181,1.5361448045364074,0.15767926645672656,0.03867403314917127,0.021020054139024528
vz6dqdtt943,2019-07-01,6.387333333333334,6.387333333333334,0.0,14.0,5.0,2.0,106,0.6838709677419355,0.8041759200075014,0.9150943396226415,0.007213035719596435
vzfrvw2z8m8,2019-07-01,9.292000000000002,9.292000000000002,0.0,44.0,59.0,16.0,180,0.559657986785853,1.342140306765733,0.8111111111111111,0.00011901540301166265
vzh8b26iuaz,2019-07-01,12.956666666666667,12.956666666666667,0.0,10.0,20.0,2.0,180,0.17595307917888564,0.5077736447979286,0.75,0.010185861877851525
w100iwcx1w0,2019-07-01,0.9710000000000001,64.57149999999996,-63.600499999999954,75.0,48.0,69.0,181,2.10927208241851,0.38108937255374076,0.48066298342541436,0.019579787756613554
w1uociq1edt,2019-07-01,6.027166666666667,6.235,-0.20783333333333331,36.0,37.0,7.0,181,0.33500793231094655,0.4562254539472557,0.6574585635359116,0.002473397868902958
w2k9og4qtp9,2019-07-01,0.5065000000000001,0.0,0.5065000000000001,7.0,5.0,5.0,179,2.0622119815668203,0.4634318008569337,0.9273743016759777,1.1556904955829162e-06
w2r7qwk03in,2019-07-01,5.153333333333333,5.153333333333333,0.0,0.0,3.0,1.0,150,2.419354838709677,2.0029563948140825,0.9866666666666667,0.00037229085549233827
w2t6knpb9hb,2019-07-01,1.82,1.82,0.0,9.0,7.0,0.0,179,0.0,0.45263188301121887,0.8770949720670391,0.0012440504074672704
w33v3ov1fbf,2019-07-01,0.6665000000000001,0.2221666666666667,0.44433333333333336,45.0,41.0,39.0,181,1.355414746543779,0.27893196708971646,0.5248618784530387,3.4008587143176665e-05
w4lyq806a7i,2019-07-01,68.68499999999995,178.58099999999985,-109.8959999999999,122.0,74.0,152.0,179,3.337176499448056,0.5163081423020042,0.5251396648044693,0.08317318657037309
w4r2d9xzixg,2019-07-01,1.4525000000000001,1.4525000000000001,0.0,7.0,9.0,5.0,143,1.098310291858679,0.5346736967288962,0.8671328671328671,0.0049938193457290045
w4tka38pljn,2019-07-01,2.6156666666666673,1.9961666666666669,0.6195000000000004,46.0,37.0,8.0,179,0.419941348973607,0.511575015145452,0.6703910614525139,0.0013203981437295077
w5hx4nweg13,2019-07-01,3.106666666666667,3.106666666666667,0.0,20.0,15.0,4.0,181,0.4324970131421744,0.35990793602612153,0.7624309392265194,7.786069398816102e-06
w5jwspwzl8j,2019-07-01,13.61,9.073333333333334,4.536666666666665,33.0,3.0,3.0,33,3.193548387096774,1.7320508075688774,0.9696969696969697,
w6782xxl0jm,2019-07-01,6.242000000000001,3.1210000000000004,3.1210000000000004,13.0,5.0,1.0,34,0.5483870967741935,0.3333333333333334,0.9411764705882353,
w6pm5idorba,2019-07-01,50.311999999999955,37.733999999999966,12.577999999999989,21.0,28.0,40.0,181,1.853558627752176,0.4298644688695487,0.574585635359116,6.794880697805437e-08
w8u6k7s1vlp,2019-07-01,0.9405,0.627,0.3135,10.0,9.0,7.0,173,1.5625806451612902,0.503105344376354,0.8670520231213873,0.00011976527419416157
w8wdxeoetij,2019-07-01,17.49,18.815,-1.3250000000000028,396.0,426.0,0.0,124,0.0,0.11449235305932227,0.08064516129032258,0.0026483264258206946
w9qi2f8pjnc,2019-07-01,1.1426666666666667,0.2856666666666667,0.857,17.0,11.0,9.0,88,1.4193548387096775,0.3404935413048351,0.8068181818181818,0.375933173735802
waeo6ri8q6l,2019-07-01,3.358333333333334,4.701666666666667,-1.3433333333333333,10.0,12.0,5.0,175,1.1290322580645162,0.593442117870635,0.8971428571428571,0.00798804740302389
warlocs31xy,2019-07-01,2.9266666666666667,1.9755,0.9511666666666667,63.0,50.0,23.0,43,0.6787920384351407,0.03741894685180752,0.4418604651162791,0.13278357049865486
wb201qxh4yi,2019-07-01,3.276,1.716,1.5599999999999998,26.0,16.0,5.0,170,0.7616487455197133,0.8908845371849368,0.8411764705882353,0.0031368404697977277
wbvnd3cabnu,2019-07-01,1.2510000000000001,1.2510000000000001,0.0,15.0,15.0,9.0,156,0.9845722300140253,0.2278066455760127,0.7435897435897436,9.101628389842774e-05
wc7jdskd4ac,2019-07-01,0.9100000000000001,0.6370000000000001,0.273,25.0,22.0,15.0,181,0.9840521928234868,0.3949019420408203,0.6187845303867403,0.03579338074791971
wdamlpmiwoi,2019-07-01,11.475666666666667,9.457333333333334,2.0183333333333326,323.0,288.0,124.0,180,0.69164265129683,0.17139874344284944,0.19444444444444445,0.0004407897555471255
we3i97h5djq,2019-07-01,1.6353333333333335,1.6353333333333335,0.0,11.0,11.0,7.0,165,1.064516129032258,0.580286981170774,0.8,0.0011418666600486827
we47isivdpw,2019-07-01,2.7733333333333334,8.32,-5.546666666666667,8.0,24.0,0.0,85,0.0,0.5395232211945835,0.5647058823529412,0.7077984749260573
wgl3qh2v29n,2019-07-01,0.9465,0.9465,0.0,8.0,9.0,8.0,169,1.8172043010752688,0.61421736840333,0.8816568047337278,0.0014024999194424907
whdxdue80xd,2019-07-01,25.20233333333334,25.20233333333334,0.0,19.0,26.0,26.0,181,1.7250733137829914,0.4675224501492026,0.712707182320442,0.0005357345659395842
wibkrt1yi5i,2019-07-01,38.063166666666675,53.34400000000001,-15.280833333333334,353.0,408.0,216.0,181,0.7358000526969549,0.43212450424549315,0.19889502762430938,0.0010633505090928597
wjo52sq7blu,2019-07-01,2.752333333333333,2.752333333333333,0.0,0.0,3.0,2.0,177,2.8548387096774195,1.5764156628977015,0.9774011299435028,0.006667914316611425
wkb83kgdl14,2019-07-01,2.2095000000000002,2.2095000000000002,0.0,15.0,15.0,6.0,175,0.7206588881262869,0.3574044750816772,0.7828571428571428,0.00025605833355750153
wl0b636f8gl,2019-07-01,55.06199999999994,53.095499999999944,1.9664999999999964,138.0,143.0,224.0,181,2.043548387096774,0.4273788067196951,0.13812154696132597,0.13043938562786866
wlqtzpp761t,2019-07-01,13.381666666666666,8.201666666666666,5.18,72.0,48.0,10.0,30,0.27649769585253453,0.0,0.36666666666666664,0.5095538023842392
wm1cj918y2k,2019-07-01,1.9375000000000002,1.9375000000000002,0.0,47.0,44.0,63.0,181,2.357940446650124,0.6051234512739863,0.56353591160221,0.04899149900630571
wm9u7im1255,2019-07-01,20.973333333333336,7.626666666666668,13.346666666666668,44.0,3.0,0.0,155,0.0,1.570337615434324,0.9741935483870968,0.0004016545993826115
wmzvlb4djog,2019-07-01,62.918499999999945,62.918499999999945,0.0,55.0,50.0,94.0,181,2.5061128295772575,0.19585585024214638,0.35911602209944754,0.0003006878559561759
wn7c3or5qkr,2019-07-01,2.2600000000000002,0.7533333333333334,1.5066666666666668,20.0,12.0,8.0,168,1.171752397558849,0.7689812886359916,0.8511904761904762,0.01585365255338085
woc4f7fud6m,2019-07-01,11.475999999999992,18.724000000000004,-7.248000000000012,57.0,185.0,61.0,181,1.0234519836855767,1.807388175927219,0.8342541436464088,0.00046820419214661866
wpnoiy25rl1,2019-07-01,6.588333333333334,6.588333333333334,0.0,5.0,5.0,0.0,171,0.0,0.8990165350585342,0.935672514619883,0.0007864296748253945
wre6nxdfczi,2019-07-01,20.8975,9.752166666666668,11.145333333333333,15.0,7.0,0.0,100,0.0,0.6046510198228537,0.9,0.014952485384361482
wrtx9bnv1zz,2019-07-01,7.633000000000001,7.633000000000001,0.0,11.0,13.0,11.0,178,1.2384566729917774,0.434971189257299,0.7528089887640449,0.010843872146672767
ws3lecwsfij,2019-07-01,1.0906666666666667,0.40900000000000003,0.6816666666666666,10.0,3.0,2.0,162,1.3064516129032258,1.2834587309037169,0.9506172839506173,0.00011692640454888851
wsrzu5k65n6,2019-07-01,12.760000000000003,12.760000000000003,0.0,25.0,24.0,10.0,176,0.7996365288505225,0.5042393673647668,0.7954545454545454,0.00124459532005726
wssik3ikgy4,2019-07-01,9.823,6.548666666666667,3.2743333333333338,60.0,18.0,3.0,181,0.34345351043643263,0.6464076495804018,0.8066298342541437,0.3424568661046181
wtds2lxd79i,2019-07-01,5.8451666666666675,5.8451666666666675,0.0,16.0,16.0,3.0,181,0.35032258064516125,0.38980332249065003,0.8011049723756906,0.0004348642015388099
wus2r1o6qzo,2019-07-01,2.8925,1.5575,1.335,201.0,183.0,162.0,178,1.1849599342510788,0.20332176541570413,0.08426966292134831,0.0005006404734609244
wuz1spxgrsv,2019-07-01,2.8916666666666675,3.4700000000000006,-0.5783333333333331,10.0,12.0,0.0,97,0.0,0.2790778902582054,0.8969072164948454,0.005390188034602814
wvt1yg5g411,2019-07-01,89.00266666666667,89.00266666666667,0.0,5.0,14.0,2.0,181,0.2780337941628264,1.110817798400136,0.850828729281768,0.004981163918046985
wxe8fuwwtps,2019-07-01,5.352,2.676,2.676,39.0,27.0,15.0,180,0.7917888563049853,0.4480957283710498,0.6111111111111112,0.024807264457437285
wxh1mxlln9j,2019-07-01,3.776666666666667,3.776666666666667,0.0,128.0,143.0,63.0,181,0.5783627510651248,0.2238358782477852,0.13259668508287292,0.0001600756500230688
x102yn1bn6n,2019-07-01,25.186333333333334,21.751833333333334,3.4345,22.0,3.0,0.0,50,0.0,4.472135954999579,0.98,
x1mbwsfgl6k,2019-07-01,16.073999999999984,14.287999999999984,1.7859999999999996,17.0,18.0,26.0,181,2.9193548387096775,0.31131575720529503,0.7955801104972375,3.7123917313256075e-06
x1nvy65u8ly,2019-07-01,17.94833333333333,102.3054999999999,-84.35716666666656,236.0,93.0,126.0,181,1.7987222967110972,0.40765957421080784,0.15469613259668508,0.9006599188976808
x485ruva4x3,2019-07-01,9.5325,9.5325,0.0,59.0,46.0,21.0,181,0.6736972704714639,0.5340665343271703,0.4861878453038674,0.03698130960347106
x49nmlsrr4n,2019-07-01,1.1591666666666667,0.6955,0.46366666666666667,5.0,3.0,0.0,122,0.0,0.6275458353859137,0.9672131147540983,0.0009269882728261055
x4w86ey0qqe,2019-07-01,19.797,19.797,0.0,7.0,7.0,1.0,155,0.29411764705882354,0.4844161787459835,0.9032258064516129,5.03164562008387e-06
x70d9x20dcv,2019-07-01,128.01566666666656,53.07966666666662,74.93599999999995,188.0,212.0,229.0,181,1.4059563786845766,0.2631241870161899,0.08839779005524862,0.0058366518929521645
x7vvmxcu251,2019-07-01,1.2266666666666666,1.3033333333333332,-0.07666666666666666,38.0,40.0,6.0,52,0.20129032258064514,0.1031666391931787,0.38461538461538464,0.22641142257599095
x8t3qlxkrnp,2019-07-01,3.017,3.017,0.0,26.0,14.0,10.0,179,1.4083398898505113,1.1309161570013342,0.8268156424581006,0.1348314947374899
x9ka25cfu39,2019-07-01,1.1583333333333334,2.8958333333333335,-1.7375,10.0,29.0,4.0,180,0.21114369501466274,0.6909962686102403,0.6166666666666667,0.09384402588766072
xbo6wsqwxi9,2019-07-01,1.1159999999999999,3.9059999999999997,-2.79,9.0,14.0,7.0,176,1.103942652329749,0.574834569775249,0.8352272727272727,0.03459014753996231
xccfjiwu62l,2019-07-01,5.409833333333333,3.8641666666666663,1.545666666666667,7.0,5.0,0.0,145,0.0,0.42059370356146125,0.9310344827586207,0.0008785269281186948
xczm7pyalvw,2019-07-01,4.680000000000001,1.08,3.6000000000000005,252.0,202.0,187.0,181,1.134967473677151,0.263470842175919,0.011049723756906077,0.1404664316819853
xd3qdxm3g7a,2019-07-01,2.8139999999999996,2.1439999999999997,0.6699999999999999,21.0,16.0,0.0,141,0.0,0.2950735767531501,0.8297872340425532,1.3355815452061405e-05
xdoxpbm2fnz,2019-07-01,389.36699999999956,439.18499999999955,-49.817999999999984,1444.0,1406.0,1741.0,181,1.161072935281222,0.192161116723333,0.0,0.0003861891839707272
xf5823pj4m4,2019-07-01,4.7540000000000004,7.527166666666668,-2.7731666666666674,30.0,49.0,11.0,179,0.30983477576711255,0.45136657882930226,0.43575418994413406,0.08108020219256501
xgjhxu000j1,2019-07-01,2.2516666666666665,2.702,-0.4503333333333335,10.0,11.0,5.0,181,0.884652981427175,0.46505909062476836,0.8397790055248618,2.2029886030336372e-05
xicngem0hkt,2019-07-01,8.814666666666668,4.006666666666667,4.808000000000001,15.0,9.0,4.0,169,0.8387096774193548,0.468705383625742,0.863905325443787,0.0003106090196098448
xk4p13koqek,2019-07-01,2.7030000000000003,4.505,-1.8019999999999996,25.0,37.0,7.0,179,0.29940262843488646,0.7240290283756032,0.5698324022346368,0.019283734635382042
xlt7gtarjm4,2019-07-01,9.108333333333334,6.558,2.5503333333333345,25.0,18.0,0.0,154,0.0,0.583379834456077,0.7662337662337663,0.00047773711750188083
xlubaegy192,2019-07-01,13.914333333333323,16.50566666666667,-2.5913333333333473,563.0,903.0,610.0,181,0.4127492065390898,0.7168935679937225,0.10497237569060773,0.004450738100774546
xm0rwhl8g72,2019-07-01,1.7953333333333334,1.7953333333333334,0.0,8.0,7.0,1.0,87,0.4009216589861751,0.4300035431149524,0.9310344827586207,0.05103048508685924
xm0t40fn0d2,2019-07-01,2.2875,2.2875,0.0,16.0,15.0,12.0,181,1.273900293255132,0.19040128943286785,0.7292817679558011,0.0002646323327481755
xmifwrdj5rq,2019-07-01,12.314666666666668,6.157333333333334,6.157333333333334,20.0,7.0,4.0,170,1.2903225806451613,1.0450280559352203,0.9294117647058824,0.0012176764421758604
xn2riivstct,2019-07-01,66.59499999999994,6.7763333333333335,59.81866666666661,11.0,55.0,26.0,181,0.8205754141238013,0.7565929452920966,0.5580110497237569,0.2627604343929342
xnwo864pd91,2019-07-01,5.259833333333333,9.1355,-3.8756666666666675,29.0,43.0,10.0,180,0.4147465437788018,0.5570716804455677,0.6277777777777778,0.004423705601892498
xodf4svefyo,2019-07-01,14.059999999999988,22.14449999999998,-8.084499999999991,223.0,200.0,263.0,180,2.4048768097536195,0.9360249158501658,0.38333333333333336,0.001092924032959448
xpm0vrt6bzv,2019-07-01,90.54766666666659,90.54766666666659,0.0,69.0,74.0,154.0,181,2.8819272125723736,0.34741885815606094,0.35911602209944754,0.00030041165034542567
xpnonldjipn,2019-07-01,2.520833333333333,2.520833333333333,0.0,12.0,13.0,3.0,137,0.41431451612903225,0.4176512038930166,0.7883211678832117,0.0055189863050429805
xrarie1qtml,2019-07-01,54.746,36.49733333333333,18.248666666666672,188.0,126.0,2.0,116,0.08134642356241234,5.940782726904262,0.9655172413793104,0.015259648859614037
xsfdz3lwejr,2019-07-01,0.9450000000000001,0.0,0.9450000000000001,24.0,21.0,21.0,176,1.7279102384291725,0.3121178181645068,0.7329545454545454,0.01384085357147251
xtfyj3mm5ic,2019-07-01,4.311333333333334,5.054666666666667,-0.7433333333333332,76.0,86.0,18.0,180,0.40826612903225806,0.3072132994485887,0.49444444444444446,0.00012120828304481274
xtq3dgtp14v,2019-07-01,17.517999999999986,102.18833333333325,-84.67033333333326,54.0,20.0,60.0,181,5.077138849929874,0.7266392926909153,0.7569060773480663,0.2728807861934842
xw4kn0qjjhr,2019-07-01,5.245333333333334,5.245333333333334,0.0,7.0,5.0,2.0,178,1.2759856630824373,0.9943920635177154,0.949438202247191,0.004471324531197189
xw6gyb03t51,2019-07-01,2.4830000000000005,3.8200000000000007,-1.3370000000000002,28.0,42.0,2.0,173,0.09379235565193819,0.6883536259543445,0.6820809248554913,0.0011697361414572784
xx1lnqmefcj,2019-07-01,6.9959999999999996,6.9959999999999996,0.0,22.0,21.0,5.0,181,0.39450741063644285,0.3461266419981993,0.7348066298342542,0.001008713691926499
xy7glptspa6,2019-07-01,7.5465,5.2245,2.322,44.0,18.0,5.0,177,0.5490074441687345,0.9203810377259782,0.807909604519774,0.00038235823061638164
xyht7jc8hw6,2019-07-01,35.56233333333333,40.64266666666666,-5.080333333333336,17.0,19.0,3.0,99,0.7983870967741935,0.8037995707886392,0.9393939393939394,0.008034977995513325
y0cubv0jqf0,2019-07-01,1.1960000000000002,3.5880000000000005,-2.3920000000000003,4.0,12.0,0.0,175,0.0,1.0705513160483797,0.8857142857142857,0.05598639066312337
y0ejft161x4,2019-07-01,5.0888333333333335,6.160166666666667,-1.0713333333333335,40.0,44.0,21.0,180,0.7007786429365962,0.21059034217467112,0.45,0.00270080920592559
y0wc7qhm4mx,2019-07-01,5.67,0.648,5.022,163.0,132.0,128.0,179,1.3636471848589453,0.452146502413955,0.3128491620111732,0.003237840371167189
y2m3zucxnvk,2019-07-01,74.01449999999994,63.440999999999946,10.573499999999996,14.0,17.0,35.0,181,3.2437275985663088,0.21638598110778617,0.7016574585635359,0.0005898132023618991
y31qjeg50rz,2019-07-01,1.412,1.059,0.353,25.0,23.0,17.0,181,1.2890657729367405,0.4670103716072837,0.6850828729281768,0.13048871616440355
y3lt5qedz8r,2019-07-01,9.465166666666665,9.7755,-0.31033333333333424,42.0,67.0,4.0,179,0.11905553708014631,1.2173700127805327,0.7988826815642458,0.01149597139376747
y43chrd6xet,2019-07-01,34.1493333333333,25.611999999999977,8.537333333333326,32.0,36.0,48.0,175,2.4411508282476024,0.868879916849156,0.6457142857142857,0.2850268818038978
y5jzwlhh5ou,2019-07-01,11.263333333333334,8.538333333333334,2.7249999999999996,62.0,47.0,0.0,155,0.0,0.37476187037575576,0.6,0.010127998184727148
y6fbfm77r5h,2019-07-01,48.260416666666664,5.552083333333333,42.70833333333333,158.0,58.0,45.0,91,1.1486676016830295,0.5244694530316552,0.4175824175824176,0.9712933854520325
y6fwcndm2rq,2019-07-01,4.489333333333334,4.489333333333334,0.0,11.0,11.0,8.0,176,1.3358633776091082,0.4770737302931304,0.8465909090909091,1.2513778617852122e-05
y7uhveklh64,2019-07-01,4.030000000000001,3.7200000000000006,0.3100000000000005,95.0,91.0,43.0,181,0.6168661329951652,0.3504625005453668,0.2265193370165746,0.09763070897538517
y96coqb8e1d,2019-07-01,2.205,1.1025,1.1025,6.0,3.0,0.0,177,0.0,0.7969536593398232,0.9661016949152542,1.0534909511061626e-05
y970ddunupm,2019-07-01,1.992,3.237,-1.245,37.0,47.0,21.0,181,0.6287841191066997,0.47168888918190666,0.4088397790055249,0.02615904921963821
yabh7x78vjq,2019-07-01,2.4524999999999997,1.9619999999999997,0.49049999999999994,17.0,14.0,2.0,179,0.2624633431085044,0.3716256875661666,0.8156424581005587,0.000466604999250446
yanfpuibx5g,2019-07-01,7.9766666666666675,7.9766666666666675,0.0,17.0,15.0,4.0,165,0.3870967741935484,0.2787196968057556,0.7272727272727273,3.841504832095927e-05
ydb1otb4wn7,2019-07-01,1.205166666666667,1.205166666666667,0.0,9.0,9.0,6.0,180,1.0887096774193548,0.61819630892617,0.8555555555555555,0.0004989772983849564
ydgof2k52hc,2019-07-01,12.154666666666667,12.154666666666667,0.0,66.0,62.0,14.0,179,0.302766702911683,0.1873648394770659,0.2737430167597765,0.007657200668652706
yebbpufdsed,2019-07-01,0.4958333333333334,0.29750000000000004,0.19833333333333336,7.0,5.0,2.0,166,0.7139784946236559,0.6035840084280528,0.9156626506024096,0.0007759273057369311
yeel2kmtoj1,2019-07-01,4.25,4.25,0.0,14.0,16.0,2.0,178,0.22084367245657568,0.8204117533856212,0.8033707865168539,0.045023726732898624
yeozh4nge1f,2019-07-01,2.8116666666666665,3.4141666666666666,-0.6025,25.0,28.0,11.0,179,0.7939516129032259,0.3765268282752181,0.7262569832402235,0.007893483825707367
yfnf49wf8wk,2019-07-01,1.6724999999999999,1.6724999999999999,0.0,7.0,5.0,7.0,53,2.991935483870968,0.34255939452233714,0.9245283018867925,0.1705346701386497
yfqc962elbg,2019-07-01,19.24,28.218666666666664,-8.978666666666665,303.0,359.0,183.0,181,0.6858047952296161,0.3390197170914642,0.10497237569060773,0.001962620145599062
yh7xf4dfin6,2019-07-01,3.0329999999999995,3.0329999999999995,0.0,13.0,5.0,0.0,35,0.0,0.31943828249996997,0.9428571428571428,0.3336975611062774
yh8f768i2ad,2019-07-01,0.7093333333333334,0.6206666666666667,0.08866666666666667,26.0,25.0,18.0,180,1.0049627791563278,0.43280453546424486,0.6111111111111112,0.0025856148388442727
yju9nzai98z,2019-07-01,12.904166666666667,12.904166666666667,0.0,6.0,5.0,2.0,155,0.625,0.5439188826149097,0.9032258064516129,0.0038372384197528984
yl1wzuvyuzn,2019-07-01,169.09999999999985,317.90799999999973,-148.80799999999988,188.0,143.0,238.0,97,2.2230139624458354,0.36128479951736014,0.12371134020618557,0.0824258862311556
ymchqlifrcr,2019-07-01,14.507833333333334,14.507833333333334,0.0,7.0,5.0,3.0,153,0.9870967741935484,0.6263473691714978,0.9084967320261438,0.0016140513391141962
ynogs6ql1l6,2019-07-01,24.266666666666666,25.133333333333333,-0.8666666666666671,36.0,70.0,12.0,180,0.24448217317487267,0.47298598399809505,0.3333333333333333,0.025189122552547433
yp7jihwm9mc,2019-07-01,1.4183333333333334,1.4183333333333334,0.0,9.0,9.0,4.0,181,0.7298387096774194,0.549119571625557,0.8674033149171271,0.00010049478107493469
yr8src2i4ce,2019-07-01,3.0450000000000004,44.9983333333333,-41.9533333333333,73.0,57.0,64.0,179,1.6571676551424852,0.438080718178825,0.39106145251396646,0.03056504448612518
yrla7te8did,2019-07-01,20.768,13.216000000000001,7.552,11.0,7.0,0.0,153,0.0,0.6642811313650296,0.9150326797385621,0.0003157538535700167
ytlp4ll8vlr,2019-07-01,8.456000000000001,9.261333333333335,-0.8053333333333335,129.0,131.0,108.0,181,1.056248986869833,0.13843247892179417,0.13259668508287292,0.002623189027781712
yuhgkuvvkl7,2019-07-01,2.22,1.0175,1.2025000000000001,25.0,12.0,1.0,163,0.250384024577573,0.9732291288973005,0.950920245398773,0.0008254540041336127
yvgxgy3pxh9,2019-07-01,57.23749999999995,34.342499999999966,22.894999999999982,66.0,72.0,81.0,181,1.5608431810923027,0.166167019414972,0.2596685082872928,9.623945681528373e-05
ywavmd5gr8b,2019-07-01,9.800833333333326,9.800833333333326,0.0,46.0,45.0,52.0,181,1.5731238509109142,0.20904569846389118,0.4143646408839779,4.427815136926721e-05
ywu7t1sl6xw,2019-07-01,78.71699999999994,0.9206666666666669,77.79633333333328,32.0,43.0,41.0,181,1.5853450117496262,0.7965659604451086,0.6740331491712708,0.0004247769840225039
yxmez0fkukz,2019-07-01,4.827999999999999,0.568,4.26,67.0,22.0,16.0,149,2.0237691001697793,1.9618558180047203,0.8859060402684564,0.00246405537041302
yyf96dxyoes,2019-07-01,12.258000000000001,12.258000000000001,0.0,3.0,7.0,3.0,180,0.9168081494057725,0.8800393413218234,0.9055555555555556,0.003471129690960998
yz980fjau76,2019-07-01,2.4210000000000003,15.736500000000001,-13.3155,18.0,117.0,0.0,181,0.0,0.5419079550379823,0.281767955801105,0.3210886003658803
yzvx3unhcp7,2019-07-01,0.5011666666666666,0.0,0.5011666666666666,19.0,18.0,18.0,181,1.843803056027165,0.36583983101790196,0.7734806629834254,0.0062929762597761126
z07oqi6s057,2019-07-01,6.2135,6.2135,0.0,9.0,11.0,10.0,178,1.7943548387096775,0.4260702510436199,0.8370786516853933,1.771468926428197e-05
z0vtx91tdv6,2019-07-01,3.5406666666666666,3.5406666666666666,0.0,13.0,15.0,11.0,180,1.2774193548387096,0.3506043206644547,0.7444444444444445,0.001074243278918236
z0wxc65p0kt,2019-07-01,2.0683333333333334,35.36849999999997,-33.300166666666634,28.0,9.0,18.0,154,2.8844953173777315,0.6674023709554644,0.8506493506493507,0.013172189413115173
z13887l6360,2019-07-01,6.65,9.31,-2.66,17.0,23.0,2.0,181,0.25385694249649365,0.7003503754133825,0.8729281767955801,8.829905616330087e-09
z139wb0rpdi,2019-07-01,1.720666666666667,2.551333333333334,-0.8306666666666669,59.0,73.0,30.0,181,0.576188455008489,0.38824344706339964,0.35359116022099446,6.435285027277251e-08
z18gp0z5c92,2019-07-01,2.7866666666666666,3.4833333333333334,-0.6966666666666668,6.0,7.0,2.0,169,0.9912023460410557,0.8262519638054168,0.9467455621301775,9.750591280052138e-06
z5ecm85agcp,2019-07-01,5.932500000000001,2.5425000000000004,3.3900000000000006,32.0,20.0,11.0,177,1.1850273889227023,0.6247886233108464,0.7966101694915254,0.022700840258664437
z7y1m5htyi6,2019-07-01,1.981,1.981,0.0,20.0,18.0,19.0,180,1.9021134593993325,0.3522043345272063,0.75,0.002527962485716237
z8mvztob2ra,2019-07-01,7.6049999999999995,7.6049999999999995,0.0,58.0,57.0,36.0,180,0.9010011123470523,0.17254349824318846,0.4388888888888889,1.0819728014413342e-05
z8wk9rqxwr3,2019-07-01,3.3435,3.3435,0.0,13.0,12.0,7.0,181,1.277217741935484,0.8329162440138084,0.856353591160221,0.002418540332256497
z9a83r0oi2s,2019-07-01,10.041166666666667,3.6513333333333335,6.389833333333334,14.0,7.0,3.0,179,0.8248847926267281,0.5960983382914062,0.8994413407821229,0.00010901818414141469
zaylfiu3t1u,2019-07-01,4.066666666666666,1.6266666666666667,2.4399999999999995,48.0,42.0,38.0,180,1.297912713472486,0.8724652370119136,0.5277777777777778,0.17341282683725778
zbfibr6hurh,2019-07-01,5.600833333333333,26.985833333333332,-21.384999999999998,39.0,81.0,28.0,181,0.5560675883256528,0.6256594359250177,0.3370165745856354,0.013916814681348425
zbh01a5r19e,2019-07-01,0.4176666666666667,7.935666666666659,-7.517999999999993,37.0,32.0,35.0,181,1.6480228928199794,0.3687421791722158,0.5469613259668509,0.003981740227335923
zbhq7kn5lch,2019-07-01,8.6165,4.9885,3.628,21.0,13.0,2.0,149,0.4806451612903226,1.4771733061407744,0.9328859060402684,2.317515244672909e-22
zcae9uugldd,2019-07-01,3.204666666666667,5.389666666666668,-2.1850000000000005,33.0,48.0,11.0,179,0.3224168986409039,0.36006676997857046,0.45251396648044695,0.0019484622402850325
zfberkxgv20,2019-07-01,58.47566666666661,2.1983333333333333,56.27733333333328,16.0,28.0,23.0,173,1.258380771663504,0.411385461917503,0.5895953757225434,0.002075106651672713
zgkr5xqhojb,2019-07-01,76.38666666666667,76.38666666666667,0.0,14.0,15.0,4.0,174,0.45819618169848586,0.42196374030314293,0.7758620689655172,0.0028871445069117816
zipmafti4g1,2019-07-01,1.8646666666666667,2.5639166666666666,-0.6992499999999999,8.0,11.0,0.0,179,0.0,0.513887778309655,0.8156424581005587,0.028589136037836076
zj64d52k9q7,2019-07-01,6.83,6.374666666666667,0.4553333333333329,16.0,15.0,1.0,34,0.1096774193548387,0.14951158704731535,0.7941176470588235,0.7073579619846552
zksy90vagbq,2019-07-01,5.478000000000001,4.565,0.9130000000000003,6.0,5.0,0.0,177,0.0,0.8217120974483926,0.943502824858757,0.00025681193566007114
zlhn3nrz3k1,2019-07-01,62.56083333333334,62.56083333333334,0.0,4.0,3.0,0.0,176,0.0,1.1290695968610351,0.9545454545454546,0.003918896231703113
zln2y9igepl,2019-07-01,5.792000000000001,2.4133333333333336,3.378666666666667,12.0,5.0,0.0,102,0.0,0.3925233644859813,0.9019607843137255,0.0034599853186202357
zlotfdl38em,2019-07-01,0.7646666666666667,0.7646666666666667,0.0,9.0,9.0,13.0,167,2.5937873357228196,0.654471891771456,0.844311377245509,0.00024688521105991175
zmfygnjunvg,2019-07-01,6.947333333333334,3.678,3.269333333333334,67.0,51.0,33.0,181,0.926333746898263,0.3561047671973591,0.40331491712707185,0.0043628683150767865
zn8hlznf8sn,2019-07-01,0.975,0.975,0.0,20.0,19.0,13.0,175,1.0792220113851994,0.3587237611182801,0.7085714285714285,0.004840890694228289
zp1rwp87tf5,2019-07-01,1.9266666666666667,1.9266666666666667,0.0,19.0,19.0,22.0,180,1.8513323983169705,0.3657951579615422,0.6888888888888889,0.0005107621939878643
zpherp7b4jh,2019-07-01,3.534,3.534,0.0,3.0,3.0,5.0,145,3.8978494623655915,0.5091390355712799,0.9586206896551724,3.098059109973682e-05
zpsnofwjlcz,2019-07-01,5.6315,5.6315,0.0,30.0,46.0,27.0,181,1.1101771921853703,0.3260927519176463,0.6298342541436464,8.222118731130608e-06
zqfq9f9snut,2019-07-01,3.5333333333333337,2.8266666666666667,0.706666666666667,122.0,112.0,72.0,181,0.8357596357339833,0.17124739072523606,0.12154696132596685,0.009150807475918852
zrf0353r09a,2019-07-01,1.4183333333333334,1.4183333333333334,0.0,24.0,32.0,13.0,75,0.8986175115207373,1.3282214934267957,0.7866666666666666,0.001946770278260956
zrfszsmtrqz,2019-07-01,1.4058333333333335,1.4058333333333335,0.0,21.0,17.0,18.0,118,1.85178727114211,0.6621756063778667,0.7457627118644068,0.16847423186258903
zrppmx95hn7,2019-07-01,24.224666666666664,1.7303333333333333,22.49433333333333,18.0,5.0,4.0,152,1.6344086021505377,1.4538402535324224,0.9276315789473685,0.25517431009726377
zrwszghee8o,2019-07-01,3.156666666666667,3.156666666666667,0.0,2.0,3.0,1.0,127,1.0241935483870968,1.0517040410838059,0.968503937007874,0.0004885436159878156
zsqz7tsc82y,2019-07-01,1.3530000000000002,1.3530000000000002,0.0,9.0,9.0,6.0,167,1.0100806451612903,0.42516173393192386,0.8143712574850299,0.0011785206959289158
zt8wbfthf9r,2019-07-01,5.192,5.192,0.0,18.0,11.0,4.0,179,0.12975715839072127,1.716768284242378,0.8156424581005587,0.00013188199191591663
ztlz8g6ruwy,2019-07-01,16.610000000000003,12.684000000000001,3.926000000000002,57.0,44.0,2.0,177,0.07663996536046763,0.8116888065700792,0.6666666666666666,0.0019426187239235228
zu79ttunx8i,2019-07-01,6.1383333333333345,4.603750000000001,1.5345833333333339,4.0,3.0,0.0,158,0.0,1.1994404559657839,0.9746835443037974,8.356883773870291e-05
zucuh515bef,2019-07-01,7.398333333333334,7.398333333333334,0.0,25.0,31.0,45.0,165,2.993951612903226,0.5748396485528696,0.7393939393939394,0.0005279911489717132
zwh5yhmu14w,2019-07-01,3.944,3.944,0.0,12.0,13.0,5.0,181,0.6346423562412341,0.21378853165086303,0.7790055248618785,6.734737041883897e-05
zwn2h1f7u7w,2019-07-01,4.840999999999999,3.0385,1.8024999999999993,301.0,266.0,207.0,181,1.1532565870475253,0.1771044627999899,0.13812154696132597,0.0005697255064501847
zwrkukkkqjr,2019-07-01,21.507833333333334,21.507833333333334,0.0,0.0,3.0,0.0,167,0.0,2.6255458716732334,0.9820359281437125,1.0288836454551624e-12
zwxob9kqvc9,2019-07-01,10.836333333333334,20.019666666666666,-9.183333333333332,59.0,109.0,0.0,136,0.0,0.40589879136931273,0.2647058823529412,0.2651833122220767
zxrr7xzpmxx,2019-07-01,0.4925000000000001,0.19700000000000004,0.2955000000000001,33.0,30.0,28.0,180,1.5632754342431763,0.626122823260758,0.65,0.03434080849066455
zy48ee9b466,2019-07-01,6.610666666666667,5.7843333333333335,0.8263333333333334,26.0,24.0,10.0,46,0.6182795698924731,0.09309493362512625,0.5652173913043478,0.0856804012415397
zyhrrhik7zt,2019-07-01,7.311833333333334,9.620833333333334,-2.3089999999999993,24.0,30.0,5.0,177,0.2826572979878633,0.31856065229113406,0.7062146892655368,0.0029519764020686312
zyz4lcusiy6,2019-07-01,1.9849999999999999,1.9849999999999999,0.0,8.0,13.0,6.0,173,1.3393548387096772,0.5485962969996748,0.9132947976878613,1.8128321913373125e-05
zzm73krlac0,2019-07-01,7.141666666666667,7.855833333333334,-0.7141666666666673,21.0,60.0,5.0,179,0.18507030603804797,1.550048996907674,0.8324022346368715,0.12795104070091418
01ntrj3qj9j,2019-08-01,4.873333333333334,49.01999999999995,-44.14666666666662,244.0,140.0,176.0,212,1.6243089112359061,0.21214209964755,0.09905660377358491,0.0696294104842324
02fouwduzgn,2019-08-01,4.462,1.8591666666666664,2.6028333333333333,12.0,5.0,0.0,173,0.0,0.7757580512096671,0.9190751445086706,0.0004726350003175883
02mrj37btaj,2019-08-01,57.19366666666668,57.19366666666668,0.0,16.0,14.0,7.0,196,1.079464988198269,0.7754471864213097,0.8622448979591837,0.0035990187723540603
02pk9tq4a7l,2019-08-01,5.063333333333334,3.920000000000001,1.1433333333333335,354.0,326.0,230.0,211,1.097814776274714,0.38481570857827796,0.14691943127962084,0.002142001981133201
039mzypf7lf,2019-08-01,58.29833333333328,54.134166666666616,4.164166666666667,10.0,11.0,24.0,180,3.66723259762309,0.3792784184410396,0.7944444444444444,0.00040855396865971096
04gwopyn6ng,2019-08-01,0.9025,0.9025,0.0,48.0,48.0,33.0,210,0.9087332808811959,0.2903020653578527,0.49523809523809526,3.463402381557759e-07
04vc71z1knc,2019-08-01,1.866666666666667,2.016,-0.1493333333333331,73.0,75.0,48.0,209,0.9272576023662076,0.368143420125836,0.3349282296650718,0.006919311571475469
06m0unfyki1,2019-08-01,19.389333333333337,19.389333333333337,0.0,43.0,42.0,14.0,202,0.5212903225806451,0.29013361075729227,0.5495049504950495,4.32789820029197e-07
06yoc7bt928,2019-08-01,0.9586666666666668,2.8760000000000003,-1.9173333333333336,0.0,6.0,0.0,181,0.0,1.4811205302017552,0.9723756906077348,9.838618796967257e-05
06zjudzbk1m,2019-08-01,0.8739999999999999,0.8739999999999999,0.0,28.0,27.0,16.0,212,0.9118279569892473,0.8477793769204013,0.660377358490566,0.016417592012731602
0798slmbnf9,2019-08-01,33.79416666666666,33.79416666666666,0.0,1.0,3.0,2.0,127,2.7311827956989245,1.5013015186830392,0.984251968503937,0.0011595752244811255
07p7qcx41nf,2019-08-01,4.822333333333334,7.517166666666667,-2.6948333333333334,66.0,85.0,32.0,212,0.6712843855135563,0.587952694778796,0.37735849056603776,0.00029277421142937123
07pcigvb0g5,2019-08-01,1.1355000000000002,0.8831666666666668,0.2523333333333334,39.0,37.0,30.0,212,1.121099947117927,0.2753329179271095,0.4811320754716981,0.000875379883287768
08ux4d1znud,2019-08-01,1.806,1.806,0.0,10.0,10.0,3.0,181,0.7298387096774194,0.7750378957267715,0.9060773480662984,0.000668024783990629
09tbi8ws4kv,2019-08-01,69.01116666666661,766.387166666666,-697.3759999999993,340.0,148.0,359.0,200,3.5742731979291116,0.8140703068355141,0.295,0.14510066249644393
0amazxhzuxn,2019-08-01,1.086,1.086,0.0,23.0,18.0,35.0,205,2.893145161290323,0.44664739127401565,0.7658536585365854,0.0005346261950247959
0b9zwxddi88,2019-08-01,22.68599999999998,20.165333333333315,2.5206666666666635,28.0,30.0,38.0,211,1.8607565560454862,0.3489529743133852,0.5213270142180095,0.0006417125093380975
0bdpo7dmmsb,2019-08-01,680.8966666666662,222.60083333333318,458.295833333333,42.0,77.0,94.0,212,3.7374343585896472,1.231125542576069,0.8207547169811321,3.7443847291119624e-05
0bq7mfzn9lk,2019-08-01,33.417833333333306,200.50699999999983,-167.08916666666653,11.0,6.0,12.0,146,5.13782991202346,1.421181874697365,0.958904109589041,0.19419317133758485
0c60xrjm0te,2019-08-01,3.3900000000000006,3.3900000000000006,0.0,12.0,7.0,1.0,198,0.2554838709677419,0.699597848255418,0.9040404040404041,7.12368460680592e-06
0enkgy0xzpy,2019-08-01,6.475833333333333,6.816666666666666,-0.3408333333333333,30.0,31.0,11.0,210,0.5439133506004239,0.2278892791229673,0.5761904761904761,2.8530028270614017e-06
0g59nta5c4b,2019-08-01,2.6460000000000004,3.6750000000000007,-1.0290000000000004,34.0,41.0,16.0,211,0.5762075439494794,0.5402841217168393,0.5781990521327014,8.019296551138952e-05
0glsii58kqc,2019-08-01,10.138333333333334,2.995416666666667,7.142916666666666,76.0,33.0,32.0,208,1.5787476280834913,1.1858254579135707,0.75,0.0010520137284591332
0h0iris3jbm,2019-08-01,16.28866666666667,16.28866666666667,0.0,533.0,555.0,807.0,104,1.7718290829251815,0.5217574983707702,0.25,0.05622630684618996
0idal3ttka1,2019-08-01,3.133666666666667,3.133666666666667,0.0,9.0,7.0,0.0,95,0.0,0.7998113721430606,0.9368421052631579,0.016383984894777392
0j7yiv8zurj,2019-08-01,19.683999999999983,19.683999999999983,0.0,30.0,21.0,85.0,211,5.21214763150247,0.4762944908417002,0.6540284360189573,0.00017918012805646441
0jbcen7ikmq,2019-08-01,3.0835000000000004,1.6151666666666669,1.4683333333333335,23.0,13.0,2.0,173,0.42928039702233245,1.0482131193631365,0.9132947976878613,0.006176354023592201
0jdtxgpze7j,2019-08-01,7.593666666666667,8.792666666666667,-1.1990000000000007,45.0,56.0,34.0,208,0.8707214971681851,0.22903416050021178,0.3798076923076923,0.001432918382284485
0m9896yuiju,2019-08-01,9.133333333333335,3.4250000000000007,5.708333333333334,24.0,14.0,8.0,46,1.0791788856304985,0.19025866740489072,0.8260869565217391,0.2820589479879787
0m9x8cpstjf,2019-08-01,1.352,1.5210000000000001,-0.16900000000000004,10.0,11.0,2.0,210,0.3225806451612903,0.4827691198137885,0.8428571428571429,8.72776208320761e-05
0nc2otlja04,2019-08-01,18.955666666666666,7.530333333333333,11.425333333333333,146.0,58.0,0.0,102,0.0,0.22679308270550744,0.3137254901960784,0.8287785202622631
0ncvx0wbjs4,2019-08-01,44.28899999999995,62.332666666666604,-18.043666666666653,133.0,122.0,160.0,41,1.627791563275434,0.08109160536141317,0.1951219512195122,0.3456373689741613
0nfbjmv4wcf,2019-08-01,378.74283333333295,720.9803333333326,-342.23749999999967,203.0,128.0,286.0,212,2.967937735571981,0.36570145832579054,0.18396226415094338,0.11498743834336567
0osqqj1wazo,2019-08-01,9.08,9.08,0.0,10.0,17.0,6.0,212,0.603415559772296,0.3892614630468456,0.7405660377358491,0.002081427954080989
0pt3oj1rdoz,2019-08-01,4.5521666666666665,3.3106666666666666,1.2414999999999998,34.0,31.0,23.0,73,1.1283602150537635,0.1459670667081439,0.6575342465753424,0.026002772779882666
0r5rp29qa6d,2019-08-01,1.854,1.854,0.0,9.0,9.0,5.0,212,1.0685483870967742,0.3077830860424932,0.8679245283018868,7.570423286438327e-08
0rfavjq4hrn,2019-08-01,113.19933333333333,113.19933333333333,0.0,16.0,9.0,6.0,209,1.3948832035595105,0.7842197800841171,0.8995215311004785,1.0322197201394298e-05
0srfeji2ly0,2019-08-01,39.93983333333334,39.93983333333334,0.0,16.0,18.0,20.0,208,2.2744669218151996,0.4466433268494365,0.7980769230769231,3.181730421244623e-07
0u7xk68h5ou,2019-08-01,5.8613333333333335,5.128666666666667,0.7326666666666668,12.0,5.0,4.0,105,1.3548387096774195,0.5481762192056294,0.9238095238095239,0.0012490879375073292
0ug6xcxo0y5,2019-08-01,9.620000000000001,35.150000000000006,-25.530000000000005,70.0,208.0,18.0,212,0.18209581981294143,1.312977484673881,0.38207547169811323,0.002155636661207737
0uwwx7ut7g3,2019-08-01,2.1166666666666667,0.10583333333333333,2.0108333333333333,37.0,18.0,17.0,201,1.5309139784946235,0.9095039291560796,0.7711442786069652,0.05290437797169285
0v5gffwkaf5,2019-08-01,2.1558333333333333,1.99,0.16583333333333328,24.0,23.0,11.0,212,0.7030449201085318,0.4186946748073167,0.6509433962264151,0.00759465240576437
0vfedsdz82m,2019-08-01,3.0870000000000006,0.8820000000000001,2.2050000000000005,39.0,23.0,18.0,212,1.2068311195445922,0.7655102720111345,0.6792452830188679,0.0028013294711948847
0wgs83rhkqk,2019-08-01,0.881,0.7341666666666667,0.14683333333333326,6.0,5.0,0.0,136,0.0,0.4118549327089672,0.9264705882352942,8.753654627497259e-06
0zo41cr2vub,2019-08-01,21.93866666666665,24.68099999999998,-2.742333333333331,15.0,14.0,23.0,206,3.32258064516129,0.6238511464795303,0.8446601941747572,0.012209101505255516
0zzwcumq4qj,2019-08-01,7.3149999999999995,6.1655,1.1494999999999997,109.0,86.0,39.0,209,0.8090322580645162,0.4110986030875301,0.5933014354066986,1.1358737779493921e-05
10b7m8mhs11,2019-08-01,14.290333333333335,14.290333333333335,0.0,6.0,3.0,0.0,143,0.0,0.6208193510729726,0.951048951048951,0.0012297730362026277
10xfjy4d39q,2019-08-01,1.8900000000000003,0.9450000000000002,0.9450000000000002,10.0,5.0,0.0,204,0.0,1.2148383335600166,0.9411764705882353,1.1727811425224761e-05
145ynp7dty4,2019-08-01,1.2845,10.459499999999991,-9.174999999999992,87.0,57.0,66.0,211,1.6576598024044755,0.5463819353405901,0.5260663507109005,0.015017371588073213
14suo0mpm7g,2019-08-01,1.8763333333333334,0.7938333333333334,1.0825,120.0,105.0,94.0,212,1.1458800529009256,0.26788703421964305,0.1320754716981132,0.009451638144809468
15sra9bxazd,2019-08-01,15.681333333333322,31.362666666666644,-15.681333333333322,29.0,27.0,31.0,212,1.7520661157024793,0.3316289542586882,0.6226415094339622,0.00011252527588301932
16pglkxmv44,2019-08-01,7.86,7.86,0.0,14.0,11.0,5.0,208,0.6989247311827956,0.34920805838376334,0.8076923076923077,1.9882473726954525e-05
170nmxeyo7u,2019-08-01,6.976666666666667,6.976666666666667,0.0,18.0,13.0,13.0,163,1.5189964157706093,0.35250684628223794,0.7791411042944786,0.0015665559299081202
18iebc6js9a,2019-08-01,3.5349999999999997,3.5349999999999997,0.0,8.0,7.0,3.0,211,0.7562724014336918,0.49496784997408216,0.8815165876777251,3.6240510491626935e-05
18wt5lcja0u,2019-08-01,2.9564999999999997,2.5915,0.36499999999999977,168.0,158.0,87.0,212,0.8251979777191177,0.6734626825915796,0.44339622641509435,0.012043786009445773
19ad6vgw8rb,2019-08-01,2.128,27.664,-25.536,4.0,16.0,3.0,212,0.3477310005467468,0.86005884814501,0.8113207547169812,0.02247554710299628
19c6thiw8oy,2019-08-01,8.206333333333333,8.206333333333333,0.0,11.0,7.0,0.0,165,0.0,0.8153863411078984,0.9090909090909091,0.0032034946512965743
1cqu4739nyz,2019-08-01,5.691666666666667,5.691666666666667,0.0,11.0,11.0,20.0,201,3.6021505376344085,0.6695273315488225,0.8407960199004975,0.008792121681786988
1dgfb3ormrv,2019-08-01,7.7484166666666665,7.7484166666666665,0.0,30.0,21.0,9.0,108,0.6398946675444371,0.3740289466192855,0.6759259259259259,0.10310784311063481
1dn8bogwen2,2019-08-01,0.24133333333333337,0.543,-0.30166666666666664,25.0,30.0,21.0,210,1.0859394237872444,0.438865916410483,0.5952380952380952,0.0006316661826242066
1dpc1483i03,2019-08-01,3.1200000000000006,1.8720000000000003,1.2480000000000002,17.0,11.0,2.0,59,0.29280397022332505,0.39602506005791205,0.8135593220338984,0.29780762988710174
1edyi2s93vv,2019-08-01,1.2786666666666666,1.2786666666666666,0.0,25.0,21.0,9.0,205,0.6073074391046742,0.5257315750035112,0.7073170731707317,0.007338144720020216
1epwutoik36,2019-08-01,8.129333333333333,7.113166666666666,1.0161666666666669,10.0,9.0,2.0,196,0.4079084287200832,0.29903680493788576,0.8622448979591837,2.9928455064207535e-06
1fhnngzkx15,2019-08-01,2.4851666666666667,2.6763333333333335,-0.1911666666666667,25.0,26.0,12.0,60,0.8602150537634408,0.6341221953971656,0.7166666666666667,0.1836638040683496
1h289no4e56,2019-08-01,5.0440000000000005,0.19400000000000003,4.8500000000000005,32.0,7.0,6.0,64,2.47741935483871,1.246691874989048,0.9375,0.6103358866002584
1hzbzwb869b,2019-08-01,2.7626666666666666,2.7626666666666666,0.0,14.0,14.0,8.0,192,1.1797235023041475,0.536620188426788,0.8385416666666666,0.0010617204875280417
1i576jf9h31,2019-08-01,1.319,0.6595,0.6595,14.0,11.0,8.0,179,1.319815668202765,0.8307761550353212,0.8491620111731844,0.018023463630967233
1in1p2rxvwg,2019-08-01,9.169333333333334,3.78733333333333,5.382000000000004,93.0,46.0,47.0,211,1.3908835904628332,0.4808230678213394,0.4597156398104265,0.004817833241279409
1ipn12timoa,2019-08-01,0.7785000000000001,0.7785000000000001,0.0,6.0,5.0,3.0,125,1.0080645161290323,0.531932994366737,0.904,0.018599791046452686
1ixdnyfh8yq,2019-08-01,0.11716666666666668,0.11716666666666668,0.0,11.0,11.0,10.0,210,1.5395894428152492,0.5935922819616013,0.8333333333333334,0.00035516283586260717
1ka3cex1gw0,2019-08-01,30.530500000000004,24.524500000000003,6.006,63.0,51.0,2.0,51,0.06327543424317618,0.10024241646422138,0.6666666666666666,0.34490209509975733
1ktd9jpuw1d,2019-08-01,1.8640000000000003,1.7086666666666668,0.15533333333333355,18.0,17.0,6.0,204,0.5640552995391704,0.35088803169028093,0.7205882352941176,0.0018213310269579047
1laxvyyloif,2019-08-01,0.8900000000000001,0.534,0.3560000000000001,11.0,9.0,6.0,203,1.1225806451612903,0.38482670070696395,0.8817733990147784,3.720031493351792e-07
1lg71vrhjpj,2019-08-01,16.421666666666667,925.4583333333323,-909.0366666666657,339.0,81.0,280.0,120,5.136829231004434,0.7694313996268992,0.5,0.9931971432898843
1lmp6gvxyqy,2019-08-01,1.6578333333333335,0.9473333333333335,0.7105,24.0,21.0,17.0,212,1.211021505376344,0.5154316555530015,0.6698113207547169,0.00014162070080797173
1m0w0h22elj,2019-08-01,3.7040000000000006,2.7780000000000005,0.9260000000000002,36.0,29.0,12.0,34,0.6580645161290323,0.0266248885085128,0.5882352941176471,0.1691356763715297
1m1mft53hk7,2019-08-01,27.435999999999975,151.61999999999986,-124.18399999999988,369.0,197.0,407.0,211,2.844174339272703,0.4212404800380954,0.18009478672985782,0.47572003516064953
1mwy8n9ivf2,2019-08-01,10.113333333333333,10.113333333333333,0.0,10.0,5.0,2.0,169,0.6814516129032258,1.4710002746123485,0.9467455621301775,0.0001872814074559021
1n9xh1fny9w,2019-08-01,7.582,3.9025,3.6795,82.0,23.0,14.0,162,0.9032258064516129,0.8288251986767932,0.6851851851851852,0.5197377891497547
1nk73f30pwv,2019-08-01,61.793666666666674,35.31066666666667,26.483000000000004,14.0,3.0,0.0,51,0.0,4.582575694955839,0.9803921568627451,
1p8n6eftxni,2019-08-01,2.6390000000000002,2.6390000000000002,0.0,4.0,5.0,0.0,179,0.0,0.8350334187602799,0.9497206703910615,7.198714654675202e-05
1pztxak9xyv,2019-08-01,3.629,7.258,-3.629,6.0,7.0,5.0,189,2.032258064516129,0.8760030916065443,0.9470899470899471,8.454857194342152e-06
1q7rekcza9b,2019-08-01,1.5099999999999998,1.5099999999999998,0.0,14.0,7.0,5.0,212,1.1790878754171301,0.569506817141072,0.9009433962264151,0.027307241744523276
1stslvp97hu,2019-08-01,14.032666666666668,14.032666666666668,0.0,24.0,17.0,18.0,101,1.5432937181663837,0.20975043207924898,0.7029702970297029,0.0007054328530253393
1t7pyqara3n,2019-08-01,21.026666666666646,231.2933333333331,-210.26666666666645,249.0,169.0,257.0,211,2.075039222439062,0.44466168274460544,0.17061611374407584,0.026596741933279367
1uuae2zqy2b,2019-08-01,2.118,2.118,0.0,4.0,3.0,2.0,193,3.1129032258064515,1.5849983289252687,0.9792746113989638,1.1207220990925168e-05
1uulpoadh2n,2019-08-01,49.245000000000005,49.245000000000005,0.0,40.0,39.0,28.0,212,1.113278319579895,0.5724415645976217,0.5424528301886793,0.010406172898582748
1ve6uxxky5x,2019-08-01,0.792,0.7626666666666667,0.029333333333333322,27.0,26.0,0.0,199,0.0,1.0627706240245163,0.9045226130653267,0.0005044247818985615
1wsuv6pcgn3,2019-08-01,2.027,0.3378333333333334,1.6891666666666667,10.0,5.0,4.0,203,1.3786078098471986,0.6734638717685116,0.9261083743842364,3.978777929003623e-05
1y41tivcgd8,2019-08-01,3.373666666666667,4.071666666666667,-0.6980000000000004,68.0,74.0,39.0,210,0.6826706676669168,0.3910770794126764,0.22380952380952382,0.030346654848200424
1ypqvxb97jc,2019-08-01,2.101166666666667,2.101166666666667,0.0,13.0,14.0,9.0,194,1.3737214791502754,0.5350175530959995,0.8298969072164949,1.29175087008892e-05
1yxiyjkxtdt,2019-08-01,5.992000000000001,3.7450000000000006,2.2470000000000003,24.0,15.0,0.0,190,0.0,0.28140542276997366,0.7842105263157895,0.0004306291144754879
1z5vhdsnbfh,2019-08-01,111.91583333333334,77.18333333333334,34.7325,32.0,23.0,3.0,208,0.27956989247311825,0.459689583621363,0.8413461538461539,1.4479279406430331e-05
1z8pvo3mwcp,2019-08-01,14.205000000000002,14.994166666666652,-0.7891666666666506,198.0,103.0,108.0,212,1.4014813001163005,0.373163676923357,0.24056603773584906,0.019048400967330497
20b4l2pe9i2,2019-08-01,2.9965,3.2270000000000003,-0.23050000000000015,31.0,32.0,18.0,212,0.8206451612903227,0.19730549785007812,0.5424528301886793,2.5586494949348015e-07
20gq5x8lbtb,2019-08-01,5.2363333333333335,5.2363333333333335,0.0,11.0,11.0,0.0,184,0.0,0.4731505238173433,0.8260869565217391,0.00698003975168176
20m462qom05,2019-08-01,2.44,2.033333333333333,0.40666666666666673,160.0,152.0,112.0,212,0.9467682124486623,0.3061850412570052,0.1179245283018868,0.0028538235109674278
23ie888k9ej,2019-08-01,41.57516666666663,72.20949999999993,-30.634333333333302,573.0,559.0,592.0,212,1.2984336526723086,0.19366052760102803,0.02358490566037736,0.00278754953375573
25czj70u5tv,2019-08-01,37.92333333333333,37.005833333333335,0.9174999999999969,205.0,202.0,81.0,212,0.6120834075922295,0.36475395661785304,0.28773584905660377,8.338360610775787e-06
26ll7kny13u,2019-08-01,7.5545,29.696999999999974,-22.142499999999973,158.0,123.0,129.0,71,1.5388104838709677,0.1641241981473491,0.23943661971830985,0.20128577711355344
27ehlrfdh1k,2019-08-01,2.5538333333333334,2.5538333333333334,0.0,9.0,9.0,7.0,207,1.558064516129032,0.5682048924470117,0.8647342995169082,1.639545072522488e-06
28g1xuzalw2,2019-08-01,89.512,72.7285,16.783500000000004,21.0,14.0,5.0,210,0.42338709677419356,1.835544028223493,0.861904761904762,0.00220014436798642
2a1qkdnx82w,2019-08-01,3.8115000000000006,2.079,1.7325000000000004,15.0,10.0,4.0,181,0.8982630272952854,0.9181364751224432,0.9005524861878453,0.0025846660996673176
2b4ihdyts1t,2019-08-01,7.245333333333334,33.75349999999997,-26.508166666666632,789.0,530.0,581.0,212,1.3767464735206671,0.32825704336002565,0.0660377358490566,0.23845138918983338
2btl1931ku8,2019-08-01,0.8935,0.8935,0.0,3.0,5.0,5.0,208,2.7956989247311825,0.6830487445818663,0.9423076923076923,2.0262165089165205e-05
2dy3bnzuk83,2019-08-01,2.0973333333333333,2.0973333333333333,0.0,9.0,11.0,6.0,212,1.025806451612903,0.594190012099823,0.8349056603773585,0.0013591498243948022
2eeza4ibzl7,2019-08-01,13.845333333333334,17.013333333333335,-3.168000000000001,93.0,157.0,12.0,211,0.14716652136006975,1.4771088908493437,0.4786729857819905,9.833650017810557e-05
2fhh6s9iyrl,2019-08-01,7.84,7.35,0.4900000000000002,20.0,19.0,4.0,205,0.372557928214448,0.2715235719804267,0.7365853658536585,2.907830872599258e-06
2geezvbvufl,2019-08-01,3.620833333333333,162.60833333333318,-158.98749999999984,95.0,58.0,84.0,71,2.3461841070023604,0.20449162994634318,0.5492957746478874,0.2685180530490236
2gnhi26f2t3,2019-08-01,1.8440000000000003,1.3830000000000002,0.4610000000000001,12.0,9.0,0.0,174,0.0,0.4056808978333195,0.8620689655172413,0.0004264949523058513
2hf1tmsgvaj,2019-08-01,13.779833333333336,2.3758333333333335,11.404000000000003,34.0,10.0,5.0,30,1.2096774193548387,0.0,0.9333333333333333,0.268386752540016
2j05vgnko4z,2019-08-01,0.7023333333333334,0.3511666666666667,0.3511666666666667,8.0,7.0,6.0,207,1.335483870967742,0.5825280098699087,0.8647342995169082,5.467234166427903e-05
2k9efx7e9j9,2019-08-01,13.385166666666665,13.385166666666665,0.0,10.0,7.0,2.0,153,0.41129032258064513,0.473524224003592,0.8627450980392157,0.0010230566142942243
2kpz7m3e817,2019-08-01,2.3270000000000004,2.3270000000000004,0.0,18.0,13.0,7.0,212,0.8548387096774194,0.5120237005174118,0.7830188679245284,0.0011156365723303991
2ldpgf1qqo0,2019-08-01,5.555000000000001,5.555000000000001,0.0,51.0,36.0,38.0,212,1.4599492569771657,0.4418182014969175,0.5047169811320755,0.0015243044803615684
2ofpw4mlpik,2019-08-01,266.1139999999997,239.32399999999973,26.789999999999964,518.0,533.0,667.0,164,1.6589775088341903,0.24895666108791442,0.03048780487804878,0.0014707633333433156
2pe0wltwkej,2019-08-01,8.439833333333333,8.653500000000001,-0.21366666666666845,173.0,175.0,94.0,212,0.7222906850308083,0.20397252515134218,0.07547169811320754,2.5536137565443956e-06
2phci22bxd2,2019-08-01,1.8626666666666667,1.8626666666666667,0.0,51.0,29.0,30.0,210,1.5753938484621155,0.4386035955656451,0.638095238095238,0.0009265379120644449
2shgz5q8uks,2019-08-01,6.153333333333334,5.384166666666667,0.769166666666667,64.0,58.0,24.0,209,0.5411587010464991,0.28388299000356165,0.3588516746411483,3.2717244150421802e-06
2sukrpnwqux,2019-08-01,1.119,0.8703333333333334,0.2486666666666666,9.0,7.0,0.0,184,0.0,0.3092552900005924,0.875,0.00013278889541920593
2tj29jjqk4l,2019-08-01,0.19483333333333333,0.9741666666666666,-0.7793333333333333,30.0,34.0,29.0,212,1.2167029487433207,0.3726116358874748,0.5,0.0029818540356794676
2uavtrp0njq,2019-08-01,0.0,7.199,-7.199,38.0,84.0,38.0,212,0.5919612021456389,0.5093225766003537,0.25,0.12178480462936159
2uvgwox1u1s,2019-08-01,0.4599999999999999,101.38399999999989,-100.9239999999999,132.0,69.0,127.0,212,2.5469681203292027,0.3794549237947804,0.3113207547169811,0.021759427533152204
2vvgy127c7u,2019-08-01,1.7453333333333336,1.5913333333333335,0.15400000000000014,63.0,56.0,29.0,211,0.7562724014336917,0.5215517395929488,0.4834123222748815,0.00102114035023063
2wdqew71ht9,2019-08-01,8.312499999999993,2.916666666666667,5.395833333333326,55.0,78.0,58.0,212,1.0383381185610538,0.38702990011124827,0.36792452830188677,0.0017742936971721626
2wn3snp0fin,2019-08-01,2.33,62.71583333333328,-60.38583333333328,77.0,48.0,65.0,212,1.984447004608295,0.4098436712860567,0.49528301886792453,0.0057550586365440705
2wxo72zjfx6,2019-08-01,2.9850000000000003,2.9850000000000003,0.0,7.0,7.0,2.0,191,0.58678955453149,0.3641484335166816,0.9057591623036649,3.5976722771507155e-06
2x7c2zvf4x5,2019-08-01,12.5315,1.9415,10.59,199.0,139.0,128.0,212,1.1578767707799966,0.20162367618462393,0.08962264150943396,0.08536446377450718
2xu1nwrwrl3,2019-08-01,106.90983333333324,129.09866666666656,-22.18883333333332,75.0,64.0,128.0,146,2.790919952210275,0.2293324919300777,0.363013698630137,0.0008493548905467865
2xu30w2tks3,2019-08-01,6.844500000000001,6.844500000000001,0.0,4.0,3.0,0.0,129,0.0,1.5275252316519465,0.9844961240310077,0.0013637128892484201
2zxrmobzwmo,2019-08-01,8.899000000000001,12.944,-4.045,61.0,66.0,50.0,212,1.2571157495256167,0.5347144861283278,0.6320754716981132,0.00013297777337192403
3280sc5oytp,2019-08-01,1.2320000000000002,1.2320000000000002,0.0,9.0,7.0,6.0,182,1.761290322580645,0.5532071200973733,0.9120879120879121,2.9142724461061548e-05
32rwb9yb78d,2019-08-01,8.318833333333325,0.0,8.318833333333325,6.0,7.0,7.0,78,1.7612903225806453,0.35758468285292955,0.8717948717948718,0.010953253839689626
330isotvbaa,2019-08-01,2.501333333333333,1.7866666666666666,0.7146666666666666,15.0,7.0,1.0,201,0.2593548387096774,0.7470614374580868,0.9104477611940298,2.8645425914388286e-07
336q9837skz,2019-08-01,13.427333333333332,13.427333333333332,0.0,11.0,11.0,5.0,204,0.7000686341798216,0.44622015422379,0.8137254901960784,0.0017230018393824054
33d8t8rkkg4,2019-08-01,7.571499999999993,0.3985,7.172999999999993,17.0,19.0,18.0,210,1.5835777126099708,0.4479547968266442,0.7380952380952381,0.0001260624288968749
34rh2ygd8xm,2019-08-01,12.314,2.096,10.218,442.0,208.0,160.0,212,0.9717527072709563,0.23099313488029394,0.02358490566037736,0.6100012142461562
354hgryd0kt,2019-08-01,2.863,0.9543333333333334,1.9086666666666665,10.0,7.0,7.0,199,2.139784946236559,0.7226979958814149,0.9296482412060302,7.964837134144408e-05
35jtvam7htr,2019-08-01,18.196666666666665,43.946666666666665,-25.75,61.0,136.0,8.0,212,0.12377755072252225,0.9892835841204597,0.5424528301886793,0.0003453743825101862
35rc1us3p9c,2019-08-01,0.422,32.07199999999997,-31.649999999999967,33.0,23.0,31.0,188,2.0,0.37894304731967543,0.6542553191489362,0.0006608792361310719
362t6uhq78r,2019-08-01,5.674666666666667,10.154666666666667,-4.48,44.0,59.0,25.0,208,0.6378020360603459,0.32579464604915626,0.4375,9.375766416371612e-05
3637hh0mfgb,2019-08-01,14.677,14.677,0.0,19.0,19.0,6.0,211,0.5303728529534981,0.862798723081787,0.7440758293838863,0.02290927965060662
36h83ags0gf,2019-08-01,2.6175,2.7920000000000003,-0.1745000000000001,32.0,33.0,17.0,211,0.7513615416841223,0.3551297189120403,0.6161137440758294,2.902052758407148e-05
36i5a863xvn,2019-08-01,19.498500000000003,8.3565,11.142000000000003,21.0,9.0,0.0,200,0.0,1.2999226323954276,0.89,0.05629757304196597
36ig9yqeqaf,2019-08-01,9.056666666666658,10.703333333333324,-1.6466666666666665,71.0,69.0,82.0,209,2.229188345473465,0.7514918443174998,0.5454545454545454,0.0007566547172735608
36telvtop24,2019-08-01,4.7295,3.3281666666666667,1.401333333333333,36.0,28.0,9.0,54,0.46110056925996207,0.09712418121129118,0.5555555555555556,0.39342690679659664
38f20la1w9p,2019-08-01,3.0175,3.0175,0.0,71.0,45.0,31.0,156,1.1908396946564885,1.3428773634132898,0.8269230769230769,0.0028350254733648444
38q89az3t1k,2019-08-01,21.76766666666665,51.30949999999996,-29.541833333333308,97.0,78.0,111.0,211,1.888790322580645,0.2656932201416373,0.27014218009478674,0.001710917683990897
39g3bv36bvc,2019-08-01,4.708333333333333,5.0,-0.29166666666666696,135.0,142.0,22.0,211,0.20942928039702235,0.5723515058599463,0.44075829383886256,8.828517940114539e-05
39ta8pk4v0t,2019-08-01,28.348,28.348,0.0,13.0,6.0,6.0,212,3.1563275434243176,1.2413887958968073,0.9622641509433962,9.369755716207577e-06
3axyc2nronr,2019-08-01,0.2875,0.2875,0.0,77.0,69.0,83.0,208,1.6331472897549901,0.4066105287770976,0.47115384615384615,9.616012701601534e-05
3aymp8k11ge,2019-08-01,1.52,1.52,0.0,9.0,11.0,8.0,207,1.3697270471464018,0.7901360961928136,0.8454106280193237,0.008073618094034294
3bx5agruial,2019-08-01,3.4298333333333337,0.0,3.4298333333333337,28.0,10.0,15.0,203,3.7779156327543424,1.2462234140352932,0.9359605911330049,0.0010547151526483093
3c7ay0acey7,2019-08-01,45.885000000000005,31.318333333333335,14.56666666666667,126.0,86.0,0.0,115,0.0,1.3471748293893893,0.7913043478260869,0.011272784780036868
3c7r5qc7uti,2019-08-01,3.5088333333333335,7.586666666666667,-4.077833333333333,58.0,101.0,21.0,212,0.30951056729699666,0.9263454725131272,0.2783018867924528,0.1497479436674119
3ch3zt0fpds,2019-08-01,18.128,18.128,0.0,23.0,25.0,21.0,211,1.2011385199240985,0.46875531857074604,0.6540284360189573,0.0005079278830421654
3clcd0p0cmx,2019-08-01,2.2348333333333334,2.2348333333333334,0.0,11.0,7.0,3.0,166,1.004032258064516,0.5415347370591194,0.9337349397590361,0.00061984656310175
3dfjlqeox2m,2019-08-01,0.681,0.681,0.0,118.0,107.0,109.0,212,1.367741935483871,0.27655033721058925,0.2169811320754717,0.01452278619132048
3eex5g91uri,2019-08-01,1.618666666666667,1.4163333333333337,0.20233333333333325,16.0,14.0,0.0,165,0.0,0.43167872273961894,0.806060606060606,0.0024359060397990927
3fpa3d61e38,2019-08-01,4.399500000000001,2.9330000000000003,1.4665000000000004,28.0,21.0,7.0,208,0.49439728353140916,0.36525763694972696,0.6730769230769231,0.004330732972035939
3h2pt34ym7t,2019-08-01,1.9103333333333332,1.9103333333333332,0.0,8.0,7.0,2.0,197,0.47072879330943845,0.3200800109714835,0.8629441624365483,1.4832431888489955e-06
3h3cmkofn32,2019-08-01,10.050666666666666,5.025333333333333,5.025333333333333,13.0,9.0,5.0,212,1.0056925996204933,0.770687392128283,0.8867924528301887,4.679187638499549e-05
3hnbpu6yrce,2019-08-01,35.105,35.105,0.0,4.0,3.0,2.0,194,2.503225806451613,1.1248173739404355,0.9742268041237113,3.791012532539613e-05
3j36f4o1k8r,2019-08-01,111.72116666666665,33.77616666666666,77.945,46.0,16.0,3.0,184,0.2543778801843318,1.7877830582102676,0.9130434782608695,2.615536928287352e-05
3jqboox3uh0,2019-08-01,35.371500000000005,15.720666666666668,19.65083333333334,11.0,6.0,2.0,181,1.2974910394265233,1.5531305446663553,0.9723756906077348,0.00013592273390807273
3jzkr9fxan0,2019-08-01,6.325,6.325,0.0,7.0,9.0,0.0,205,0.0,0.5235002628963286,0.8682926829268293,0.00024144212766446813
3k0hcxf64rf,2019-08-01,65.67349999999993,74.14749999999992,-8.47399999999999,67.0,63.0,98.0,190,2.3280820205051262,0.31229729313860316,0.41578947368421054,0.0017443259757014915
3k9jcbmfy93,2019-08-01,5.252,5.252,0.0,19.0,19.0,12.0,132,0.912442396313364,0.41835090736755515,0.7121212121212122,0.016567857763614944
3koulvna3m6,2019-08-01,52.95,52.95,0.0,18.0,3.0,2.0,60,3.870967741935484,5.477225575051664,0.9833333333333333,
3kzmfb0a8oc,2019-08-01,0.7395,0.5751666666666666,0.16433333333333344,19.0,11.0,10.0,209,1.532258064516129,0.47768239801439305,0.8421052631578947,0.0002438442826876574
3l99onde4vw,2019-08-01,19.074,6.069000000000001,13.005,46.0,12.0,2.0,147,0.35125448028673834,2.8867652898890754,0.9659863945578231,0.00048786839989352706
3pf3ztzns2i,2019-08-01,9.015999999999998,12.143999999999998,-3.128,49.0,66.0,0.0,199,0.0,0.3435715510705798,0.32663316582914576,0.005722121154399155
3pmbc7caor4,2019-08-01,3.7990000000000004,3.7990000000000004,0.0,7.0,5.0,15.0,201,4.862903225806451,0.4565158706307689,0.9104477611940298,1.045570316040911e-06
3pohohidj11,2019-08-01,4.6786666666666665,4.6786666666666665,0.0,17.0,15.0,17.0,210,1.7717121588089328,0.33814090199905006,0.7571428571428571,3.843386224731569e-06
3q5c6qppx3y,2019-08-01,172.8,172.8,0.0,4.0,3.0,3.0,207,4.006451612903226,1.3023187872443773,0.9806763285024155,7.271170814383889e-06
3q5rx5lbjyn,2019-08-01,0.0,0.0,0.0,41.0,38.0,46.0,208,2.7074136955291452,0.8888807811406065,0.8317307692307693,0.00018461458635683867
3qy3ho76fhc,2019-08-01,5.319333333333334,4.309333333333334,1.0099999999999998,177.0,162.0,98.0,212,0.818307140887786,0.12092610572156326,0.1320754716981132,2.858319972902074e-07
3sc73yowp41,2019-08-01,31.48299999999997,20.988666666666646,10.494333333333323,14.0,15.0,17.0,207,1.9240021869874246,0.5259573574588984,0.782608695652174,0.00023121309609964695
3svvg21r52i,2019-08-01,6.881166666666668,6.881166666666668,0.0,10.0,31.0,14.0,207,0.6823640216623498,0.6380542180350068,0.6473429951690821,0.0021908523472818635
3uf8052uhqr,2019-08-01,30.255500000000005,30.255500000000005,0.0,6.0,5.0,0.0,59,0.0,0.6842696703336305,0.9491525423728814,0.04470435959609964
3vhn7guiug8,2019-08-01,0.0,1.253999999999999,-1.253999999999999,20.0,19.0,20.0,192,1.5483870967741935,0.44208386937663197,0.703125,0.0008152554162833536
3vl6ghijwii,2019-08-01,1.8795000000000002,1.5215,0.3580000000000001,21.0,17.0,0.0,183,0.0,0.49354923684737345,0.7486338797814208,0.00012949547686295584
3w3lrhl21ac,2019-08-01,2.9236666666666666,2.9236666666666666,0.0,11.0,9.0,7.0,208,1.381404174573055,0.5519308487600405,0.8653846153846154,0.0003401875347570587
3x6c7gqh4to,2019-08-01,4.520666666666667,107.36583333333326,-102.84516666666659,44.0,35.0,40.0,192,2.0995079278294146,0.4387932112915479,0.6875,2.1922863800957606e-05
3xkt2uujz42,2019-08-01,12.786999999999988,63.934999999999945,-51.14799999999995,48.0,40.0,50.0,206,1.977726574500768,0.6010460912410016,0.6456310679611651,0.11514743480127143
3xvhrp46eig,2019-08-01,0.27,44.88749999999996,-44.61749999999996,84.0,45.0,80.0,206,2.6985426559685606,0.46581840476998,0.5679611650485437,0.01661548259493941
3y15uekq00k,2019-08-01,1.9935,1.9935,0.0,9.0,7.0,2.0,211,0.45376344086021503,0.44365464326616993,0.8672985781990521,0.0016530271508284472
3yvsud9vypm,2019-08-01,0.7990000000000002,1.8643333333333336,-1.0653333333333335,10.0,18.0,4.0,207,0.3815668202764977,0.764806149873776,0.8019323671497585,0.0009563826867839383
3zp9bq57mbz,2019-08-01,1.9845000000000002,1.9845000000000002,0.0,8.0,7.0,2.0,137,0.8838709677419355,0.4218117319195274,0.9416058394160584,0.0005208293616729703
40ecdr01s04,2019-08-01,11.8105,11.8105,0.0,4.0,3.0,3.0,212,2.564516129032258,1.3382731580227387,0.9622641509433962,5.8551488555038434e-05
40mjml3zswj,2019-08-01,5.1805,199.3828333333331,-194.20233333333312,265.0,147.0,226.0,212,2.088578901482127,0.3914083954289509,0.19339622641509435,0.035191582165816644
41b94k2cwse,2019-08-01,8.046666666666667,11.833333333333334,-3.786666666666667,203.0,267.0,67.0,212,0.4577358125745222,1.045658178612398,0.42452830188679247,0.01188246173751549
41c7iyk4hp2,2019-08-01,1.0,0.8333333333333333,0.16666666666666674,10.0,9.0,4.0,209,0.9631336405529953,0.724976539518093,0.8947368421052632,0.006924348641865821
41nxcahowxc,2019-08-01,8.318833333333325,8.318833333333325,0.0,3.0,3.0,5.0,182,3.669354838709677,0.8919102070911801,0.9560439560439561,0.00014139491556416228
41pyamyys8y,2019-08-01,1.7441666666666669,1.2458333333333336,0.4983333333333333,88.0,78.0,53.0,206,1.0298056970382947,0.2505344094127698,0.5145631067961165,1.1726832878488077e-06
42erq4fqgwf,2019-08-01,3.689333333333334,3.689333333333334,0.0,9.0,9.0,5.0,199,1.4589442815249265,0.4932018036101051,0.8994974874371859,1.097123386338179e-05
435adksgsbf,2019-08-01,4.944,4.944,0.0,6.0,7.0,1.0,185,0.25946704067321175,0.817227221487482,0.9081081081081082,0.0004989023386364455
445dlvpt3e4,2019-08-01,6.804166666666667,5.171166666666666,1.633000000000001,25.0,19.0,0.0,144,0.0,0.48865512263141075,0.7152777777777778,0.004744944830417692
44nns3lmdhe,2019-08-01,32087.978999999974,32767.08966666664,-679.1106666666674,612.0,568.0,2691.0,212,5.783459378358104,0.4137622294676493,0.0,0.007029428605800187
44nowb1ckma,2019-08-01,30.128,30.128,0.0,5.0,3.0,0.0,200,0.0,0.8102854435320925,0.96,5.395966794030945e-06
44z25hs1urg,2019-08-01,3.180833333333333,5.7255,-2.544666666666667,5.0,9.0,0.0,212,0.0,0.5740501120783419,0.8773584905660378,0.0002771666290153439
45draei5eza,2019-08-01,49.289500000000004,2.5276666666666667,46.761833333333335,60.0,20.0,21.0,203,2.022296015180266,1.2452040191643985,0.7980295566502463,0.029894896382124756
45vhgse15re,2019-08-01,0.0,0.0,0.0,15.0,9.0,16.0,202,3.1593352883675463,0.4244397809348657,0.8613861386138614,3.1869791605969144e-07
46mtvu7qpgo,2019-08-01,11.428,14.285,-2.8569999999999993,13.0,16.0,1.0,173,0.11873713109128346,0.8800893917401815,0.8323699421965318,0.020726175620397597
46zhk56fujr,2019-08-01,1.3025,1.3025,0.0,18.0,15.0,17.0,105,1.9855394883203556,0.5975940891322227,0.7904761904761904,0.029963257294155367
47rjqb2o5o3,2019-08-01,2.837,2.837,0.0,3.0,3.0,4.0,194,3.129032258064516,0.8918588534565188,0.9587628865979382,2.526492226508509e-06
47tgwft4185,2019-08-01,21.609,7.938000000000001,13.671000000000001,58.0,27.0,9.0,211,0.3926799007444169,0.904535620078492,0.6919431279620853,4.209207088445685e-05
48gneu659vb,2019-08-01,44.66583333333334,29.548166666666667,15.117666666666672,65.0,43.0,0.0,163,0.0,1.0132259050645678,0.7791411042944786,0.011625020247367663
49mchw1vgfx,2019-08-01,2.3695000000000004,2.3695000000000004,0.0,7.0,7.0,5.0,151,1.4326375711574952,0.5872849499301809,0.8940397350993378,0.0037503082887916494
4a3k5ef3qjo,2019-08-01,19.31666666666665,35.735833333333304,-16.419166666666655,74.0,57.0,94.0,212,2.561110397121193,0.7181675906753193,0.5424528301886793,0.022403022311128184
4ak9lkdxmk1,2019-08-01,4.753833333333333,4.753833333333333,0.0,16.0,15.0,8.0,103,0.8860215053763442,0.2346052681425266,0.7766990291262136,0.012673736487682453
4ch43kx632n,2019-08-01,9.981833333333334,8.807500000000001,1.1743333333333332,43.0,30.0,9.0,113,0.44940344675209903,0.6692647395375637,0.6637168141592921,0.12067357925473576
4cpeu3iymlb,2019-08-01,1.476,1.1480000000000001,0.32799999999999985,61.0,55.0,34.0,210,0.8405933600188368,0.2623161695941278,0.3380952380952381,0.00439274429484564
4dvrwqfnk9f,2019-08-01,19.19736,33.029360000000004,-13.832000000000004,67.0,86.0,40.63,212,0.7465856307428015,0.8088613150376519,0.09905660377358491,0.13351281388205294
4eq3jyedfp3,2019-08-01,1.3944166666666666,1.5386666666666666,-0.14425,106.0,109.0,77.0,139,1.03681100455294,0.15638214006888174,0.3237410071942446,0.0001745415959604588
4fd926hflz7,2019-08-01,6.507,6.507,0.0,6.0,9.0,12.0,207,2.1656495204882305,0.7471464885444837,0.8695652173913043,0.0009500262771742025
4gq2arhz303,2019-08-01,10.915000000000001,26.455000000000005,-15.540000000000004,59.0,143.0,0.0,133,0.0,0.9377877505400151,0.24812030075187969,0.30636829695027484
4hxx2man99n,2019-08-01,13.432999999999987,13.432999999999987,0.0,7.0,7.0,8.0,208,2.3338008415147264,0.5381692589810927,0.8990384615384616,3.0453011867534687e-05
4i4anos1lah,2019-08-01,3.4160000000000004,3.4160000000000004,0.0,44.0,36.0,28.0,206,1.0944971537001897,0.3744293323749301,0.5728155339805825,0.00040223220247210444
4iby8p8yury,2019-08-01,1.533,4.2705,-2.7375000000000003,39.0,64.0,25.0,212,0.5568981822002731,0.5577459461264248,0.4009433962264151,3.970630686849163e-05
4iztaapxvlj,2019-08-01,0.13666666666666666,0.41,-0.2733333333333333,58.0,60.0,57.0,57,1.4556451612903225,0.11119524725542922,0.42105263157894735,0.01131016528116504
4j5m1aa0giv,2019-08-01,4.258,2.8386666666666667,1.4193333333333333,13.0,9.0,1.0,187,0.17741935483870966,0.4231275394021889,0.8609625668449198,6.484816641590372e-05
4jzff4qzop6,2019-08-01,6.216,191.91899999999984,-185.70299999999983,257.0,131.0,209.0,212,2.0926651867945023,0.3942839942319434,0.1509433962264151,0.30407674021233927
4k24exmsaqw,2019-08-01,3.657833333333334,5.594333333333334,-1.9365,42.0,51.0,25.0,212,0.6308772765147005,0.3096877861294365,0.32547169811320753,0.031185243560371244
4kyrs11gl81,2019-08-01,0.7240000000000001,0.0,0.7240000000000001,40.0,34.0,34.0,161,1.4593441748866969,0.13475121240098584,0.515527950310559,4.207334415777216e-05
4l4v710qw3a,2019-08-01,152.45599999999988,152.45599999999988,0.0,31.0,16.0,120.0,30,12.903225806451614,0.0,0.8,0.00010939906248985307
4lzczor5nvp,2019-08-01,47.333499999999994,47.333499999999994,0.0,35.0,39.0,28.0,209,1.130384392505312,0.9115470274729202,0.5933014354066986,0.053785300605943935
4mizlwnwq59,2019-08-01,22.590000000000003,3.7650000000000006,18.825000000000003,22.0,7.0,4.0,109,0.7032258064516128,1.0450301635989496,0.908256880733945,2.0906402929294298e-07
4mtdveadcoo,2019-08-01,21.8625,5.4855,16.377000000000002,531.0,325.0,256.0,212,1.1420154451528735,0.7919872871311557,0.1650943396226415,0.0798272598437747
4n03do4276y,2019-08-01,122.70500000000001,44.275000000000006,78.43,141.0,79.0,44.0,201,0.8151152073732719,0.744787458470505,0.4079601990049751,0.00014517573820731536
4p4z7kzk976,2019-08-01,32.302666666666674,48.45400000000001,-16.151333333333334,58.0,86.0,2.0,211,0.057197072377338024,1.056648736759482,0.7251184834123223,0.001891809319029238
4pny2lhe06a,2019-08-01,2.1363333333333334,2.1363333333333334,0.0,13.0,11.0,4.0,212,0.5946704067321178,0.41155968852190267,0.8254716981132075,0.00010628734455677778
4qk5d0lffto,2019-08-01,0.0,12.666666666666654,-12.666666666666654,14.0,9.0,14.0,212,2.587619877942459,0.5571280877367006,0.8537735849056604,0.00013979260100070227
4rkbkvd1j5u,2019-08-01,4.527,10.227666666666666,-5.700666666666666,27.0,61.0,0.0,149,0.0,1.0397610566894508,0.5637583892617449,0.035248756554784266
4s2ytbirowk,2019-08-01,4.2855,18.094333333333317,-13.808833333333318,22.0,11.0,13.0,203,1.93475073313783,0.47429539691386874,0.8029556650246306,0.06339482502883269
4sx7hfyhqcc,2019-08-01,1.2453333333333334,1.2453333333333334,0.0,7.0,9.0,8.0,190,1.9612903225806453,0.4566473318812733,0.8947368421052632,2.61426326144543e-05
4t4jopztems,2019-08-01,7.343999999999999,7.343999999999999,0.0,15.0,14.0,4.0,212,0.5363693864642631,0.6327284659081603,0.8113207547169812,0.0003435069614073751
4tde6qme6ux,2019-08-01,1.92225,1.3980000000000001,0.5242499999999999,45.0,36.0,12.0,210,0.6066441983630236,0.7347435394599379,0.7,0.0007922496185233489
4to8vr6jjlx,2019-08-01,3.731,3.731,0.0,2.0,3.0,0.0,203,0.0,1.0121355001243129,0.9605911330049262,0.0009116041038062162
4tpq5h6hwrz,2019-08-01,1.3499999999999999,1.3499999999999999,0.0,15.0,7.0,5.0,159,1.8317972350230416,1.1028795616269433,0.949685534591195,0.0014950258204347762
4umy3zbidez,2019-08-01,7.596666666666667,12.72,-5.123333333333334,110.0,139.0,67.0,212,0.7114806651973552,0.6354151166045763,0.17452830188679244,0.009105879259584788
4vbv935fa8y,2019-08-01,5.665500000000001,23.920999999999978,-18.255499999999977,44.0,11.0,17.0,208,0.8842210552638159,2.1902819357658436,0.8173076923076923,0.00010197934121771086
4w02r40gan5,2019-08-01,0.6365,0.7369999999999999,-0.10049999999999992,21.0,24.0,2.0,198,0.11938498643352426,0.3239125380008771,0.5909090909090909,0.002538415554545738
4whplge2k0l,2019-08-01,4.725333333333333,4.134666666666667,0.5906666666666665,26.0,25.0,18.0,211,1.166820276497696,0.3837565580430402,0.6445497630331753,1.474818686670447e-05
4x18uxebqus,2019-08-01,10.6725,10.6725,0.0,6.0,5.0,1.0,204,0.41129032258064513,0.5464068363026555,0.9264705882352942,0.000255823467093803
4x5uxbnh85m,2019-08-01,14.646666666666667,16.336666666666666,-1.6899999999999995,31.0,40.0,11.0,212,0.3918010752688172,0.32620608256352696,0.5,3.183221903210176e-05
4x8eb1c771y,2019-08-01,1.12,1.232,-0.11199999999999988,45.0,46.0,35.0,209,1.0304268206789688,0.21944927855600535,0.36363636363636365,0.0002443377801635987
4xd0gvo52v3,2019-08-01,2.332,2.332,0.0,4.0,3.0,0.0,191,0.0,1.1014487768364913,0.9633507853403142,0.0004970224963038016
4xklodgapg4,2019-08-01,29.692833333333333,29.692833333333333,0.0,3.0,5.0,1.0,194,0.5689149560117301,0.7162906676060214,0.9432989690721649,6.437510175401834e-07
4y8huncsdf0,2019-08-01,2.0020000000000002,1.9413333333333336,0.06066666666666665,33.0,32.0,0.0,104,0.0,0.10238468358184628,0.5384615384615384,0.045108399934116514
4yctep30qzk,2019-08-01,14.3,14.3,0.0,214.0,121.0,250.0,212,2.7981627158016997,0.47214640192642676,0.18396226415094338,0.28836099820693095
4yf4t695r8m,2019-08-01,25.4375,25.4375,0.0,6.0,6.0,1.0,200,0.5865102639296188,0.9898882812139287,0.96,0.0001819789435596923
4z200d7ty4d,2019-08-01,6.6290000000000004,3.3145000000000002,3.3145000000000002,71.0,50.0,29.0,208,0.7974616604970914,0.3037128087108533,0.3605769230769231,0.001832780666893899
4zqz9sl6h9q,2019-08-01,166.05999999999986,219.66533333333317,-53.605333333333306,790.0,698.0,1075.0,212,1.9351442230128473,0.5005500593766259,0.03773584905660377,0.20696186432884545
4zu91u7lts5,2019-08-01,26.055333333333312,21.317999999999984,4.7373333333333285,80.0,82.0,91.0,212,1.4273453684522046,0.289698824816659,0.21226415094339623,0.0022713734563700287
50hj3g4qnne,2019-08-01,19.72833333333333,48.19349999999996,-28.465166666666626,293.0,214.0,223.0,136,1.3149497051682275,0.21607064581363683,0.0661764705882353,0.04535116283879362
50xxh3glehc,2019-08-01,94.33499999999992,94.33499999999992,0.0,26.0,21.0,68.0,208,5.305326331582895,0.3471255739830484,0.6971153846153846,2.6564463609310235e-05
519xma040ip,2019-08-01,12.358500000000001,0.39233333333333337,11.966166666666668,287.0,226.0,224.0,212,1.2649636397538693,0.24005815636861086,0.07547169811320754,3.925545277094056e-05
52aqo3vxko1,2019-08-01,0.8686666666666666,3.040333333333333,-2.1716666666666664,2.0,7.0,0.0,203,0.0,1.0112355134368993,0.9113300492610837,0.0006200420052167974
5363nninkgi,2019-08-01,5.269,8.781666666666666,-3.512666666666666,13.0,17.0,7.0,165,1.129032258064516,0.8356384585357528,0.8848484848484849,0.03264106270442423
53egujxtr8f,2019-08-01,13.572166666666666,6.1691666666666665,7.403,11.0,5.0,0.0,158,0.0,0.8545314805270228,0.9493670886075949,0.0016789222648044791
53iekvo10mu,2019-08-01,17.869499999999984,19.493999999999986,-1.6245000000000012,12.0,11.0,23.0,104,3.6743471582181257,0.7644568301373411,0.8461538461538461,0.08564695409051348
5407ynm9dei,2019-08-01,21.717,21.717,0.0,11.0,16.0,21.0,201,2.0023719165085385,1.2787158105746226,0.8159203980099502,0.010874907490987431
556uvvzc4ai,2019-08-01,4.296,3.341333333333334,0.9546666666666663,11.0,9.0,2.0,212,0.48847926267281105,0.8736721585898317,0.8915094339622641,0.006657946366591884
55zhqna53oz,2019-08-01,3.8158333333333334,7.23,-3.414166666666667,31.0,48.0,12.0,122,0.6651522035438437,0.6027516044149548,0.7049180327868853,0.000976719798494762
57v8w6dsjfu,2019-08-01,7.48,7.48,0.0,10.0,9.0,5.0,207,1.0433467741935485,0.3752903058322428,0.8695652173913043,3.353372723137083e-09
5836c4zfbpw,2019-08-01,5.7435,5.7435,0.0,14.0,17.0,1.0,211,0.0986442262739598,0.38244612106080383,0.7440758293838863,6.710380127312944e-05
59lnmmlx2or,2019-08-01,6.706,6.706,0.0,16.0,42.0,17.0,212,0.605510752688172,0.2884263052223042,0.4669811320754717,0.0027826256603730266
59tlwbslxn3,2019-08-01,10.558333333333335,3.016666666666667,7.541666666666668,12.0,7.0,5.0,211,1.1344086021505377,1.1311621985993272,0.9146919431279621,0.0004981860457591675
5ah0tzbfobl,2019-08-01,48.700166666666625,62.61449999999994,-13.914333333333317,79.0,57.0,93.0,211,2.5119047619047623,0.4625950751924365,0.4976303317535545,0.0030191997986059814
5bdwemf71pm,2019-08-01,6.023666666666666,2.8346666666666667,3.1889999999999996,34.0,16.0,0.0,116,0.0,0.6337324295552079,0.8017241379310345,0.007083203325890006
5bsqj6k6lp7,2019-08-01,5.3020000000000005,5.3020000000000005,0.0,11.0,7.0,2.0,125,0.5040322580645161,0.46307390375456314,0.88,0.0026758002181703927
5c3insvqt49,2019-08-01,2.7458333333333336,0.5491666666666667,2.1966666666666668,11.0,7.0,6.0,211,1.3173777315296566,0.6617927947248217,0.9004739336492891,3.6550410112182757e-06
5c9a7n981rz,2019-08-01,1.9671666666666672,1.9671666666666672,0.0,6.0,5.0,1.0,173,0.32827324478178366,0.28987423011550123,0.9017341040462428,1.213102569252903e-05
5d8y3ka1vks,2019-08-01,1094.5614999999991,1115.8668333333324,-21.305333333333238,33.0,25.0,444.0,212,28.377449502562552,0.7865083771503014,0.660377358490566,0.025267414213602728
5dgf8js55q2,2019-08-01,2.9050000000000002,2.9050000000000002,0.0,6.0,7.0,1.0,170,0.4218362282878411,0.9628755136096402,0.9352941176470588,1.086225561466068e-05
5dt5yv04vby,2019-08-01,0.3016666666666667,3.016666666666667,-2.7150000000000003,48.0,66.0,46.0,211,0.9753793588584062,0.5326371497364012,0.45023696682464454,0.003290831015335453
5eaqvajq6tn,2019-08-01,2.89,1.7340000000000002,1.156,27.0,21.0,12.0,206,0.906158357771261,0.3276089583908022,0.6601941747572816,0.0004455557358866384
5eok2ml1boe,2019-08-01,69.82499999999995,58.652999999999956,11.17199999999999,119.0,123.0,144.0,212,1.5435332187278794,0.2887953210114701,0.19811320754716982,0.0004470863257796427
5hixknoxxph,2019-08-01,1.8901666666666663,1.1169166666666666,0.7732499999999998,26.0,13.0,4.0,210,0.7130730050933786,1.2491719410622073,0.9142857142857143,0.0003693085069640997
5hvtdb6pzbz,2019-08-01,40.44533333333334,40.44533333333334,0.0,187.0,170.0,256.0,212,0.5371922913222936,1.7186213681146039,0.14150943396226415,2.1369001757026644e-05
5jtwej67lde,2019-08-01,15.500833333333317,15.500833333333317,0.0,16.0,13.0,22.0,209,2.8523573200992556,0.5113691808526503,0.784688995215311,0.000537724091351105
5la89yg17uh,2019-08-01,2.3716666666666666,2.3716666666666666,0.0,3.0,5.0,3.0,211,1.2011385199240987,0.8351081471730711,0.919431279620853,0.00019483459694128746
5n9ejaywgot,2019-08-01,10.725,7.912666666666666,2.812333333333334,368.0,309.0,143.0,210,0.6760011705647976,0.2782219328277705,0.12380952380952381,0.0002864695217690113
5nb73rff689,2019-08-01,2.6033333333333335,2.863666666666667,-0.2603333333333335,21.0,22.0,11.0,199,1.157588577472237,0.501249607572493,0.7788944723618091,3.335863736105633e-05
5puaj0zkeq8,2019-08-01,1.4945000000000002,1.7080000000000002,-0.21350000000000002,8.0,9.0,1.0,198,0.22024471635150167,0.39292616926948826,0.8737373737373737,1.5331922802873737e-05
5pumfwm2vv9,2019-08-01,8.303083333333333,5.861000000000001,2.4420833333333327,17.0,12.0,0.0,183,0.0,0.8277636578852494,0.8907103825136612,0.011812065899315634
5qcdvh0q8ov,2019-08-01,13.738833333333332,13.738833333333332,0.0,2.0,3.0,0.0,184,0.0,1.265598246056085,0.9782608695652174,1.877498598869837e-05
5qwmta9pr3x,2019-08-01,4.8836666666666675,8.801333333333334,-3.9176666666666664,91.0,164.0,0.0,119,0.0,0.22133693255211181,0.37815126050420167,0.014122264357787514
5qzbvrejv1i,2019-08-01,5.1885,5.1885,0.0,0.0,3.0,0.0,192,0.0,1.9677456686971604,0.96875,0.0006981403047155647
5rjd38rhpf0,2019-08-01,1.00325,30.0975,-29.09425,32.0,61.0,31.0,211,1.0144230769230769,1.5744181116331442,0.7014218009478673,0.023091588319808964
5sawqvw741i,2019-08-01,49.73249999999995,0.6980000000000001,49.03449999999995,61.0,80.0,76.0,208,1.3562113932738504,0.5043509266396894,0.36538461538461536,0.0007544504789184688
5sy1oh3jwvn,2019-08-01,19.648,24.355333333333334,-4.7073333333333345,312.0,335.0,216.0,212,0.7586858193747203,0.07409314188992161,0.0,0.07136252102077649
5t4fqx39jqc,2019-08-01,3.574666666666667,2.042666666666667,1.532,10.0,7.0,3.0,146,1.0092165898617511,0.832349367704752,0.9383561643835616,0.0011787069536371303
5uhgf44c5fr,2019-08-01,2.871,2.871,0.0,86.0,76.0,66.0,212,1.1172149473011816,0.36728290874314407,0.25471698113207547,0.0017889127278357772
5v39tsy6gpt,2019-08-01,10.974166666666667,10.974166666666667,0.0,25.0,27.0,29.0,212,2.0445626870635185,0.46504896458324296,0.7358490566037735,0.0009284368996108175
5v6um7af6fq,2019-08-01,3.734500000000001,3.734500000000001,0.0,14.0,11.0,7.0,212,0.9574193548387097,0.3780983127996468,0.8018867924528302,0.0003369880645709586
5vnsuoco0hi,2019-08-01,2.3746666666666667,33.83899999999996,-31.464333333333297,34.0,27.0,30.0,209,1.5925831851663705,0.5090309331162965,0.6842105263157895,8.203034296211342e-05
5vnz4fweexn,2019-08-01,0.45400000000000007,0.45400000000000007,0.0,18.0,17.0,33.0,204,3.8778801843317967,1.3847063304019884,0.8578431372549019,0.03979341922090447
5voto15c742,2019-08-01,9.84,104.87999999999991,-95.0399999999999,297.0,105.0,174.0,212,2.2883374689826304,0.3211392257765493,0.2169811320754717,0.7789018614086891
5vyjyjnbw1a,2019-08-01,3.51,3.51,0.0,9.0,7.0,0.0,204,0.0,0.8783888099289808,0.9313725490196079,0.0004697272652850415
5w2zafbmxlp,2019-08-01,9.204333333333333,9.204333333333333,0.0,12.0,7.0,9.0,212,3.239388794567063,1.1462265416054391,0.9433962264150944,0.0010352334374728073
5wxwe2o481e,2019-08-01,0.8415000000000001,0.37400000000000005,0.4675000000000001,16.0,11.0,7.0,210,0.9297912713472486,0.5375662382500527,0.8142857142857143,0.0001512853420986879
5xqcbc8yiyo,2019-08-01,1.954,0.977,0.977,6.0,3.0,0.0,204,0.0,1.1932404261846985,0.9705882352941176,0.001961593527917029
5yxzdxz43dc,2019-08-01,5.121333333333333,5.121333333333333,0.0,11.0,11.0,3.0,187,0.47623089983022066,0.22836013760270923,0.8342245989304813,7.197822064466578e-06
5zprd957cfi,2019-08-01,7.305666666666667,80.59799999999994,-73.29233333333327,151.0,102.0,120.0,212,1.4346943379201444,0.1788522759417206,0.11320754716981132,0.0025071930109647872
5zrzxwsl159,2019-08-01,2.884916666666667,3.1068333333333333,-0.22191666666666654,22.0,23.0,9.0,98,1.3548387096774195,0.602710687499802,0.8571428571428571,0.007961220746807066
611saldv8ix,2019-08-01,7.268000000000001,7.268000000000001,0.0,21.0,20.0,2.0,211,0.19173103134938665,0.4312496528180226,0.7677725118483413,0.0002729492433395982
61794ivxwzq,2019-08-01,13.546,3.473333333333333,10.072666666666667,78.0,20.0,0.0,124,0.0,1.2483172039936399,0.7903225806451613,0.36428767412078455
61rzm254c6k,2019-08-01,4.467666666666667,4.467666666666667,0.0,18.0,18.0,5.0,212,0.48847926267281105,0.432268256211633,0.7594339622641509,1.5772253284359832e-05
61w2edgrzyt,2019-08-01,17.130166666666668,17.130166666666668,0.0,2.0,3.0,1.0,194,1.043010752688172,1.0683320332805402,0.9690721649484536,3.731747141391469e-05
62b37tmj07o,2019-08-01,1.0666666666666667,3.8666666666666667,-2.8,94.0,115.0,86.0,63,1.456451612903226,0.15589377900043835,0.4126984126984127,1.8493701163977253e-07
63so9mn73b5,2019-08-01,109.858,109.858,0.0,22.0,22.0,2.0,206,0.13701363485201196,0.7726732829404853,0.7621359223300971,0.0005109241477915714
655bg0ejouo,2019-08-01,1.488,2.0666666666666664,-0.5786666666666664,47.0,54.0,29.0,212,0.7901298033671764,0.4295448795604529,0.4056603773584906,0.0025294449896172072
65pk1z5lhn7,2019-08-01,118.28133333333321,1153.2429999999988,-1034.9616666666657,133.0,63.0,141.0,195,3.790322580645162,0.8097271387388567,0.6051282051282051,0.1890157126813039
66d68cseche,2019-08-01,3.8240000000000003,4.78,-0.956,4.0,5.0,0.0,103,0.0,0.5255592923960872,0.9223300970873787,0.02935758352470679
67isv46w6ar,2019-08-01,7.1059999999999945,7.1059999999999945,0.0,12.0,11.0,17.0,143,2.376344086021505,0.3298649955066887,0.8041958041958042,0.0029154479682465683
68uyh2w3qy3,2019-08-01,3.725333333333334,3.725333333333334,0.0,4.0,5.0,1.0,174,0.5612903225806452,0.5176101692131125,0.9425287356321839,3.455882271397754e-05
6971sldeo75,2019-08-01,18.130499999999998,8.058,10.072499999999998,28.0,6.0,1.0,76,1.2258064516129032,6.782329983125269,0.9868421052631579,
6a4vinwwgu1,2019-08-01,0.21950000000000003,0.2926666666666667,-0.07316666666666666,35.0,36.0,32.0,210,1.3299030279042152,0.2746320514041077,0.5333333333333333,8.227502781210756e-07
6aosxke9mt3,2019-08-01,5.679166666666666,5.679166666666666,0.0,30.0,27.0,17.0,208,0.9426819514796053,0.33332546052071826,0.6586538461538461,1.3836438111407273e-05
6aynb5qleg1,2019-08-01,3.6765000000000008,2.4510000000000005,1.2255000000000003,14.0,11.0,5.0,207,0.7103637611530542,0.42884838235140915,0.8115942028985508,0.0011445640050528855
6b0hynryagd,2019-08-01,41.14333333333334,41.14333333333334,0.0,7.0,5.0,1.0,174,0.43176178660049624,0.5465839413886766,0.9252873563218391,5.570750556439812e-05
6brbpzs0dat,2019-08-01,23.217999999999975,26.78999999999997,-3.5719999999999956,23.0,21.0,36.0,212,2.896394686907021,0.23562694346632884,0.7264150943396226,1.5222941825819172e-06
6chh58as1xt,2019-08-01,4.1160000000000005,5.259333333333334,-1.1433333333333335,36.0,46.0,0.0,184,0.0,0.3071188880674523,0.45108695652173914,0.0005661699198111164
6duvqlh0hrf,2019-08-01,3.426,1.1420000000000001,2.284,106.0,71.0,88.0,212,1.8806451612903226,0.6790181008335203,0.4528301886792453,0.012063829970318551
6e9xsmx31nc,2019-08-01,10.616666666666667,10.616666666666667,0.0,78.0,69.0,55.0,212,1.0746543778801843,0.25345143445960144,0.2358490566037736,0.012086604170085287
6fr0pr06iui,2019-08-01,6.292333333333334,8.048333333333334,-1.7560000000000002,43.0,55.0,0.0,202,0.0,0.3146247509166568,0.39603960396039606,0.0041329010167337485
6gfwd3z2t14,2019-08-01,23.388166666666667,23.388166666666667,0.0,7.0,5.0,4.0,206,1.7720430107526883,0.61960569984778,0.9368932038834952,1.2354308527165781e-05
6h2swuv79hy,2019-08-01,6.250000000000001,5.600000000000001,0.6499999999999995,182.0,169.0,57.0,212,0.5600667408231368,0.25314126606354237,0.5330188679245284,2.048955096028196e-05
6id3dpjcz7o,2019-08-01,4.694833333333333,3.5901666666666667,1.1046666666666667,21.0,17.0,4.0,212,0.33771405814416566,0.3972303158978589,0.7028301886792453,4.215687179772852e-06
6ja7cdgh8wh,2019-08-01,0.0,7.9989999999999934,-7.9989999999999934,7.0,5.0,7.0,82,2.314516129032258,0.35659856202074314,0.9024390243902439,0.029703591260869133
6k115p896fj,2019-08-01,0.8650000000000001,0.8650000000000001,0.0,14.0,9.0,30.0,105,5.645161290322581,0.95046945458045,0.8857142857142857,0.003747792970476944
6lfrv29hnxb,2019-08-01,2.2416666666666667,2.2416666666666667,0.0,13.0,9.0,7.0,150,1.881720430107527,1.0944455661329193,0.8933333333333333,0.011779213320137075
6m45dvanu9a,2019-08-01,5.248,4.1000000000000005,1.1479999999999997,116.0,65.0,52.0,212,1.234767025089606,0.6443002556278818,0.5424528301886793,0.1594079775036561
6mkn8rrwqmv,2019-08-01,13.364833333333335,13.364833333333335,0.0,0.0,0.0,0.0,183,0.0,12.369316876852976,0.994535519125683,
6mvqggi2ul5,2019-08-01,12.2815,0.47850000000000004,11.802999999999999,141.0,67.0,64.0,212,0.6087307640540177,1.4529485039258276,0.5283018867924528,1.415769316812477e-05
6n1gvl6tkin,2019-08-01,8.755833333333333,7.504999999999999,1.2508333333333344,7.0,6.0,0.0,183,0.0,0.8471880211199222,0.9617486338797814,1.7094298939687314e-05
6oj74bkgsf9,2019-08-01,1.2693333333333334,0.9066666666666667,0.3626666666666667,19.0,11.0,12.0,212,1.6747860434496378,0.46706577408089356,0.8066037735849056,0.003961321476271551
6otzwybnydw,2019-08-01,5.082666666666666,5.082666666666666,0.0,32.0,40.0,18.0,211,0.6694870438921207,0.36064505255154977,0.5071090047393365,1.2299559861058847e-05
6ptqz7wgi5n,2019-08-01,19.803333333333335,6.855,12.948333333333334,31.0,14.0,5.0,212,0.14427657547298217,1.8952620133041982,0.8490566037735849,1.6284246227343235e-05
6q3mwfkokp0,2019-08-01,4.2056666666666676,4.2056666666666676,0.0,8.0,9.0,13.0,160,3.0498533724340176,0.7034141300693226,0.88125,0.002500763438396969
6qnlqgi3jzw,2019-08-01,2.27,2.27,0.0,12.0,9.0,0.0,163,0.0,0.7314991692958365,0.8650306748466258,0.0001499274869583938
6qxkrsmqfm3,2019-08-01,4.967333333333333,2.4836666666666667,2.4836666666666667,5.0,3.0,1.0,133,1.4301075268817205,1.5978401858335056,0.9774436090225563,0.003463864592134138
6t4iqsw2afg,2019-08-01,36.568,28.732,7.8359999999999985,78.0,69.0,36.0,212,0.9769585253456222,0.6135786713918983,0.6273584905660378,0.0035388155152906667
6ukltfqhb3a,2019-08-01,4.83,3.4499999999999997,1.3800000000000003,17.0,13.0,3.0,118,0.3937708565072302,0.24553582891026127,0.7796610169491526,0.0009420096822593978
6uyspgvpjq9,2019-08-01,1.3451666666666668,1.3451666666666668,0.0,8.0,9.0,3.0,113,0.7811059907834101,0.461689180955071,0.8938053097345132,0.000673420039269325
6xtwa6ris1x,2019-08-01,1.3031666666666668,1.117,0.1861666666666668,33.0,32.0,26.0,211,1.2038621900373054,0.2013814897706019,0.5355450236966824,3.5723673597998706e-05
6ydo6o89gni,2019-08-01,3.9651666666666667,18.325499999999984,-14.360333333333317,140.0,94.0,103.0,212,1.4463800755116911,0.4102413206683985,0.25943396226415094,0.0007188128986646107
6ygd5zbcjqi,2019-08-01,4.891,45.403666666666616,-40.51266666666662,647.0,321.0,428.0,211,1.7817500246621287,0.32250334678577836,0.12796208530805686,0.009045578186186572
6yk5se9do4q,2019-08-01,6.786,6.786,0.0,15.0,13.0,3.0,105,0.33870967741935487,0.26912350951300046,0.7523809523809524,0.0021154204786704755
71dkm5l2y8i,2019-08-01,5.572666666666667,5.572666666666667,0.0,17.0,39.0,46.0,211,1.6222630787230485,0.22411627999446632,0.46445497630331756,0.00047651745175537966
71zk2dsbqes,2019-08-01,7.552500000000001,5.035,2.517500000000001,19.0,14.0,4.0,196,0.5747800586510263,0.4474484870044691,0.8367346938775511,1.689717847798158e-05
745dagplgjs,2019-08-01,10.061166666666667,10.061166666666667,0.0,9.0,5.0,3.0,212,1.7096774193548385,1.0775279448243014,0.9433962264150944,8.610103667812918e-05
74q7u1dwbgx,2019-08-01,0.09533333333333333,3.622666666666663,-3.5273333333333294,61.0,55.0,59.0,212,1.681182795698925,0.4737579786486525,0.5377358490566038,0.0025427688316358764
74zcm1ypb0p,2019-08-01,5.4,1.575,3.825,24.0,7.0,0.0,143,0.0,1.0286269856324333,0.916083916083916,0.02638441889882152
76683533y73,2019-08-01,8.886666666666668,1.7773333333333337,7.109333333333335,20.0,3.0,0.0,53,0.0,2.23606797749979,0.9622641509433962,3.11169064842192e-07
78gb37l8w8v,2019-08-01,2.3538333333333337,2.3538333333333337,0.0,7.0,9.0,5.0,212,1.1030176899063475,0.5467863892717766,0.8820754716981132,5.080461234921761e-06
799r01z5emx,2019-08-01,1.0593333333333335,0.37833333333333335,0.681,31.0,22.0,17.0,206,1.1767473118279568,0.39837765374612266,0.7669902912621359,3.760269564819348e-06
7dtazzo2b5i,2019-08-01,0.6940000000000001,1.503666666666667,-0.8096666666666669,40.0,54.0,28.0,202,1.019282753649306,0.27286526469232913,0.5792079207920792,1.08588862854132e-06
7e1pzluhlpc,2019-08-01,40.974333333333334,0.9873333333333334,39.987,168.0,87.0,85.0,202,1.6147841625129313,0.5979353266520885,0.4801980198019802,0.005569610047727218
7gt4sqlikpo,2019-08-01,56.52000000000001,56.52000000000001,0.0,7.0,5.0,1.0,205,0.3673835125448029,0.4054349760866371,0.926829268292683,3.951871874542708e-06
7guwo60s5ht,2019-08-01,24.655666666666644,221.90099999999978,-197.24533333333315,76.0,35.0,80.0,211,3.7813620071684584,0.8327935425758203,0.7345971563981043,0.017144242610129347
7irdvwkvlt9,2019-08-01,1.8568333333333333,1.2855,0.5713333333333332,13.0,9.0,0.0,54,0.0,0.1385640646055102,0.8518518518518519,0.0003894499301675396
7j20hwiky6l,2019-08-01,12.431500000000002,3.2430000000000003,9.188500000000001,23.0,6.0,0.0,205,0.0,1.981918262693999,0.975609756097561,0.029784610811935494
7jmjktu4j08,2019-08-01,0.79525,0.79525,0.0,9.0,9.0,6.0,207,1.335483870967742,0.5310655254013402,0.8792270531400966,0.00017211133172837697
7n2e31szrhj,2019-08-01,18.58666666666667,18.58666666666667,0.0,12.0,24.0,8.0,212,0.5161290322580645,1.1422172675032707,0.7688679245283019,0.08731098220359312
7oi6r94xoew,2019-08-01,4.059,4.059,0.0,7.0,9.0,7.0,109,1.4478178368121442,0.40843306000962687,0.8623853211009175,0.03562634920174309
7r5e9y8bfbi,2019-08-01,0.0,0.8790000000000001,-0.8790000000000001,3.0,5.0,3.0,212,1.5781637717121588,0.5836970909551386,0.9386792452830188,1.0021018423308021e-05
7r8xo3uuevh,2019-08-01,18.659666666666666,18.659666666666666,0.0,60.0,21.0,29.0,207,2.1279688053881602,1.082191216598662,0.714975845410628,0.4113469228009142
7s90qplvp8s,2019-08-01,1.3545,1.3545,0.0,12.0,19.0,1.0,209,0.0842741935483871,0.6489309866056638,0.7320574162679426,0.002078241061347696
7swkdyi5qo2,2019-08-01,1.829666666666667,3.4930000000000008,-1.6633333333333338,35.0,64.0,22.0,212,0.6933254050839899,0.9190876692404215,0.6320754716981132,0.0009060420907506786
7szpypvjzbn,2019-08-01,3.4090000000000003,2.6785,0.7305000000000001,17.0,5.0,3.0,200,0.9216589861751152,0.6931162177164891,0.905,0.019907968884100295
7tv7z9wz9ao,2019-08-01,10.094,10.094,0.0,12.0,9.0,0.0,201,0.0,0.6149033439891017,0.8805970149253731,7.587760759481229e-05
7ufid3neeid,2019-08-01,1.5706666666666667,3.1413333333333333,-1.5706666666666667,0.0,3.0,1.0,195,1.5725806451612903,3.3529837458597975,0.9846153846153847,8.85764404977662e-05
7v1flbe7tfc,2019-08-01,6.475333333333333,1.1773333333333333,5.298,25.0,7.0,3.0,211,1.2762096774193548,1.400495254034728,0.9478672985781991,0.0018737387212374797
7v8jky6gifc,2019-08-01,5.778500000000001,5.778500000000001,0.0,8.0,7.0,1.0,207,0.2670967741935484,0.6438726876484252,0.893719806763285,1.063753505554754e-05
7wksgonkge1,2019-08-01,2.622666666666667,1.4986666666666668,1.124,8.0,5.0,1.0,210,0.45161290322580644,0.8632651306017536,0.9333333333333333,9.980357802933733e-05
7x21hh1ruux,2019-08-01,4.851,4.851,0.0,42.0,14.0,19.0,171,2.620161290322581,1.271740423087811,0.8654970760233918,0.024830710281094258
7xg1wv1h5pn,2019-08-01,2.294,2.294,0.0,7.0,7.0,10.0,187,2.8725038402457757,0.5108598753324277,0.893048128342246,0.0010047147985504912
7xt44afgr2c,2019-08-01,4.1898333333333335,4.1898333333333335,0.0,20.0,9.0,14.0,212,2.5195246179966047,0.9348550844519273,0.8584905660377359,0.0005799155653258118
7y2bzsizkus,2019-08-01,0.869,0.869,0.0,11.0,9.0,13.0,210,2.516129032258065,0.5754427325636718,0.8428571428571429,0.00582369901811172
80ezajohi1g,2019-08-01,1.725,1.1500000000000001,0.575,11.0,7.0,2.0,197,0.635483870967742,0.765206232824778,0.9238578680203046,0.00017176727624079263
80jxep0xdd1,2019-08-01,1.4240000000000002,1.4240000000000002,0.0,4.0,3.0,1.0,208,1.3419354838709676,1.95438281520424,0.9759615384615384,0.042248428188548785
80us98680xn,2019-08-01,12.157166666666669,12.157166666666669,0.0,23.0,13.0,4.0,187,0.41601779755283647,1.5244573718410206,0.9197860962566845,6.518809100395124e-05
817cq5kbb9i,2019-08-01,22.924500000000002,22.924500000000002,0.0,34.0,34.0,3.0,211,0.17016129032258065,0.6783453318515675,0.7819905213270142,0.0011273791775340272
81gf6zm0fkl,2019-08-01,3.7049999999999996,3.7049999999999996,0.0,7.0,7.0,2.0,212,0.6217008797653959,0.7404210628107546,0.9150943396226415,5.212651310893144e-05
81vmv3a56tj,2019-08-01,6.733333333333334,6.733333333333334,0.0,7.0,5.0,4.0,209,1.685483870967742,0.6206122575047202,0.9330143540669856,1.4283883686108627e-07
8296wkw5vgh,2019-08-01,2.6319999999999997,2.6319999999999997,0.0,14.0,13.0,12.0,211,1.4585253456221197,0.4950154037357393,0.7867298578199052,0.000544709677989051
82su02melwt,2019-08-01,4.5815,4.5815,0.0,8.0,3.0,2.0,72,1.5483870967741935,0.46193451815099584,0.9583333333333334,0.2354335460819253
82t3j1invr3,2019-08-01,20.0775,13.385,6.692500000000001,125.0,110.0,80.0,146,1.3266696955929123,0.7000512144565221,0.4246575342465753,0.011913965924645779
82uotqj46uy,2019-08-01,11.491500000000002,11.491500000000002,0.0,17.0,13.0,7.0,194,0.8589500316255534,0.4809701089342916,0.7680412371134021,0.00021391119550619604
82xquc3i22s,2019-08-01,0.8880000000000001,0.8880000000000001,0.0,15.0,15.0,3.0,139,0.3128282070517629,0.4477152320605068,0.762589928057554,0.0031550010267572546
83i0zazwdm3,2019-08-01,2.2050000000000005,2.9400000000000004,-0.7349999999999999,42.0,51.0,15.0,58,0.5197132616487455,0.33659950606309547,0.603448275862069,4.456359647281641e-11
83k4sni318s,2019-08-01,2.596,2.714,-0.11799999999999988,49.0,50.0,27.0,210,0.7345511076564322,0.3552468134245459,0.36666666666666664,0.0018864713192203696
83mlkkkh0ha,2019-08-01,4.131833333333334,4.131833333333334,0.0,10.0,9.0,2.0,204,0.5264516129032258,0.41362262543151757,0.8921568627450981,3.5741375163968613e-07
848xgzxv4dt,2019-08-01,1.5438333333333336,1.5438333333333336,0.0,65.0,61.0,30.0,212,0.777126099706745,0.5752161607904523,0.49528301886792453,0.005550930515493656
85810mwwb1n,2019-08-01,1.6800000000000002,1.6800000000000002,0.0,22.0,22.0,8.0,211,0.5338393421884883,0.24368714835812744,0.6303317535545023,2.3788541798411153e-06
85nygebc9bv,2019-08-01,4.221,4.0646666666666675,0.15633333333333255,325.0,323.0,271.0,212,0.09129508978229779,1.6782637790586499,0.2641509433962264,7.560034710663824e-06
85urck9d961,2019-08-01,1.1545,1.9241666666666668,-0.7696666666666667,4.0,6.0,1.0,199,0.5835777126099706,1.1592138783892272,0.9597989949748744,0.00034882010350881834
869xm5rvoji,2019-08-01,3.941666666666667,3.941666666666667,0.0,7.0,7.0,4.0,211,1.1344086021505377,0.5028257195685341,0.8957345971563981,8.991770656570893e-06
86z70bstdpc,2019-08-01,6.234000000000001,5.195,1.0390000000000006,6.0,5.0,0.0,209,0.0,0.7051479405957222,0.9473684210526315,2.3728518154011353e-05
88lry9aq8lg,2019-08-01,5.25,4.4625,0.7874999999999996,34.0,31.0,14.0,136,0.6397849462365591,0.4219474794720412,0.5808823529411765,0.006508003296338075
88ynnovyq0h,2019-08-01,48.60199999999995,8.100333333333332,40.501666666666615,79.0,129.0,91.0,212,0.9274554107975579,0.4212341737908189,0.14150943396226415,0.04666874133785423
890y4kwt2tl,2019-08-01,210.83333333333334,43.125,167.70833333333334,88.0,18.0,0.0,137,0.0,1.572395922855025,0.9781021897810219,0.008056007860139734
89mmyl04w2d,2019-08-01,2.0233333333333334,2.0233333333333334,0.0,3.0,5.0,9.0,172,5.548387096774194,0.4560388640983511,0.9476744186046512,4.772326339543505e-06
89p391r3drd,2019-08-01,1.8958333333333335,1.8958333333333335,0.0,14.0,11.0,1.0,204,0.1687344913151365,0.46661598498282575,0.8431372549019608,0.00022333119428791798
89xh5of6e8o,2019-08-01,0.558,0.558,0.0,41.0,39.0,48.0,111,1.790322580645161,0.45821857137562666,0.5585585585585585,0.07792196986695621
89yfj0x5g9i,2019-08-01,2.4916666666666663,26.948333333333302,-24.456666666666635,341.0,239.0,276.0,212,1.480379506641366,0.6413927765788247,0.30660377358490565,0.00809823370018995
8aa4ef2gix6,2019-08-01,0.8955000000000002,0.8955000000000002,0.0,9.0,9.0,8.0,207,1.4838709677419355,0.32893763647168206,0.8309178743961353,1.6731637768427042e-06
8bnnr9edu4o,2019-08-01,7.480000000000001,5.485333333333334,1.9946666666666673,45.0,30.0,15.0,210,0.8328926493918561,1.0320942436194191,0.7047619047619048,0.040664651916289145
8c4tp34ak8f,2019-08-01,1.4218333333333324,0.5986666666666668,0.8231666666666656,7.0,16.0,8.0,179,1.2156196943972835,0.6211630974517092,0.8491620111731844,0.0027769957260306765
8cg9ns9zop3,2019-08-01,29.139999999999997,1.5039999999999998,27.635999999999996,453.0,306.0,298.0,212,1.2188609353295263,0.3677712154962521,0.04245283018867924,0.01495821235972173
8db5hshel42,2019-08-01,1.161,1.161,0.0,17.0,22.0,10.0,211,0.6945358788676761,0.4234314794438523,0.6492890995260664,0.0007650795330887368
8djprj5lar0,2019-08-01,6.696,6.696,0.0,11.0,7.0,5.0,182,1.1741935483870967,0.5193670828272396,0.8681318681318682,0.006657162138227265
8es4lxnwatd,2019-08-01,4.719166666666666,4.719166666666666,0.0,28.0,24.0,24.0,70,1.8064516129032258,0.24509293489860823,0.7428571428571429,0.07182814099111305
8gkxiqbl234,2019-08-01,62.73799999999994,109.7914999999999,-47.05349999999996,38.0,29.0,50.0,203,2.305770104497955,0.4213478117510758,0.6059113300492611,0.00010055511265777366
8hdl2a5lg6l,2019-08-01,3.2293333333333334,3.2293333333333334,0.0,5.0,7.0,3.0,208,1.0594227504244482,1.1647561138426052,0.9230769230769231,0.0322852644259058
8i926134a1z,2019-08-01,5.5835,5.5835,0.0,22.0,18.0,12.0,210,1.042183622828784,0.5107457841481572,0.7666666666666667,0.00022446727860260982
8igttww457d,2019-08-01,2.2750000000000004,2.975,-0.6999999999999997,17.0,21.0,4.0,202,0.4417714598141061,0.39471634105464903,0.8465346534653465,5.524947788944473e-05
8jc6vt5aq4d,2019-08-01,45.115,45.115,0.0,9.0,7.0,13.0,102,3.0552995391705067,0.4933508439095864,0.8627450980392157,0.009037411842289048
8k0dgc2b7hc,2019-08-01,3.4601666666666673,2.3955000000000006,1.0646666666666667,30.0,26.0,17.0,197,1.1371816638370118,0.28809305944116054,0.7157360406091371,6.051539398680779e-05
8kovihvkh0h,2019-08-01,2.610666666666667,1.4240000000000002,1.1866666666666668,24.0,19.0,13.0,142,1.1235544735240415,0.30660659469210416,0.6971830985915493,0.00010459766435731448
8kq5j5b804s,2019-08-01,224.13983333333312,3.8260000000000005,220.31383333333312,325.0,374.0,362.0,212,1.3491078491693769,0.8025671873685974,0.2830188679245283,0.24921137689104056
8l918uctw2a,2019-08-01,8.062333333333328,16.124666666666656,-8.062333333333328,7.0,5.0,9.0,212,3.07741935483871,0.5213076121555834,0.910377358490566,7.677135341444103e-06
8lggh4y71q0,2019-08-01,24.196,5.961333333333334,18.23466666666667,301.0,63.0,25.0,208,0.007719015944221203,2.21778358210384,0.7259615384615384,2.2082346977488835e-05
8lq51rc8t2a,2019-08-01,2.3866666666666667,58.95066666666662,-56.56399999999995,68.0,45.0,58.0,212,1.7947744854765726,0.3580777741897779,0.4481132075471698,0.0012179825678525842
8oa3gw9os8l,2019-08-01,6.2941666666666665,8.632,-2.337833333333333,98.0,111.0,63.0,212,0.78192143317136,0.436316452410526,0.27358490566037735,0.007303902806516607
8ompcl69nj5,2019-08-01,1.9075,1.9075,0.0,6.0,6.0,1.0,197,0.635483870967742,0.6830211249609028,0.9593908629441624,6.831561889374131e-06
8pdgjg9t7wo,2019-08-01,5.046,5.046,0.0,13.0,11.0,10.0,211,1.448181194234729,0.4726569905184795,0.8388625592417062,1.0603037554043636e-06
8pdw5pdgpu3,2019-08-01,6.015,3.341666666666667,2.673333333333333,13.0,9.0,4.0,202,0.8688172043010752,0.6486262407576724,0.8762376237623762,6.376824395792644e-05
8pqh49eg0h9,2019-08-01,182.46966666666668,11.647,170.8226666666667,82.0,38.0,35.0,211,1.5469208211143697,0.531854369719689,0.7393364928909952,0.00566396151973772
8rdp320xxym,2019-08-01,37.611,37.611,0.0,4.0,5.0,0.0,199,0.0,0.7084285918771024,0.9346733668341709,0.00021748667877856767
8u4jh2cq8qi,2019-08-01,1880.1101666666648,2305.6246666666643,-425.51449999999954,1795.0,1654.0,2418.0,212,1.4744538564422647,0.11467588158049195,0.0047169811320754715,0.04843872285425153
8w957vuy6u3,2019-08-01,1.0616666666666668,1.0616666666666668,0.0,48.0,47.0,37.0,212,1.0121290322580645,0.4089047730119564,0.4386792452830189,7.375755124977222e-05
8wofveconfm,2019-08-01,0.35333333333333333,1.5193333333333334,-1.1660000000000001,10.0,43.0,0.0,212,0.0,0.7503941781479232,0.5566037735849056,0.202876899101961
8xk5ewaxp5m,2019-08-01,2.2640000000000002,1.6980000000000002,0.5660000000000001,59.0,56.0,47.0,208,1.2175862498443144,1.6251746093074215,0.7644230769230769,5.1613125742281125e-05
8zdbw3y2mvt,2019-08-01,0.9151666666666667,0.5921666666666667,0.32299999999999995,17.0,11.0,0.0,125,0.0,0.21076868206746635,0.848,0.0007593330174839573
8zrwyqme4nf,2019-08-01,0.7215,0.8016666666666666,-0.08016666666666661,14.0,15.0,5.0,143,0.6406810035842293,0.7669722115989871,0.7762237762237763,0.0680918532953055
921ixx6tgns,2019-08-01,1.7271666666666667,0.8435,0.8836666666666667,92.0,70.0,49.0,212,0.9519794721407624,0.2584784390542043,0.24528301886792453,0.003599856620512336
93b1rmykkz2,2019-08-01,20.952,20.952,0.0,16.0,19.0,1.0,201,0.07539384846211553,0.6130292264061187,0.7164179104477612,0.0010561252275195355
93xg7jxzgkv,2019-08-01,4.3245,4.3245,0.0,23.0,12.0,13.0,35,1.8346774193548387,0.15386185163241445,0.8571428571428571,0.016430397074901404
9648npy35lq,2019-08-01,33.76766666666666,33.76766666666666,0.0,307.0,335.0,343.0,212,1.1973851043158952,0.771736703642592,0.2830188679245283,6.334813583804135e-05
981n2n36uct,2019-08-01,4.8420000000000005,0.17933333333333334,4.662666666666667,50.0,24.0,23.0,206,1.5438253502769632,0.6636361408165035,0.7135922330097088,0.01872167213673561
982u0jl5ucb,2019-08-01,2.093,2.4418333333333333,-0.34883333333333333,8.0,9.0,2.0,202,0.42039542143600417,0.5489022675559807,0.8613861386138614,0.0003233647176191413
99dnxlabhp4,2019-08-01,2.478,2.478,0.0,7.0,7.0,1.0,209,0.3064516129032258,0.6528181104999331,0.9234449760765551,3.796148542325926e-05
9ahal9xceo0,2019-08-01,39.68333333333333,41.27066666666666,-1.5873333333333335,25.0,26.0,0.0,147,0.0,1.0966866622136417,0.9251700680272109,0.0021991489797775644
9alkvjco9eh,2019-08-01,1.9760000000000002,1.9760000000000002,0.0,28.0,21.0,5.0,208,0.4091266719118804,0.6093122286878497,0.7307692307692307,0.020140661786211555
9aoi7m938uv,2019-08-01,0.2306666666666667,0.2306666666666667,0.0,7.0,7.0,6.0,199,1.8341013824884793,0.8118932624071973,0.8994974874371859,0.004456842919866255
9bw5es2cyq3,2019-08-01,1.131,1.0053333333333334,0.1256666666666666,20.0,19.0,11.0,211,0.831899641577061,0.4066451216843401,0.7014218009478673,0.0037354236265456776
9c2126px38q,2019-08-01,0.9546666666666668,2.744666666666667,-1.79,20.0,36.0,13.0,211,0.5672043010752689,0.8488279437295864,0.6161137440758294,0.057558322085339717
9co230w9ft3,2019-08-01,2.608,2.608,0.0,17.0,16.0,2.0,75,0.21994134897360704,0.7606962802282112,0.8133333333333334,0.12292776117422877
9e2ij49i39y,2019-08-01,2.9735,1.5128333333333333,1.4606666666666668,90.0,62.0,33.0,106,0.7233250620347395,0.4071142918769243,0.41509433962264153,0.22669982823424972
9ejqxc7khy1,2019-08-01,3.5775,3.5775,0.0,19.0,13.0,5.0,34,0.6854838709677419,0.07422696190252052,0.7941176470588235,0.005273325071733388
9etek1zxviw,2019-08-01,1.1853333333333336,3.556000000000001,-2.3706666666666676,50.0,66.0,42.0,212,0.8206451612903225,0.3393626672888334,0.25,0.00738264548848394
9eyrzpxgd18,2019-08-01,1.03,1.03,0.0,18.0,18.0,12.0,211,1.1837307152875176,0.34430670671041164,0.7535545023696683,3.860954390800777e-06
9flv7bvuu5l,2019-08-01,0.9045000000000002,1.0050000000000001,-0.10049999999999992,14.0,15.0,5.0,209,0.510752688172043,0.3302830819123106,0.7272727272727273,1.323792947044798e-05
9fzozst5zaw,2019-08-01,11.904,11.904,0.0,7.0,6.0,1.0,98,0.632258064516129,0.9460104397302438,0.9591836734693877,0.0019371852954385058
9g9x2ondr08,2019-08-01,7.6160000000000005,7.6160000000000005,0.0,2.0,9.0,0.0,212,0.0,0.782303850543507,0.8584905660377359,0.002230162743885205
9gcdarw1coe,2019-08-01,1.7265,4.604,-2.8775000000000004,37.0,52.0,28.0,212,0.7978494623655914,0.9440513809832951,0.5,0.008615769673236094
9h560nek4qx,2019-08-01,30.3705,30.3705,0.0,19.0,14.0,2.0,212,0.2630272952853598,0.8276938919972051,0.8537735849056604,2.7031173033041e-07
9jj7bhztgqe,2019-08-01,0.24833333333333338,2.3591666666666646,-2.110833333333331,67.0,64.0,65.0,211,1.4134803668968359,0.3382879343896166,0.36492890995260663,0.000408148712118235
9koqhazwsqh,2019-08-01,62.87733333333328,70.73699999999994,-7.859666666666655,23.0,22.0,31.0,208,2.101010101010101,0.20968574183105662,0.6298076923076923,3.0119331346849732e-05
9m32iatj338,2019-08-01,0.7606666666666667,0.7606666666666667,0.0,17.0,20.0,17.0,210,1.2795698924731183,0.23490221329477226,0.6428571428571429,0.00012013236853325373
9mp1zwj8qb8,2019-08-01,75.76916666666666,85.05699999999999,-9.287833333333325,161.0,180.0,6.0,210,0.05865102639296188,0.8284181344166376,0.580952380952381,3.895734399192008e-06
9oayyetjggj,2019-08-01,3.890333333333333,3.890333333333333,0.0,6.0,15.0,7.0,204,0.6875300914780934,0.8083043635714393,0.7745098039215687,0.0017592059753242194
9ps4eey2zym,2019-08-01,3.061666666666667,3.061666666666667,0.0,6.0,5.0,0.0,210,0.0,0.7133754428059936,0.9285714285714286,0.0016237128924161722
9qtmz5prcla,2019-08-01,5.5743333333333345,5.972500000000001,-0.39816666666666656,16.0,17.0,2.0,201,0.1935483870967742,0.8772271078037466,0.7313432835820896,0.09749924462256326
9r9z92fkd55,2019-08-01,59.194499999999955,59.194499999999955,0.0,67.0,64.0,117.0,212,2.5161290322580645,0.346082310514831,0.4009433962264151,5.271101528571544e-06
9rm2m90cqvt,2019-08-01,1.9460000000000002,2.224,-0.278,22.0,23.0,15.0,211,1.6205837173579112,0.5295088234718284,0.8341232227488151,1.2342692301806717e-05
9rrsvlcs0fv,2019-08-01,5.997,4.9975,0.9995000000000003,6.0,3.0,0.0,165,0.0,0.9068686747932841,0.9575757575757575,0.0006941572023672121
9s0m2rtu56x,2019-08-01,2.081666666666667,1.457166666666667,0.6245,10.0,7.0,0.0,195,0.0,1.1574464985782476,0.9179487179487179,0.014793624991371058
9sagjexti3c,2019-08-01,65.325,65.325,0.0,9.0,5.0,1.0,193,0.4150537634408602,0.7652530593849066,0.9326424870466321,5.883715805442915e-09
9t4w3b100fk,2019-08-01,1.813166666666667,1.813166666666667,0.0,19.0,13.0,21.0,210,2.684114424832623,0.7891041947562559,0.7952380952380952,0.007294837835962495
9tos9lguxis,2019-08-01,5.757333333333334,5.757333333333334,0.0,5.0,5.0,1.0,208,0.47926267281105994,0.7473923240539599,0.9326923076923077,0.0003432802449171044
9tuykqrbufh,2019-08-01,15.742833333333333,17.774166666666666,-2.0313333333333325,733.0,777.0,392.0,212,0.6067845616904453,0.20608528634346407,0.03773584905660377,0.00018197261973495636
9u5l5bhm5gi,2019-08-01,15.379333333333333,15.379333333333333,0.0,410.0,346.0,229.0,212,0.9383250546009779,0.31250246858562486,0.1320754716981132,8.91076792400373e-07
9u968s77sd9,2019-08-01,1.0973333333333335,1.0973333333333335,0.0,10.0,9.0,9.0,177,2.2342215988779808,0.5712138691379051,0.8813559322033898,0.13511229202239222
9v5mvcstm6n,2019-08-01,544.8125,42.637499999999996,502.175,115.0,3.0,0.0,117,0.0,6.557438524302,0.9829059829059829,
9vkjxh57kxf,2019-08-01,3.838333333333334,5.483333333333333,-1.6449999999999996,75.0,90.0,40.0,83,0.856774193548387,0.1797556114629426,0.4578313253012048,0.01882005028643498
9vlda48wcex,2019-08-01,37.17,16.52,20.650000000000002,19.0,9.0,1.0,51,0.18279569892473116,0.3370928507134205,0.8627450980392157,0.0497120036754779
9vz7t2jb80n,2019-08-01,0.543,0.543,0.0,13.0,7.0,28.0,198,12.774193548387096,1.6710865607045453,0.9393939393939394,0.0013398627028975562
9wtmyoznwcu,2019-08-01,3.24,3.24,0.0,25.0,25.0,13.0,136,0.814746543778802,0.23855473832617133,0.6470588235294118,0.0028130376955782786
9xp8sjwl5q9,2019-08-01,0.3153333333333334,0.4730000000000001,-0.15766666666666668,28.0,32.0,29.0,208,1.314734088927637,0.26145689468805716,0.5192307692307693,0.00010941816123635211
9zhmyl7qc2w,2019-08-01,1.2893333333333334,0.6446666666666667,0.6446666666666667,9.0,5.0,1.0,186,0.4,1.689448850869836,0.9247311827956989,1.6077732030577147e-06
a0a2613kn7j,2019-08-01,24.768,29.6055,-4.837499999999999,384.0,459.0,0.0,164,0.0,0.21233339839872967,0.17073170731707318,0.006187475385082564
a0pv7xf7xrj,2019-08-01,10.185,10.185,0.0,29.0,21.0,32.0,205,2.3512544802867383,0.4911279442196578,0.7170731707317073,0.009560300016832179
a2aprflcy62,2019-08-01,3.773,1.7966666666666666,1.9763333333333335,63.0,52.0,42.0,212,0.3125416827547475,1.8130176976997567,0.6037735849056604,1.4998367115773139e-05
a2t5ivou2dc,2019-08-01,0.7995,0.6218333333333333,0.17766666666666664,50.0,48.0,41.0,212,1.193136582017845,0.2505480638307945,0.45754716981132076,8.559797631678057e-06
a37opb5gml5,2019-08-01,4.07475,4.07475,0.0,23.0,19.0,15.0,47,1.2634408602150538,0.2619339201994402,0.7446808510638298,0.10921385295723923
a3f4i5xcnyn,2019-08-01,0.5433333333333333,0.326,0.21733333333333332,33.0,31.0,28.0,195,1.4436805922792173,0.37851538495612586,0.5794871794871795,0.0005349744321981864
a6gxcflv94j,2019-08-01,3.298,3.298,0.0,48.0,36.0,37.0,210,1.500869229283369,0.4036865850308332,0.5333333333333333,0.009040616760764794
a718jdm4vgv,2019-08-01,5.437166666666667,3.518166666666667,1.919,18.0,12.0,1.0,108,0.18336162988115448,0.48672479535217084,0.8796296296296297,0.0004062074727733436
a7meglogdk8,2019-08-01,1.5986666666666667,0.39966666666666667,1.199,33.0,27.0,25.0,211,1.3722684703433923,0.3056047812510968,0.6161137440758294,0.003070610216888481
a7p1orrgi36,2019-08-01,15.110333333333335,15.110333333333335,0.0,7.0,11.0,4.0,212,0.7198641765704584,0.6169216107227956,0.8490566037735849,7.635425751768325e-05
a80jota6w7k,2019-08-01,10.352333333333334,10.352333333333334,0.0,7.0,7.0,1.0,210,0.29453015427769985,0.4909715471857578,0.8904761904761904,2.9043540985766502e-05
a88dsvnofn8,2019-08-01,0.7413333333333334,0.7413333333333334,0.0,3.0,5.0,1.0,204,0.32903225806451614,1.1102386835887124,0.9068627450980392,0.08801421551947963
a8d0nxr5930,2019-08-01,3.112166666666667,1.0081666666666667,2.104,281.0,233.0,210.0,212,1.1771549444738234,0.29762290308268524,0.03773584905660377,5.384581762458386e-05
a9lf6367bji,2019-08-01,2.214666666666667,2.6173333333333337,-0.40266666666666673,15.0,17.0,4.0,196,0.6021505376344086,0.6594544927053192,0.8622448979591837,0.00589821947558178
aa02877zlkl,2019-08-01,4.01533333333333,12.045999999999989,-8.030666666666658,21.0,19.0,22.0,210,1.7741935483870968,0.2756824371303441,0.7,8.985067299351867e-06
aah6tel947v,2019-08-01,0.393,0.393,0.0,34.0,34.0,28.0,212,1.2938099389712294,0.5261868366942682,0.6556603773584906,0.01422331193535094
abv6xm5kqs1,2019-08-01,46.801,46.801,0.0,1.0,3.0,2.0,194,3.129032258064516,1.1357784534838213,0.979381443298969,1.0583487471012217e-05
adqn5rxrzty,2019-08-01,5.600000000000001,5.600000000000001,0.0,105.0,105.0,0.0,166,0.0,0.16250839647316478,0.27710843373493976,0.0026943283557820806
ae0g1qdbevq,2019-08-01,79.00199999999992,389.3669999999996,-310.36499999999967,244.0,134.0,272.0,155,3.2613908872901676,0.7424216206597559,0.45161290322580644,0.29687646917847754
af1oeikrz66,2019-08-01,8.25,8.25,0.0,9.0,3.0,0.0,167,0.0,1.3858110497243052,0.9640718562874252,0.054893996385740065
af4pzqa16f2,2019-08-01,6.075333333333334,6.075333333333334,0.0,25.0,22.0,17.0,209,1.102047146401985,0.193391382843789,0.6172248803827751,1.4517204422566224e-05
afp8tzx7m5e,2019-08-01,0.625,0.4375,0.1875,10.0,7.0,0.0,119,0.0,0.5153408326134544,0.8739495798319328,0.0051583753430626995
afu6fdj194k,2019-08-01,4.216666666666667,1.9166666666666667,2.3,109.0,77.0,65.0,212,1.1606165248884022,0.4894985173141446,0.3443396226415094,0.040790911269138634
agkftoewbsi,2019-08-01,1.224,2.142,-0.9179999999999999,4.0,12.0,5.0,192,1.067853170189099,0.8814587597777498,0.8802083333333334,0.023837499595099655
ai15hez3yy3,2019-08-01,3.0918333333333337,3.0918333333333337,0.0,0.0,3.0,7.0,168,5.419354838709678,0.6983798214438904,0.9583333333333334,0.00149322438941856
aiwulj3n74h,2019-08-01,5.058166666666667,6.363499999999999,-1.3053333333333326,54.0,62.0,23.0,212,0.5191099755136804,0.5692264083124723,0.3632075471698113,0.08032464489846508
aj4gvef11xq,2019-08-01,10.701,50.373000000000005,-39.672000000000004,70.0,222.0,29.0,212,0.27167476800707024,1.2742942292124628,0.2830188679245283,0.005683588662166155
ajrdo2stoup,2019-08-01,7.14,8.885333333333332,-1.745333333333332,81.0,92.0,36.0,75,1.1311269375785507,0.23982449723429886,0.5466666666666666,0.1599573150593639
ak9a61ty9or,2019-08-01,1.677,1.677,0.0,10.0,11.0,7.0,212,1.227460711331679,0.44938644593144694,0.8301886792452831,1.6521761366404787e-05
akgsdjlk0kp,2019-08-01,509.7953333333329,323.5826666666664,186.2126666666665,387.0,509.0,721.0,211,1.891847190787674,0.6379188810336016,0.11374407582938388,0.05134486862677909
akikrb4o24w,2019-08-01,1.301499999999999,16.919499999999985,-15.617999999999986,97.0,85.0,98.0,85,1.6485256283396001,0.1513532165577074,0.29411764705882354,0.14985551814292342
akyohk6pijf,2019-08-01,5.235,5.235,0.0,9.0,7.0,1.0,75,0.26881720430107525,0.8019298957324393,0.88,0.08695764328822897
am8hb366gd9,2019-08-01,5.656666666666666,4.525333333333333,1.131333333333333,5.0,3.0,0.0,182,0.0,0.711339050662408,0.9505494505494505,0.00012220602105340357
amabggypbld,2019-08-01,86.06999999999991,136.27749999999986,-50.20749999999995,163.0,142.0,199.0,209,1.8454541420774726,0.23988907578785507,0.12440191387559808,0.00192557025719696
ambrhcezxqj,2019-08-01,79.73333333333333,24.150000000000002,55.58333333333333,232.0,87.0,24.0,212,0.03175256959916126,1.3416506552958136,0.33962264150943394,9.662673194019782e-06
anuojgmbxb6,2019-08-01,7.299833333333335,5.214166666666667,2.0856666666666674,7.0,5.0,0.0,195,0.0,0.7943668515744418,0.9128205128205128,0.00046021191025324076
ao043t52um1,2019-08-01,1.4453333333333334,0.7226666666666667,0.7226666666666667,11.0,7.0,3.0,212,0.7074527252502781,0.6408259178104934,0.8820754716981132,0.0001971904816502983
ap5xlsze0tl,2019-08-01,2.6600000000000006,3.8000000000000007,-1.1400000000000001,13.0,29.0,9.0,194,0.8533724340175953,1.7084746417719838,0.8350515463917526,0.14145644924072986
ap65ja0a6m4,2019-08-01,120.21266666666665,304.0673333333333,-183.85466666666665,87.0,139.0,53.0,212,0.577152249845901,0.8740679041019261,0.32075471698113206,0.17631672408780463
aqck303pn5e,2019-08-01,1.642666666666667,0.8213333333333335,0.8213333333333335,15.0,13.0,11.0,204,1.292626728110599,0.51228986111471,0.7745098039215687,0.0007471717287046121
aqdijj39yet,2019-08-01,2.6500000000000004,2.12,0.5300000000000002,8.0,7.0,3.0,210,0.8467741935483871,0.5688733182072487,0.9095238095238095,8.284419909930433e-05
aqop14xy7s3,2019-08-01,3.502666666666667,5.691833333333333,-2.1891666666666665,9.0,18.0,5.0,208,0.5325140809011777,0.6868025829828804,0.7884615384615384,0.0038266920876313
ar1etjheucs,2019-08-01,4.242000000000001,4.242000000000001,0.0,3.0,3.0,0.0,86,0.0,0.340669246891845,0.9651162790697675,0.01056207795851384
arwc0yykykg,2019-08-01,15.354000000000001,23.457500000000003,-8.103500000000002,39.0,58.0,3.0,211,0.07240905971173645,0.8161196161296868,0.47393364928909953,0.0006402010216068459
asuh1bjc05f,2019-08-01,3.0853333333333337,3.0853333333333337,0.0,18.0,13.0,6.0,41,0.721407624633431,0.06257782623312076,0.7560975609756098,0.28032952932839694
asz1fudnofn,2019-08-01,3.613666666666667,3.613666666666667,0.0,40.0,41.0,16.0,212,0.5914559721011334,0.44857965110347237,0.5754716981132075,0.000775192429755703
at12tv26vta,2019-08-01,1.324,0.662,0.662,11.0,7.0,3.0,211,1.1344086021505375,0.9776682606313052,0.9289099526066351,3.9272741663406376e-07
at9acbn90qs,2019-08-01,5.7940000000000005,20.279000000000003,-14.485000000000003,4.0,14.0,0.0,212,0.0,1.5613593280530362,0.8726415094339622,0.0010775524355850527
ava3gfoj79r,2019-08-01,14.278,10.384,3.894,14.0,9.0,3.0,211,0.6806451612903226,1.0851801386924684,0.8909952606635071,0.002121805675480153
axufgx7e5cq,2019-08-01,27.80333333333331,50.04599999999996,-22.242666666666647,36.0,32.0,41.0,207,1.9416609471516815,0.5007897786450543,0.6859903381642513,0.00016017525835896438
axysnpepnxi,2019-08-01,2.184,2.9120000000000004,-0.7280000000000002,102.0,105.0,93.0,212,1.2114285714285715,0.46912866339858855,0.21226415094339623,0.020532591036333214
aybvbxx2mr1,2019-08-01,0.23916666666666664,18.17666666666665,-17.937499999999986,120.0,85.0,113.0,212,1.80554718118782,0.26675530675143583,0.2971698113207547,0.002452373286471118
az0fdd8p02c,2019-08-01,56.847999999999956,216.73299999999983,-159.88499999999988,130.0,85.0,146.0,193,2.6423480870217557,0.45332521925775265,0.43523316062176165,0.0002564814796583498
az98ay96byf,2019-08-01,1.2886666666666666,1.2886666666666666,0.0,4.0,5.0,4.0,185,1.4919354838709675,0.7021633499573703,0.9135135135135135,0.0012335948218729447
azbghssxpcs,2019-08-01,31.584666666666667,93.148,-61.56333333333333,231.0,461.0,113.0,212,0.3378986416914679,0.7549576441714192,0.02830188679245283,0.0024075164764811915
azxnnv0w7qu,2019-08-01,1.989,0.221,1.768,24.0,16.0,15.0,212,1.4866760168302946,0.700530302262868,0.8018867924528302,6.3765723119504016e-06
b0j2bo900wr,2019-08-01,4.867166666666666,4.867166666666666,0.0,10.0,19.0,5.0,210,0.4080839486980179,0.3917661032905386,0.7095238095238096,1.0664233321310114e-06
b1r8wy5lqnw,2019-08-01,9.826666666666666,2.144,7.682666666666666,61.0,18.0,6.0,206,0.6041055718475072,1.2318186231297437,0.8252427184466019,0.029348689546129517
b1vstfa2ay5,2019-08-01,1.5975000000000001,1.4200000000000002,0.1775,20.0,19.0,11.0,207,0.9416873449131514,0.2896194524096261,0.7439613526570048,4.499584152516608e-08
b34xaiq2yhf,2019-08-01,3.3433333333333337,3.3433333333333337,0.0,4.0,9.0,4.0,56,0.9032258064516129,0.5026502585198956,0.875,0.681730573136068
b42ja3lf85r,2019-08-01,5.907000000000001,10.024000000000001,-4.117,198.0,336.0,0.0,131,0.0,0.4595476857029045,0.11450381679389313,0.0035368658172255534
b4x7lwcpw98,2019-08-01,4.4366666666666665,4.033333333333333,0.4033333333333333,26.0,25.0,15.0,212,0.8620222282461372,0.4692349272854844,0.6037735849056604,0.002227346348973026
b7gilb8lttt,2019-08-01,1.2740000000000002,0.45500000000000007,0.8190000000000002,21.0,12.0,7.0,195,1.1587436332767402,1.20082013475085,0.8615384615384616,0.0372525215624225
b89aanzfont,2019-08-01,2.3546666666666667,2.3546666666666667,0.0,126.0,118.0,111.0,208,1.3590769955262538,0.5308855556334916,0.2980769230769231,0.00297574443678938
b97eeb6z56c,2019-08-01,7.777000000000001,7.777000000000001,0.0,29.0,35.0,6.0,212,0.2471822774970851,0.5658462304985766,0.5801886792452831,0.010580444695281094
b9dfvytymwa,2019-08-01,1.8028333333333333,388.603833333333,-386.80099999999965,587.0,229.0,558.0,210,3.15,0.43055110755525333,0.13333333333333333,0.15168553831377607
b9kgfvwt1tp,2019-08-01,7.698166666666667,4.737333333333334,2.9608333333333334,13.0,7.0,0.0,86,0.0,0.5158178485958552,0.9418604651162791,0.008567161876844006
b9ne6xijsze,2019-08-01,3.4603333333333333,3.4603333333333333,0.0,12.0,7.0,0.0,210,0.0,0.9464888586178752,0.9238095238095239,1.7568114694171528e-06
bah7ismk4mv,2019-08-01,1.9840000000000002,9.423999999999992,-7.439999999999992,16.0,11.0,12.0,202,1.7771260997067448,0.335363039349389,0.8267326732673267,1.351430294896665e-05
bao0t5vo2cs,2019-08-01,1.026,19.493999999999982,-18.467999999999982,9.0,5.0,7.0,212,2.991935483870968,0.4842124676876448,0.9245283018867925,1.938800955057902e-07
bc2k842utv4,2019-08-01,2.6350000000000002,2.6350000000000002,0.0,13.0,11.0,5.0,84,0.9032258064516129,0.25510980161833485,0.8452380952380952,0.009056147937516516
bcmtxn0x8lw,2019-08-01,1.807666666666667,1.807666666666667,0.0,17.0,14.0,18.0,103,2.1359447004608296,0.525189881974187,0.8058252427184466,0.05752919959918983
bcwyuixcqr3,2019-08-01,4.840999999999999,4.840999999999999,0.0,32.0,15.0,19.0,208,2.124731182795699,0.8346304803958956,0.7884615384615384,0.17586304976978512
bdsfng6n9qo,2019-08-01,28.690333333333328,28.690333333333328,0.0,9.0,9.0,6.0,92,1.6187683284457477,0.4105745103771406,0.8913043478260869,0.011334700211500178
bgyu47jhue4,2019-08-01,12.397499999999987,1.8124999999999998,10.584999999999987,39.0,73.0,48.0,212,0.9299095312071645,0.7457970075303215,0.36792452830188677,0.1252177513687458
bhfanhxs5s7,2019-08-01,20.218333333333334,20.218333333333334,0.0,16.0,18.0,6.0,212,0.5698924731182796,0.49775276702610005,0.7688679245283019,0.005682964458434236
bhou6wpgltx,2019-08-01,8.261666666666667,8.261666666666667,0.0,6.0,5.0,2.0,207,0.8903225806451612,0.5793385636743897,0.9323671497584541,1.4033991144238863e-07
bjnd5y6ott1,2019-08-01,3.7000000000000006,3.1080000000000005,0.5920000000000001,40.0,36.0,15.0,166,0.5820476858345021,0.17782211294466457,0.43373493975903615,0.00023534739331526332
bktkcjet7cm,2019-08-01,3.767833333333334,3.3605000000000005,0.4073333333333333,112.0,92.0,75.0,209,1.055626641524682,0.16811769199650492,0.24401913875598086,0.00010099604932013023
bl3ecvf63ke,2019-08-01,3.480666666666667,9.685333333333334,-6.204666666666667,459.0,500.0,436.0,212,1.0970115597332004,0.14685363182844244,0.0047169811320754715,0.00024510280534604953
bla68518xpi,2019-08-01,20.628666666666664,19.206,1.4226666666666645,94.0,90.0,36.0,198,0.7956245116642483,0.7847433909908668,0.6919191919191919,0.003209914062282701
blkvdn891oe,2019-08-01,1.6508333333333334,26.884999999999977,-25.234166666666642,127.0,62.0,92.0,212,2.140004388852315,0.7275315131750949,0.4669811320754717,0.37782448926099765
bm66tirgnk8,2019-08-01,2.1069999999999998,1.9565,0.15049999999999986,19.0,18.0,5.0,208,0.4141776184786937,0.40839220371360313,0.7548076923076923,8.549094535252449e-07
bmw1h9dzqqi,2019-08-01,78.03933333333327,351.8166666666664,-273.7773333333331,522.0,308.0,583.0,212,2.4459924797150205,0.3848900208751288,0.05188679245283019,0.21369500119148288
bqhmfbf1twh,2019-08-01,3.1973333333333334,3.1973333333333334,0.0,4.0,3.0,4.0,202,3.258064516129032,0.7538956951785939,0.9603960396039604,2.908271934408482e-07
bqsvfmfwi21,2019-08-01,3.5434999999999968,10.63049999999999,-7.086999999999994,58.0,52.0,61.0,212,1.8458464173565514,0.5552436766307182,0.5566037735849056,0.04948192876657885
bqzkbxfjr09,2019-08-01,3.789333333333334,2.605166666666667,1.184166666666667,16.0,11.0,0.0,195,0.0,0.5376975503875108,0.8205128205128205,8.957396076831827e-05
btatu9hppwg,2019-08-01,20.671999999999983,20.671999999999983,0.0,79.0,72.0,120.0,212,2.165290663035152,0.17254828619995305,0.30660377358490565,5.648398040132291e-07
btisb4xz5vr,2019-08-01,2.0655,2.0655,0.0,7.0,3.0,2.0,205,1.0173697270471465,1.046205264059331,0.9560975609756097,2.4228179761918207e-05
bts68f5t90p,2019-08-01,0.8758333333333334,2.9778333333333333,-2.102,37.0,49.0,32.0,212,1.0420890937019969,0.45477551240538033,0.46226415094339623,0.001371189991451384
btuksx82f9r,2019-08-01,8.816,8.816,0.0,2.0,3.0,1.0,194,1.564516129032258,1.44535594347535,0.979381443298969,1.0583487471012493e-05
bysk8l8o369,2019-08-01,0.9380000000000001,0.9380000000000001,0.0,24.0,24.0,3.0,211,0.1760289210233593,0.4425623834829814,0.5924170616113744,0.013489462120822476
bzlojfw1zqg,2019-08-01,55.00499999999996,55.00499999999996,0.0,15.0,11.0,32.0,44,5.046594982078853,0.24777889509253573,0.7954545454545454,0.6314293952432422
c13h9749oj0,2019-08-01,37.79666666666667,23.006666666666668,14.79,30.0,18.0,7.0,211,0.554013503375844,0.5735132512267472,0.8151658767772512,0.00030116625385342175
c26zhppwwds,2019-08-01,3.7350000000000003,3.7350000000000003,0.0,12.0,14.0,4.0,209,0.5186104218362283,0.5194067996989556,0.8229665071770335,1.0994919209635287e-06
c431xam0t74,2019-08-01,2.592,0.0,2.592,25.0,14.0,21.0,207,3.261065266316579,0.9635803721360456,0.8743961352657005,0.0016551881982856886
c5qtaimpolb,2019-08-01,1.1166666666666667,1.1166666666666667,0.0,2.0,3.0,0.0,210,0.0,0.9275116051984351,0.9714285714285714,1.5528401022499826e-05
c7hl2p10jpd,2019-08-01,3.5501666666666667,3.5501666666666667,0.0,23.0,19.0,18.0,207,1.5214373213556556,0.417515989646783,0.7004830917874396,0.007038936072138692
c7lwmgzm3p4,2019-08-01,2.673333333333334,2.673333333333334,0.0,6.0,3.0,2.0,205,1.6532258064516128,1.283982712516606,0.9658536585365853,0.00014294975219028924
c7un7ekzves,2019-08-01,3.6323333333333334,3.6323333333333334,0.0,7.0,3.0,1.0,179,0.6415770609318996,0.9159649390382392,0.9608938547486033,2.0132816742197992e-05
c8xnt1ymysi,2019-08-01,35.61549999999996,1.8745,33.740999999999964,145.0,191.0,168.0,212,1.1263757115749526,0.3936391291614362,0.0660377358490566,0.03248858248478341
cca9y92msi3,2019-08-01,131.175,131.175,0.0,3.0,5.0,3.0,173,1.0463709677419355,0.6584135708332334,0.9132947976878613,0.0005339025705972759
ccd6u6cl25m,2019-08-01,1.0613333333333335,1.0613333333333335,0.0,5.0,5.0,4.0,209,1.7978494623655914,1.1917063064971793,0.937799043062201,0.00223554099735053
ccpe3b9rfin,2019-08-01,3.984,3.984,0.0,22.0,20.0,7.0,211,0.6710586097228532,0.5595893487632151,0.7867298578199052,2.971913318550553e-05
cd4zmjiii6r,2019-08-01,42.04433333333334,107.95166666666657,-65.90733333333323,564.0,270.0,305.0,212,1.3776792943282055,0.2943984664597266,0.009433962264150943,0.07955745844507306
cfqc0pwcrb6,2019-08-01,36.09999999999997,43.319999999999965,-7.219999999999992,23.0,21.0,33.0,211,2.5524193548387095,0.6155397268789473,0.7061611374407583,0.004389301124607665
cgvgj4clu01,2019-08-01,11.277000000000001,9.129000000000001,2.1479999999999997,29.0,25.0,8.0,208,0.43640178337267244,0.6575305043311076,0.6634615384615384,0.002178038434325537
chazc5wslle,2019-08-01,4.6865000000000006,4.6865000000000006,0.0,34.0,23.0,27.0,207,1.8029032258064517,0.5812172265528119,0.6811594202898551,0.0001249024576749784
ci7p1u42et2,2019-08-01,2.319833333333334,1.721166666666667,0.5986666666666669,88.0,80.0,57.0,210,0.9326788218793828,0.14855761288489003,0.21904761904761905,0.000367882515551906
ciclwawaf6m,2019-08-01,0.808,0.5386666666666667,0.2693333333333333,6.0,3.0,3.0,156,3.0193548387096776,0.9504630987265192,0.9743589743589743,0.00013381182725639943
ckh34cz2zle,2019-08-01,8.779,8.779,0.0,13.0,14.0,3.0,207,0.3709677419354839,0.8328553611272885,0.8357487922705314,0.002205172601015591
ckpg3m95eie,2019-08-01,5.656500000000001,5.097833333333334,0.5586666666666673,93.0,85.0,12.0,210,0.20022246941045604,0.27814127691957313,0.3523809523809524,0.0006667876857958778
ckredjkobv3,2019-08-01,5.5200000000000005,5.5200000000000005,0.0,10.0,7.0,4.0,207,1.2140762463343109,0.503589848881394,0.9227053140096618,7.145536324138167e-06
cmszlocrjpu,2019-08-01,3.031,3.031,0.0,10.0,9.0,4.0,211,0.7164685908319185,0.731242884643854,0.8909952606635071,9.9984770118197e-06
cndujikhcm1,2019-08-01,3.0175000000000005,10.11749999999999,-7.099999999999991,49.0,29.0,32.0,212,1.6705245013543462,0.4838585583911096,0.6084905660377359,0.0018703046714542667
cnk08d5rwgn,2019-08-01,1.6483333333333337,1.6483333333333337,0.0,7.0,7.0,7.0,196,2.4587813620071683,0.5180704217801326,0.9183673469387755,1.6366146542011824e-05
cod642mdvo8,2019-08-01,8.530000000000001,8.530000000000001,0.0,14.0,13.0,6.0,208,0.7741935483870968,0.39286989993311466,0.7932692307692307,4.660838446110699e-06
cpushi9fspr,2019-08-01,2.296666666666667,0.7066666666666667,1.5900000000000003,18.0,9.0,5.0,39,1.2580645161290323,0.12499999999999997,0.8974358974358975,0.1043529095898687
cq9f328b6fe,2019-08-01,3.645,10.1655,-6.5205,1523.0,1684.0,1433.0,212,0.8372380151851291,0.19814067175254294,0.0047169811320754715,0.4019128905391224
cr0hmmyqa23,2019-08-01,11.753333333333332,11.753333333333332,0.0,10.0,12.0,1.0,194,0.17880184331797236,0.5104888884461684,0.8608247422680413,9.438461262592662e-07
cralkqoitah,2019-08-01,112.8599999999999,112.8599999999999,0.0,91.0,118.0,274.0,210,3.949210706932052,0.5972508645972215,0.4238095238095238,0.030648929478651905
csj00j5cyy8,2019-08-01,45.061666666666625,45.061666666666625,0.0,114.0,96.0,134.0,45,1.9259022676461193,0.34893383954373225,0.3111111111111111,0.2809271926822401
ctha9450vuo,2019-08-01,2.008,146.2493333333332,-144.2413333333332,235.0,206.0,229.0,212,1.3350933641338723,0.15138417213026417,0.018867924528301886,0.0003361582041513842
cu0pop3fv9p,2019-08-01,21.660833333333336,7.065833333333334,14.595000000000002,401.0,275.0,214.0,212,0.9609217800182154,0.22170729573817963,0.0330188679245283,0.00016313831319764033
cutt9jrkfsu,2019-08-01,16.226000000000003,241.36174999999977,-225.13574999999977,979.0,708.0,827.0,212,1.496589812973222,0.46646288326586327,0.09905660377358491,0.052790345168453184
cvk1cwcbyyd,2019-08-01,7.952999999999999,7.952999999999999,0.0,9.0,7.0,3.0,210,0.781637717121588,0.5124132579654584,0.9,7.402513561982619e-06
cvq63pcntny,2019-08-01,5.5040000000000004,5.5040000000000004,0.0,69.0,84.0,51.0,205,1.0985604707365768,0.7976397233922254,0.5609756097560976,0.000688381969173716
cx960ocou10,2019-08-01,0.8066666666666666,0.3025,0.5041666666666667,40.0,35.0,32.0,211,1.2887955716739834,0.21118436850664607,0.4881516587677725,0.0007926975292825111
cy0i3hbjihz,2019-08-01,9.14,4.57,4.57,13.0,5.0,3.0,187,1.8096774193548386,1.7795966140295607,0.946524064171123,2.841642621443227e-05
cyygzp5bjyi,2019-08-01,0.7625000000000002,0.7625000000000002,0.0,6.0,5.0,5.0,189,1.6935483870967742,0.4780168215473033,0.91005291005291,0.0026536976813145434
d0l7ptdjrnu,2019-08-01,1.8466666666666667,0.7386666666666667,1.108,12.0,6.0,2.0,54,1.1612903225806452,2.3412563895228304,0.9629629629629629,
d0z72i9ak4n,2019-08-01,26.358666666666668,70.86999999999993,-44.51133333333327,559.0,75.0,135.0,212,3.0369269949066213,0.7521020084501094,0.49056603773584906,0.9891056346329218
d1rmduu2x9d,2019-08-01,8.246333333333332,10.438999999999998,-2.192666666666666,173.0,219.0,0.0,178,0.0,0.23127560785759127,0.02247191011235955,0.013708697782578681
d1vg77hvds2,2019-08-01,1.295,0.259,1.036,31.0,20.0,21.0,61,1.6529032258064515,0.1293262588015408,0.7049180327868853,0.00763708794147959
d221sazi436,2019-08-01,6.975000000000002,6.975000000000002,0.0,18.0,5.0,0.0,112,0.0,0.9093342381613291,0.9375,0.18858653999650404
d28x1wo73m1,2019-08-01,25.861000000000004,25.861000000000004,0.0,7.0,3.0,1.0,159,0.7327188940092166,1.0003905487358427,0.9622641509433962,0.00025813295943176597
d3jhwvz3244,2019-08-01,1.7706666666666668,1.9920000000000002,-0.22133333333333338,18.0,19.0,10.0,212,0.8339889850511407,0.38098882888847563,0.7311320754716981,0.00028424530109218707
d426lh6i0hf,2019-08-01,0.681,0.0,0.681,11.0,9.0,9.0,210,1.4870180959874115,0.5450980392156863,0.8142857142857143,0.00011479974004435408
d4scrztmq5s,2019-08-01,4.14,3.4499999999999997,0.69,47.0,42.0,17.0,211,0.5052824341456543,0.2672419665144412,0.44549763033175355,1.9159343694237506e-05
d4tr6ke724i,2019-08-01,2.4245,2.4245,0.0,9.0,11.0,11.0,188,1.7105045492142268,0.2928877200266595,0.8031914893617021,1.6924444242051087e-05
d6469u5odma,2019-08-01,9.548,7.558833333333333,1.9891666666666667,24.0,19.0,0.0,107,0.0,0.2670593894884041,0.7289719626168224,0.004213180976306472
d69ccfoytst,2019-08-01,65.57633333333334,174.02950000000004,-108.4531666666667,34.0,77.0,8.0,200,0.3308519437551695,2.854882197367288,0.92,0.01743889345503517
d75fmdnma10,2019-08-01,14.038250000000001,112.8884999999999,-98.85024999999989,502.0,159.0,261.0,212,2.399063475546306,0.7108090391589981,0.3113207547169811,0.8877508022767481
d7k2hzlr42b,2019-08-01,3.669333333333334,1.3760000000000001,2.293333333333334,54.0,34.0,22.0,203,1.0290322580645161,0.6760275148215005,0.6600985221674877,0.012069069344975833
d7t004i7zp3,2019-08-01,0.6369999999999999,0.44099999999999995,0.19599999999999995,171.0,163.0,145.0,211,1.116442855057656,0.22687372657065497,0.08530805687203792,0.000824311534437068
d7z7hv3jtdx,2019-08-01,17.757,13.811,3.9460000000000015,9.0,7.0,0.0,201,0.0,0.912812432431814,0.9402985074626866,0.00033489967489044474
d940rdumwze,2019-08-01,2.849,2.849,0.0,12.0,9.0,0.0,187,0.0,0.577051186438305,0.8983957219251337,0.001423962423406071
dahte6zj1yl,2019-08-01,24.166666666666668,24.166666666666668,0.0,6.0,7.0,1.0,188,0.46650124069478904,0.7501510949012573,0.9468085106382979,1.6636668795547366e-05
db65t6q0eyu,2019-08-01,1.5643333333333334,1.444,0.1203333333333334,17.0,3.0,4.0,165,2.3655913978494625,1.173075990359061,0.9515151515151515,0.001314304924292628
dbfbg6lg7f9,2019-08-01,4.0986666666666665,4.0986666666666665,0.0,11.0,18.0,7.0,212,0.7144920558497834,0.3009550016920773,0.7641509433962265,8.61833003758316e-06
dbotzlqwnp7,2019-08-01,2.170833333333334,2.170833333333334,0.0,3.0,3.0,1.0,204,0.8225806451612903,0.5703487724892834,0.9607843137254902,0.00021088295646411775
dbskuwpvawv,2019-08-01,4.711666666666668,2.784166666666667,1.9275000000000007,26.0,7.0,4.0,200,1.032258064516129,0.7326950970650465,0.895,0.004029926074319113
dbvxs06mf3d,2019-08-01,18.778666666666666,12.072,6.706666666666667,65.0,45.0,9.0,202,0.11365341335333834,1.7546736956652609,0.6782178217821783,3.443328005085242e-05
dcmq7wk8trh,2019-08-01,1.417,32.44566666666664,-31.028666666666638,200.0,91.0,161.0,212,2.646712158808933,0.8552014476044183,0.41509433962264153,0.527660934181397
debhwmtuen6,2019-08-01,5.053999999999997,38.7473333333333,-33.69333333333331,41.0,21.0,44.0,209,3.2244039270687237,0.7707693884041886,0.7320574162679426,0.0030825078104483056
dfgz7b4lft7,2019-08-01,86.33666666666666,130.23666666666665,-43.89999999999999,523.0,643.0,287.0,212,0.5769281826629498,0.47887475148757813,0.02358490566037736,0.023817141561090587
dfr7p1hxxmo,2019-08-01,6.366,6.366,0.0,22.0,25.0,9.0,205,0.5951612903225807,0.43129765594960817,0.697560975609756,9.46576145267689e-05
dg926unz51o,2019-08-01,6.958000000000001,2.9400000000000004,4.018000000000001,213.0,90.0,0.0,121,0.0,0.3193799008747974,0.2727272727272727,0.12060121162514731
dgxzeiwnto3,2019-08-01,3.4198333333333335,3.4198333333333335,0.0,37.0,37.0,20.0,212,0.7598566308243727,0.22961486516063853,0.47641509433962265,3.1671864357216805e-05
djlsl6c8u6p,2019-08-01,2.2525000000000004,42.797499999999964,-40.544999999999966,24.0,13.0,19.0,212,1.665839536807279,0.7403849154837301,0.7735849056603774,2.4694689935893096e-05
djngkisx1kj,2019-08-01,3.829,3.829,0.0,15.0,11.0,6.0,212,1.025806451612903,0.5569419366305342,0.839622641509434,6.952155972776529e-05
dkg3zp3pvkh,2019-08-01,5.200500000000001,5.200500000000001,0.0,10.0,12.0,3.0,211,0.49803304484657746,1.2418083712224732,0.8672985781990521,0.028226234466028687
dl8wt0ibzyp,2019-08-01,2.4335,0.628,1.8054999999999999,86.0,63.0,55.0,211,1.268999453253144,0.25112139481970636,0.4028436018957346,5.099082936488651e-05
dlr2psp1d79,2019-08-01,1.8570000000000002,1.8570000000000002,0.0,3.0,3.0,0.0,208,0.0,0.868102947366135,0.9567307692307693,4.35307210018717e-05
dn2ui8vbksl,2019-08-01,6.008333333333333,3.7766666666666664,2.2316666666666665,36.0,23.0,1.0,118,0.06562847608453837,0.6680887164750543,0.6779661016949152,0.44722275478725765
dnbikcdyzep,2019-08-01,98.4,11.808,86.59200000000001,100.0,6.0,0.0,129,0.0,3.18700875326511,0.9689922480620154,0.5891857942950532
doewyteearz,2019-08-01,1.5030000000000001,1.5030000000000001,0.0,29.0,25.0,17.0,210,1.0101867572156198,0.19348083635521116,0.6285714285714286,0.001139149566390361
dp1qbzen4gk,2019-08-01,16.608333333333334,19.597833333333334,-2.9894999999999996,70.0,79.0,20.0,208,0.5710363761153054,1.9071354276891799,0.8125,0.009981242386006707
dqumrap9rhh,2019-08-01,1.3801666666666668,1.3801666666666668,0.0,32.0,30.0,26.0,205,1.2194005948295585,0.22104633650061395,0.5317073170731708,3.0458949589055543e-07
du0y90wirsh,2019-08-01,1.03375,2.0675,-1.03375,10.0,15.0,5.0,211,0.4726702508960573,0.4010939509805086,0.7582938388625592,0.0005382245535366304
dv60a5dhgy3,2019-08-01,6.764333333333333,4.683,2.0813333333333333,19.0,15.0,6.0,59,0.6717267552182162,0.1524552676544821,0.7627118644067796,0.4254875354372063
dvaay3mp9ln,2019-08-01,1.9983333333333333,1.09,0.9083333333333332,35.0,30.0,24.0,136,1.4228421970357454,0.3619103274230559,0.6617647058823529,0.11122344396678208
dvbsbejhwem,2019-08-01,22.609999999999975,101.74499999999989,-79.13499999999992,151.0,81.0,171.0,153,2.8321065165620265,0.42358452894439014,0.30718954248366015,0.3902108566809442
dweu7xaeco4,2019-08-01,6.0,6.0,0.0,22.0,16.0,9.0,205,1.1445409429280398,0.6255839825980579,0.8292682926829268,8.093752034263964e-05
dwgcs4ua3x9,2019-08-01,12.218499999999999,12.218499999999999,0.0,7.0,10.0,1.0,210,0.24193548387096775,0.764618273381798,0.9,4.104797213880971e-05
dwux6yulgvi,2019-08-01,3.438333333333334,3.438333333333334,0.0,3.0,5.0,2.0,156,1.2580645161290323,0.5275514472037375,0.9487179487179487,5.3414462716105734e-05
dx5132et7w5,2019-08-01,0.2916666666666667,3.791666666666667,-3.5000000000000004,70.0,94.0,68.0,212,1.1567966618520302,0.7415579808023695,0.4811320754716981,0.008761791909071519
dyva3ojthh8,2019-08-01,3.0460000000000003,3.0460000000000003,0.0,6.0,5.0,1.0,210,0.45161290322580644,0.8334341605669883,0.9285714285714286,0.005153463122811791
e0bzu103ktd,2019-08-01,4.142666666666667,15.136666666666654,-10.993999999999987,320.0,258.0,268.0,51,1.3083181774672155,0.1696200303527877,0.09803921568627451,0.35139774443405725
e0ghojg20io,2019-08-01,18.564,18.564,0.0,2.0,6.0,0.0,108,0.0,1.6218247441341718,0.9629629629629629,0.00025977718326197807
e14elgbjnl0,2019-08-01,1.2333333333333334,1.356666666666667,-0.12333333333333352,21.0,30.0,19.0,200,0.9429280397022333,0.8107350998050596,0.665,0.003817092810794964
e16xwvezjqg,2019-08-01,36.70333333333333,443.7766666666663,-407.073333333333,369.0,171.0,248.0,212,2.136020151133501,0.648232243509124,0.2971698113207547,0.05368354743330433
e24m6la3gpp,2019-08-01,8.730499999999992,8.730499999999992,0.0,19.0,19.0,22.0,209,1.7449715370018977,0.4296180149278729,0.7320574162679426,0.0008264896702185186
e26m1aor0b8,2019-08-01,2.2800000000000002,1.9000000000000004,0.3799999999999999,14.0,12.0,2.0,209,0.3288749016522423,0.636879693694251,0.8803827751196173,4.879828903257877e-05
e2xl2j2hd84,2019-08-01,1.5186666666666664,1.5186666666666664,0.0,6.0,18.0,6.0,212,0.6618106139438086,0.7743442258501808,0.7735849056603774,0.003304344473763667
e5x2f4v70yc,2019-08-01,4.4190000000000005,4.4190000000000005,0.0,9.0,9.0,2.0,212,0.39078341013824885,0.7831341052559868,0.8537735849056604,0.0035817836826989784
e7gbp5g8xzo,2019-08-01,5.629833333333333,5.629833333333333,0.0,5.0,3.0,6.0,211,4.083870967741936,0.753855150619312,0.957345971563981,4.6309049140945666e-05
e8mjd9qwqad,2019-08-01,16.007499999999983,28.81349999999997,-12.805999999999987,19.0,15.0,24.0,210,2.4265767934520945,0.4092845124784178,0.7523809523809524,0.001012287862678445
ecb9a54unz8,2019-08-01,0.331,0.331,0.0,3.0,3.0,1.0,212,0.9769585253456221,1.2460577974564728,0.9669811320754716,0.0018086905990376382
edeslq6i0st,2019-08-01,0.773,0.3865,0.3865,16.0,9.0,12.0,209,2.129032258064516,0.9830163478940861,0.8564593301435407,0.08011204253567772
ediupxzb8z8,2019-08-01,2.4125,3.216666666666667,-0.8041666666666667,4.0,5.0,1.0,207,0.4451612903225806,0.3872749491583758,0.927536231884058,1.2003818805008524e-07
edn68r3k7q9,2019-08-01,0.8714999999999999,0.996,-0.12450000000000006,30.0,31.0,23.0,208,1.264939185616076,0.29344709323545887,0.6442307692307693,5.3045886925171454e-05
edy9gwensq1,2019-08-01,3.374,3.374,0.0,53.0,53.0,25.0,212,0.6217008797653958,0.3045750019860119,0.30660377358490565,6.885811107396336e-06
ee6yv9tb1et,2019-08-01,9.975000000000001,2.0125,7.962500000000001,358.0,267.0,244.0,212,1.213560117302053,0.41897198671812386,0.05188679245283019,0.025905601513705658
eentj50e6yj,2019-08-01,2.9640000000000004,2.9640000000000004,0.0,4.0,5.0,0.0,212,0.0,0.8965334224259424,0.9481132075471698,9.0429372802156e-06
eex08llutgy,2019-08-01,2.3158333333333334,1.9850000000000003,0.3308333333333331,59.0,58.0,52.0,212,1.1545873481357354,0.15073672965851925,0.2688679245283019,0.00014964681591265303
ef51m0b6qcr,2019-08-01,4.873,4.873,0.0,5.0,5.0,1.0,210,0.5645161290322581,0.7298792716486606,0.9476190476190476,1.4623255435817388e-06
efgor6nu5ql,2019-08-01,8.58,8.58,0.0,7.0,5.0,1.0,200,0.43010752688172044,0.6857316236937315,0.925,1.570926300106531e-05
ei1nn7rdq8w,2019-08-01,2.283333333333333,1.3243333333333334,0.9589999999999999,91.0,70.0,41.0,212,0.8011059907834102,0.3468591392787853,0.30660377358490565,0.03378570859167499
eig79ki6vde,2019-08-01,3.6135,3.6135,0.0,29.0,35.0,21.0,212,0.8068140630663283,0.3022669884973226,0.49056603773584906,0.00732846028709003
eip7plx49oz,2019-08-01,8.0225,4.8135,3.2090000000000005,13.0,11.0,8.0,211,1.0471464019851118,0.584160300666434,0.8293838862559242,9.6976694160588e-05
eji8ly7ef7e,2019-08-01,2.4026666666666667,2.4026666666666667,0.0,12.0,14.0,5.0,208,0.6329884357881923,0.5134829231272661,0.8509615384615384,2.105967897860102e-06
ejo2ff3sfhj,2019-08-01,0.0,0.0,0.0,25.0,82.0,96.0,212,1.6012588512981905,0.22731323665144756,0.28773584905660377,8.27494762321215e-05
ekr8yercjbx,2019-08-01,1.0746666666666667,0.20666666666666667,0.868,135.0,114.0,109.0,212,1.3009063784270676,0.2225890527097359,0.1179245283018868,1.4177610784545062e-05
el4fwdbom4z,2019-08-01,15.633333333333335,15.166666666666668,0.4666666666666668,81.0,79.0,14.0,212,0.22904769254514587,0.42662580525397054,0.3160377358490566,0.009963106967874735
eljswfux16i,2019-08-01,2.431,1.8590000000000002,0.5719999999999998,47.0,39.0,13.0,39,0.5639599555061179,0.08745470562809429,0.5897435897435898,0.02329639075434915
eltvac34vdv,2019-08-01,9.659,9.659,0.0,0.0,3.0,0.0,189,0.0,1.8283649991937625,0.9841269841269841,2.3964245638411876e-05
emwqqg2xqhg,2019-08-01,2.8793333333333333,2.8793333333333333,0.0,39.0,39.0,25.0,210,0.8820564516129032,0.32697055345536963,0.46190476190476193,0.006451702064109865
eosy64j501u,2019-08-01,3.814,5.403166666666667,-1.5891666666666673,12.0,17.0,0.0,212,0.0,0.8343945807435444,0.7405660377358491,0.053049445865909615
epma12igj5p,2019-08-01,3.6420000000000003,3.6420000000000003,0.0,6.0,3.0,1.0,188,0.6738351254480287,0.7579231692536433,0.9521276595744681,0.00028632414732211893
eq5v6pbcwpv,2019-08-01,3.69,4.182,-0.49200000000000044,120.0,124.0,90.0,212,0.8894275592019393,0.16454810594372504,0.05660377358490566,0.007648100856173611
eqh54fhhbzt,2019-08-01,3.696,4.5760000000000005,-0.8800000000000003,84.0,104.0,0.0,212,0.0,0.8124561289803346,0.45754716981132076,0.03599835889281833
er3o43u9r81,2019-08-01,2.5876666666666663,2.5876666666666663,0.0,6.0,3.0,1.0,85,0.6854838709677419,0.45920677146200306,0.9529411764705882,0.004549546207453724
er89wd8erb6,2019-08-01,3.8033333333333337,0.0,3.8033333333333337,98.0,63.0,63.0,184,1.4272346712632356,0.3463549701899137,0.41847826086956524,9.479240852008504e-05
ernjpq2a1ps,2019-08-01,4.4165,2.4090000000000003,2.0075,14.0,9.0,3.0,206,0.463615903975994,0.8026213278537756,0.8737864077669902,0.0004722627165136407
es0sab3fv9i,2019-08-01,0.073,23.57899999999998,-23.50599999999998,139.0,103.0,137.0,212,1.8370651486401013,0.2528606451362463,0.2028301886792453,0.06544495539604349
es57u7s4vuy,2019-08-01,6.598333333333334,6.0633333333333335,0.5350000000000001,86.0,83.0,49.0,189,0.7945264241592314,0.35992028932948283,0.3492063492063492,0.0028832458326272007
eskpt0i7xcu,2019-08-01,6.123,2.7213333333333334,3.401666666666667,68.0,58.0,50.0,79,1.4816204051012751,0.2753305462129723,0.46835443037974683,0.011082601728768036
esypowoizv5,2019-08-01,1.4281666666666666,1.5579999999999998,-0.12983333333333325,12.0,13.0,1.0,183,0.17362428842504743,0.6214700229264359,0.912568306010929,0.00101425457479814
eu1656xusft,2019-08-01,16.617000000000004,16.617000000000004,0.0,17.0,17.0,6.0,199,0.7552182163187856,1.4994580993612918,0.8693467336683417,0.017536096665683357
ev8e9l7i89t,2019-08-01,143.162,143.162,0.0,3.0,3.0,0.0,210,0.0,0.6867480718801149,0.9619047619047619,5.633665771536367e-06
evfirb33vvr,2019-08-01,2.1,38.90249999999996,-36.80249999999996,180.0,101.0,140.0,212,1.7188857357966065,0.3929511600849346,0.20754716981132076,0.021214260089950865
ew0lykrdajg,2019-08-01,84.23583333333333,87.96583333333334,-3.730000000000004,295.0,307.0,24.0,212,0.11731882220018908,0.8210291466601608,0.47641509433962265,0.05048396468299912
ewf1pi10zc4,2019-08-01,0.8400000000000001,1.08,-0.24,83.0,85.0,76.0,212,1.2676632572777342,0.2748762627976263,0.2830188679245283,0.005442328593040285
ews5jfqo5gi,2019-08-01,8.043333333333333,8.043333333333333,0.0,0.0,3.0,1.0,189,2.032258064516129,1.852601674399794,0.9841269841269841,1.0006644567649184e-08
exhcuuebpou,2019-08-01,4.851,5.030666666666667,-0.17966666666666686,59.0,60.0,32.0,212,0.7815668202764977,0.4522028689342699,0.42924528301886794,0.000264423882478163
eyk1i9sof30,2019-08-01,5.936,5.936,0.0,5.0,3.0,0.0,203,0.0,0.9775858397471159,0.9507389162561576,0.0003368000062358368
eynbrnbb1kj,2019-08-01,1.6300000000000001,1.6300000000000001,0.0,7.0,7.0,3.0,203,0.7016129032258065,0.451537524330767,0.8669950738916257,1.8623720020602498e-05
ezl2n9zh4oi,2019-08-01,2.235,2.235,0.0,14.0,13.0,11.0,208,1.3667861409796893,0.38912613702596965,0.7740384615384616,1.9904618244269066e-06
ezr1brecfcx,2019-08-01,14.541,14.541,0.0,11.0,10.0,4.0,146,1.3456221198156681,0.7063460817745095,0.9383561643835616,5.7746176363439205e-05
f0yi7qw2eou,2019-08-01,0.8714999999999999,3.4859999999999998,-2.6144999999999996,24.0,45.0,17.0,211,0.533224319904861,0.4155891299277293,0.41232227488151657,0.022885571747232644
f25fk1lcxos,2019-08-01,3.8905000000000007,3.8905000000000007,0.0,14.0,11.0,3.0,210,0.3984819734345351,0.580306708022345,0.8238095238095238,0.00022428310292325684
f2y6a7v8fh6,2019-08-01,3.818666666666667,2.028666666666667,1.79,58.0,43.0,26.0,123,0.8596774193548388,0.28565796496299123,0.42276422764227645,0.053791285196650246
f34ri41qlrx,2019-08-01,12.017499999999998,12.017499999999998,0.0,19.0,34.0,17.0,212,0.7266129032258063,0.44270576959846253,0.5094339622641509,0.0036198126363424445
f3gjj12z9ed,2019-08-01,13.786666666666669,13.786666666666669,0.0,16.0,14.0,1.0,206,0.15102639296187684,0.5709052742767717,0.8689320388349514,8.675838593573969e-05
f48e3xarx3h,2019-08-01,0.645,2.723333333333331,-2.078333333333331,49.0,38.0,40.0,212,2.3182066703116457,0.776976352059983,0.7358490566037735,4.2634232753017074e-05
f4f4dv3am27,2019-08-01,5.461666666666667,3.766666666666667,1.6949999999999998,29.0,20.0,0.0,150,0.0,0.6993091917938874,0.7666666666666667,0.022487260602698872
f6bmnl185od,2019-08-01,7.360000000000001,7.360000000000001,0.0,4.0,13.0,40.0,202,6.205837173579109,1.2707096565143874,0.905940594059406,0.022211532024573988
f6kz6p0dtoj,2019-08-01,0.25916666666666666,0.25916666666666666,0.0,21.0,21.0,18.0,75,1.4047866805411031,0.13532309049701155,0.68,0.0067045214884082025
f7kv8blu6a6,2019-08-01,1.7875000000000003,1.7875000000000003,0.0,8.0,7.0,3.0,192,0.8847926267281105,0.428684803972598,0.90625,2.8487517905834304e-05
f7ot60ya0ya,2019-08-01,6.435000000000001,6.435000000000001,0.0,15.0,19.0,12.0,150,0.9677419354838709,0.46401492672316913,0.7133333333333334,0.07456373128441744
f7vkp9xukew,2019-08-01,4.753833333333333,4.753833333333333,0.0,14.0,14.0,3.0,212,0.40227703984819735,0.8690643816478937,0.8537735849056604,0.00030910887207270945
f8z3lw8ix5x,2019-08-01,0.7839999999999999,0.294,0.48999999999999994,36.0,23.0,20.0,210,1.2316715542521992,0.40566236870042177,0.6619047619047619,0.0024826269451727716
faxed0yivgi,2019-08-01,1.4530000000000003,1.4530000000000003,0.0,4.0,3.0,4.0,207,3.338709677419355,0.6658219606048206,0.966183574879227,1.2720978248347936e-05
fbk5ydky9zz,2019-08-01,0.9881666666666666,0.8983333333333333,0.08983333333333332,41.0,39.0,19.0,211,0.7790516906335018,0.49058740621225116,0.5545023696682464,0.0017566626835201268
fbnprwwhmum,2019-08-01,2.6510000000000002,2.6510000000000002,0.0,8.0,7.0,1.0,176,0.2703533026113671,0.4699921156132116,0.9034090909090909,5.944411006053749e-05
fbt4hxqtlhx,2019-08-01,3.3926666666666665,3.3926666666666665,0.0,5.0,5.0,4.0,81,1.7419354838709677,0.44688592643984665,0.9259259259259259,0.041909466450736704
fd3qogoph70,2019-08-01,2.4370000000000003,1.2185000000000001,1.2185000000000001,6.0,3.0,0.0,160,0.0,1.0549422855334087,0.975,0.0016215611625630102
fdmlsrf542m,2019-08-01,3.765000000000001,3.765000000000001,0.0,11.0,3.0,0.0,150,0.0,1.8053254554234812,0.96,1.2810502004743865e-07
fe8rb81x8u2,2019-08-01,4.048,2.783,1.2650000000000001,32.0,27.0,16.0,212,1.0038472920982537,0.6348953236891683,0.6792452830188679,0.00020563802573121863
feunmp701vh,2019-08-01,1.1596666666666666,1.8459999999999999,-0.6863333333333332,49.0,78.0,0.0,102,0.0,0.4662766512938241,0.4117647058823529,0.1451926484176026
fgbm8ba7w13,2019-08-01,4.361,4.361,0.0,3.0,0.0,0.0,101,0.0,8.426149773176357,0.9900990099009901,
fgrrk4mma0s,2019-08-01,3.6180000000000003,3.3165000000000004,0.3014999999999999,14.0,7.0,2.0,51,0.4700460829493087,0.6102464716355737,0.8627450980392157,0.0036417964315464267
fgzfhbwgept,2019-08-01,2.178,2.178,0.0,13.0,11.0,11.0,202,1.6669167291822957,0.3886542974752878,0.8118811881188119,5.148534416619544e-05
fh2g1i58l3i,2019-08-01,20.511,67.61033333333333,-47.099333333333334,62.0,186.0,8.0,208,0.10362436168887781,2.024298108067496,0.8076923076923077,0.00013170490846131744
fhetzba3i42,2019-08-01,3.4113333333333333,3.4113333333333333,0.0,27.0,21.0,10.0,212,0.7123655913978494,0.34079493232320773,0.6650943396226415,0.00020534991370331333
fhfbti924ur,2019-08-01,3.0869999999999997,1.2739999999999998,1.813,105.0,68.0,42.0,212,0.8864994026284347,0.4430156513246841,0.4481132075471698,0.003755044788847606
fj1lz9pgiz7,2019-08-01,35729.82933333329,35054.54399999996,675.2853333333333,162.0,218.0,3125.0,211,8.05382858399189,1.8603431358815898,0.35545023696682465,3.4934064441695335e-05
fj1yzz6w7jj,2019-08-01,1.8450000000000002,2.205,-0.3599999999999999,82.0,98.0,0.0,181,0.0,0.17997671898953452,0.1878453038674033,0.0007323849704373972
fjaicvo3m6o,2019-08-01,12.703333333333335,12.703333333333335,0.0,172.0,151.0,136.0,212,1.1287190729721264,0.2397576722919063,0.0330188679245283,0.0015678029941520602
fjb4si9ti44,2019-08-01,1.7741666666666667,1.7741666666666667,0.0,9.0,9.0,4.0,210,0.967741935483871,0.5305583058679412,0.8857142857142857,2.0084554743928327e-06
fjkhabjo05v,2019-08-01,2.8080000000000007,4.103999999999997,-1.2959999999999967,45.0,31.0,32.0,101,1.4480286738351256,0.21543031771052973,0.6039603960396039,7.783166132513886e-05
fk801h4p9p3,2019-08-01,0.47200000000000003,5.428,-4.9559999999999995,47.0,68.0,45.0,212,1.0722715522086097,0.7069004109965313,0.4339622641509434,0.0005257227237071233
flvqjqw0edr,2019-08-01,27.641833333333306,31.590666666666635,-3.9488333333333294,32.0,31.0,39.0,211,1.86937755565652,0.4390864643448296,0.6018957345971564,0.0008692229214821808
fn3u7g7qfuh,2019-08-01,7.847000000000002,7.847000000000002,0.0,4.0,9.0,9.0,211,2.2688172043010755,0.8537497234455639,0.8957345971563981,0.008552575618757616
fnwn5irge69,2019-08-01,3.2550000000000003,3.2550000000000003,0.0,23.0,31.0,35.0,210,1.8379594898724683,0.3760509815068646,0.6333333333333333,0.0014201673830378165
foc39m1jxmx,2019-08-01,8.845333333333334,8.845333333333334,0.0,32.0,21.0,7.0,198,0.20698924731182797,1.4703854448067863,0.7171717171717171,3.6119186553384724e-05
foxvfl43n3s,2019-08-01,1.6249166666666666,0.8783333333333333,0.7465833333333333,55.0,38.0,18.0,106,0.69155491119971,0.23069320841284652,0.5377358490566038,0.01649496162378173
fp5wjukx89b,2019-08-01,1.2886666666666666,1.9329999999999998,-0.6443333333333332,9.0,11.0,5.0,190,0.7661290322580645,0.3476186449547892,0.8263157894736842,2.2739896435244815e-05
fq8vcp3mcav,2019-08-01,1.1580000000000001,1.1580000000000001,0.0,33.0,32.0,37.0,209,1.7323028673835126,0.17659068687346888,0.5885167464114832,5.9693495274454186e-06
fs60korfoff,2019-08-01,9.5135,10.411,-0.8974999999999991,96.0,101.0,43.0,209,0.6002137180257798,0.19410038006237004,0.3444976076555024,7.373945525945589e-05
fs98wmkrryl,2019-08-01,5.564,6.027666666666667,-0.46366666666666667,34.0,36.0,10.0,212,0.38205081996756174,0.3211523800995758,0.5047169811320755,0.00039416689800947764
fswudsvv6az,2019-08-01,6.5685,5.889,0.6795,60.0,57.0,31.0,212,0.848,0.4640770468448757,0.5235849056603774,0.0008589920204998861
fu2aygmjoov,2019-08-01,1.5226666666666668,1.1420000000000001,0.3806666666666667,6.0,5.0,2.0,199,1.1671554252199412,0.8563488385776755,0.9447236180904522,0.0002562305032867541
fv476yt8ii4,2019-08-01,14.895833333333334,14.895833333333334,0.0,80.0,48.0,64.0,211,1.8536719286204528,0.3257500868615901,0.46445497630331756,0.013163146469881674
fvtn3i13i22,2019-08-01,1.1533333333333333,32.32216666666664,-31.168833333333307,210.0,97.0,170.0,212,2.427099467977641,0.562622318165234,0.3490566037735849,0.2921928184073318
fvwl359l2fs,2019-08-01,8.351666666666667,8.351666666666667,0.0,32.0,32.0,22.0,210,0.9256661991584852,0.7807248396189733,0.6238095238095238,0.0004017940675696734
fwkimuo1z82,2019-08-01,41.174,15.541166666666667,25.63283333333333,373.0,246.0,169.0,212,0.9836101578586135,0.5839279310205269,0.1179245283018868,0.012694366379160292
fx67ve8sigk,2019-08-01,8.561,8.561,0.0,3.0,3.0,1.0,162,0.8709677419354839,0.6184168227776823,0.9629629629629629,1.3590824225153864e-05
fxfanegtj9h,2019-08-01,5.162666666666667,0.9386666666666668,4.224,71.0,31.0,27.0,193,1.5421722403077833,0.9212826946354654,0.7202072538860104,0.04770273853155375
g1jboun5xqi,2019-08-01,1.5619999999999998,1.7513333333333332,-0.18933333333333335,33.0,37.0,0.0,107,0.0,0.2442065534229814,0.5981308411214953,0.0004601105787624705
g1qmlqg1voc,2019-08-01,29.520500000000002,29.520500000000002,0.0,51.0,49.0,31.0,211,0.7033333333333334,1.0135419226586841,0.6161137440758294,0.0001562898762664668
g21vsixu8rd,2019-08-01,1.202,0.8013333333333333,0.4006666666666666,9.0,7.0,3.0,125,0.7115749525616698,0.3071239034777116,0.872,0.005610651244705879
g2smft3eewu,2019-08-01,3.00825,3.00825,0.0,6.0,5.0,1.0,211,0.4861751152073732,0.7214235744512132,0.9383886255924171,5.160555633734768e-05
g33nxt14m4r,2019-08-01,5.607916666666666,6.729499999999999,-1.1215833333333327,8.0,9.0,3.0,210,0.534804753820034,0.9957233456492063,0.8714285714285714,0.00047348394127649535
g3lck0z0lmj,2019-08-01,0.5104166666666667,0.5104166666666667,0.0,9.0,7.0,7.0,198,2.6299810246679316,0.5762225660878003,0.9292929292929293,3.439670431037851e-05
g4n3w5066zf,2019-08-01,6.459999999999995,38.75999999999997,-32.299999999999976,57.0,47.0,59.0,212,1.7316904333379481,0.4488062680565104,0.4056603773584906,0.006403084158020233
g4rrhel2hm2,2019-08-01,5.151999999999999,5.335999999999999,-0.18400000000000016,63.0,64.0,35.0,212,0.7102517469129894,0.22758715137980776,0.25943396226415094,0.00015203701003648217
g4ulv7cuvf8,2019-08-01,0.36933333333333335,0.36933333333333335,0.0,14.0,11.0,13.0,202,1.8824372759856631,0.3677170074539295,0.8217821782178217,0.000150876544432777
g4yaj8xzlr9,2019-08-01,7.970666666666667,7.970666666666667,0.0,6.0,6.0,2.0,197,1.1554252199413488,0.8165974763968696,0.9593908629441624,4.4824826334153925e-08
g5lg9a4uhjt,2019-08-01,1.7680000000000002,0.0,1.7680000000000002,12.0,9.0,9.0,212,1.75852534562212,0.9077820797304563,0.8915094339622641,0.0004552517816768948
g7drdytl3pp,2019-08-01,3.934,3.934,0.0,9.0,7.0,7.0,172,1.4937965260545907,0.4417697535739633,0.8546511627906976,0.000518523432265814
gc6jczdkqkm,2019-08-01,1.4536666666666669,1.4536666666666669,0.0,14.0,11.0,9.0,211,1.276209677419355,0.38723953375355286,0.8104265402843602,0.008838259337434108
gcs7rck28z1,2019-08-01,2.2165000000000004,2.2165000000000004,0.0,12.0,11.0,2.0,211,0.29593267882187935,0.5855372089194265,0.8341232227488151,0.00016380598522433535
gdcxxdc528u,2019-08-01,5.258666666666667,2.6293333333333333,2.6293333333333333,83.0,51.0,19.0,103,0.5395643782740557,0.8772777850408969,0.5145631067961165,0.551852035007302
gdhrs1wugqw,2019-08-01,10.4,158.07999999999987,-147.67999999999986,361.0,244.0,296.0,212,1.476482906284558,0.15687793004796904,0.009433962264150943,0.0012285280396292471
gevsxri4qb1,2019-08-01,9.840000000000002,9.840000000000002,0.0,21.0,32.0,38.0,212,1.604141776184787,0.5510967490668343,0.5566037735849056,0.008658707205847374
gg8tanhwwa9,2019-08-01,6.859,11.431666666666656,-4.572666666666656,198.0,136.0,141.0,141,1.6033064516129034,0.31797372500722204,0.2978723404255319,0.029605481487044265
gg9m3sc9f0a,2019-08-01,6.206666666666667,3.1033333333333335,3.1033333333333335,28.0,14.0,0.0,135,0.0,0.7627771649232837,0.8518518518518519,0.10300183754866438
ghg76sm1dei,2019-08-01,14.591999999999986,13.375999999999987,1.2159999999999993,48.0,49.0,60.0,212,1.7918016622059445,0.17595561995783485,0.42452830188679247,0.0013804871630022978
ghil83u4xm1,2019-08-01,2.3520000000000003,2.3520000000000003,0.0,10.0,11.0,8.0,211,1.2663165791447861,0.6458845684966719,0.8246445497630331,0.0006038840299124872
ghmvzwy5j9t,2019-08-01,2.6520000000000006,2.6520000000000006,0.0,12.0,5.0,1.0,88,0.567741935483871,0.8809898133090802,0.9431818181818182,0.04628293104404129
gic79hjb0e5,2019-08-01,1.3860000000000003,1.3860000000000003,0.0,29.0,23.0,31.0,208,2.1443298969072164,0.3165991680334199,0.6586538461538461,0.020789108522254796
giqu6hyd9cj,2019-08-01,3.3015000000000003,1.116,2.1855,71.0,24.0,0.0,155,0.0,1.7428001956207029,0.7870967741935484,0.6948836634729614
gj3vex6dgrk,2019-08-01,26.796000000000006,22.968000000000004,3.828000000000003,33.0,31.0,19.0,201,0.9549887471867967,0.26012242015902387,0.5920398009950248,0.00010954270471018074
gjg3aembwj2,2019-08-01,1.4583333333333335,2.1875,-0.7291666666666665,16.0,21.0,6.0,193,0.633132859486058,1.3447219360867064,0.8290155440414507,0.038611161204341625
glgqgwg9xg9,2019-08-01,14.416000000000004,10.812000000000003,3.604000000000001,17.0,14.0,5.0,211,0.6672991777356103,0.47473864142267264,0.8246445497630331,0.00017081928318921186
gn2djc1sc3a,2019-08-01,1.8258333333333334,1.8258333333333334,0.0,0.0,5.0,0.0,180,0.0,1.440575528081232,0.9388888888888889,0.013593064772321459
gnbubftk4y1,2019-08-01,2.404166666666667,0.0,2.404166666666667,39.0,14.0,14.0,200,2.007168458781362,0.807052165376512,0.835,0.12293956191478522
gohb60ofm5g,2019-08-01,2.2528333333333337,2.2528333333333337,0.0,6.0,5.0,5.0,208,1.6774193548387095,0.3774821690032765,0.9038461538461539,1.760955477429207e-06
gohyrasmyra,2019-08-01,8.5855,6.355499999999994,2.2300000000000058,150.0,70.0,73.0,210,0.33870967741935487,1.998756366352632,0.5857142857142857,3.398587306287542e-05
gow4amej3d2,2019-08-01,3.0,3.0,0.0,46.0,49.0,20.0,211,0.7240905971173645,0.5853887501140241,0.6777251184834123,1.2318948900195897e-06
gp0wsye9zrb,2019-08-01,19.738500000000002,13.159000000000002,6.5794999999999995,9.0,6.0,0.0,181,0.0,1.0407731228578743,0.9723756906077348,1.9232531533410712e-05
gp4zwuq5ky2,2019-08-01,5.588333333333333,5.588333333333333,0.0,3.0,3.0,2.0,207,1.4838709677419355,1.339893805953429,0.9565217391304348,0.0008161023239616192
grtc6s1yi0b,2019-08-01,26.220000000000006,26.220000000000006,0.0,12.0,11.0,0.0,207,0.0,0.5010234254832271,0.8454106280193237,8.647663848104976e-05
grui4eqe2t3,2019-08-01,4.456833333333333,4.456833333333333,0.0,20.0,16.0,12.0,211,1.2964669738863288,0.7106339864891794,0.8056872037914692,0.0030875699283036363
gryk6rexav6,2019-08-01,1.9845000000000004,1.9845000000000004,0.0,22.0,19.0,7.0,211,0.5605313092979127,0.4226374137602389,0.6919431279620853,0.0012026334874691237
gryqpzwadsi,2019-08-01,5.123333333333333,5.123333333333333,0.0,29.0,35.0,7.0,212,0.2973352033660589,0.6831780509663788,0.5660377358490566,0.007186796457680645
gsjb7pk4v3n,2019-08-01,1.9104166666666669,1.6375000000000002,0.2729166666666667,35.0,30.0,0.0,108,0.0,0.2555880600908237,0.5,0.01398296669630613
gtllzy2rig5,2019-08-01,0.4286666666666667,4.072333333333334,-3.6436666666666673,9.0,48.0,10.0,212,0.09998113563478589,1.940212154967577,0.7264150943396226,2.2307066875722396e-05
guzhicxxbs0,2019-08-01,30.741666666666667,0.9916666666666667,29.75,146.0,86.0,84.0,195,1.7790811339198436,0.6589438470759098,0.5230769230769231,0.012406614496031709
gvagic05m59,2019-08-01,2.352,2.9399999999999995,-0.5879999999999996,31.0,37.0,7.0,212,0.2630272952853598,0.3055396911003167,0.49056603773584906,0.0030270664109223336
gvhabn93gs1,2019-08-01,8.856,8.856,0.0,3.0,3.0,1.0,211,0.9723502304147464,0.7984778797497974,0.966824644549763,3.1770788178344194e-05
gwktsdlmjkv,2019-08-01,2.2950000000000004,2.2950000000000004,0.0,3.0,5.0,2.0,177,1.1419354838709677,1.2508661411708457,0.9491525423728814,0.030722054151407732
gx1ft7tbkbe,2019-08-01,33.800000000000004,43.333333333333336,-9.533333333333331,245.0,267.0,167.0,212,0.3224349283255314,1.6886018882309624,0.07547169811320754,3.16851232807359e-05
gx2e90uo0qu,2019-08-01,1.8260000000000005,1.8260000000000005,0.0,32.0,23.0,20.0,207,1.4057724957555178,0.523809175056627,0.6859903381642513,0.0013470142539770914
gxjmx56k558,2019-08-01,2.1213333333333337,2.1213333333333337,0.0,106.0,78.0,74.0,210,1.3191850594227505,0.3737618173517316,0.35714285714285715,0.007276151681687698
gxmcc0a3xft,2019-08-01,1.4466666666666668,5.497333333333328,-4.050666666666661,33.0,27.0,28.0,196,1.6241491565551938,0.2589441788981111,0.6122448979591837,9.971228042507693e-05
gxo1q5488mp,2019-08-01,18.33,14.1,4.229999999999999,21.0,18.0,8.0,210,0.6529343179168287,0.31536581996230184,0.7619047619047619,3.095939565450618e-07
gy4wtt0r6xs,2019-08-01,1.0710000000000002,0.7140000000000001,0.3570000000000001,16.0,13.0,10.0,126,1.2316715542521992,0.23317101477163454,0.7777777777777778,0.0005445467186746499
gzooa64lf00,2019-08-01,3.504,3.066,0.43800000000000017,10.0,9.0,2.0,211,0.3403225806451613,0.54154521172082,0.8578199052132701,2.3714353967230103e-05
h05aziwtnku,2019-08-01,1.04,1.1483333333333334,-0.10833333333333339,59.0,111.0,58.0,212,1.0410634154601641,1.1875662093740018,0.4716981132075472,0.0038034155697732963
h1ow5u254rj,2019-08-01,3.088,3.088,0.0,15.0,46.0,16.0,211,0.5672043010752689,0.7982675360688615,0.6161137440758294,0.0472380135181751
h1pxa8vhekc,2019-08-01,3.49,2.908333333333333,0.581666666666667,13.0,5.0,1.0,205,0.4723502304147465,1.059874392976501,0.9414634146341463,0.0026472340119491505
h1zed5c90g4,2019-08-01,3.885333333333333,3.885333333333333,0.0,3.0,5.0,5.0,212,2.0113851992409866,1.2150795820121139,0.9386792452830188,0.0005695995759077459
h2yrka3vc5y,2019-08-01,1.0798333333333323,0.2841666666666667,0.7956666666666656,59.0,65.0,60.0,212,1.2984891792568396,0.3517295286416049,0.33962264150943394,0.027812585899401335
h3dw1xamicr,2019-08-01,0.09466666666666666,0.426,-0.3313333333333333,45.0,52.0,43.0,210,1.1841070023603462,0.27255901980063046,0.37142857142857144,6.728232985974606e-05
h3nznzmzy6g,2019-08-01,16.437333333333335,16.437333333333335,0.0,7.0,5.0,6.0,205,2.2043010752688175,0.7854768237611304,0.926829268292683,0.0019364745017765041
h5pnjbka6z9,2019-08-01,24.408666666666644,0.32116666666666666,24.087499999999977,6.0,11.0,10.0,206,1.954459203036053,0.6077943865111681,0.8495145631067961,0.0033999391572968394
h5xvo7trsaq,2019-08-01,10.064666666666668,10.064666666666668,0.0,62.0,62.0,0.0,131,0.0,0.15786699775992505,0.2595419847328244,0.017416262941630716
h63yqa8rqqm,2019-08-01,5.485500000000001,3.250666666666667,2.234833333333334,28.0,17.0,1.0,201,0.09824046920821114,0.5760441381447553,0.746268656716418,0.007127770837884004
h7l4o4pl2hy,2019-08-01,5.04,2.32,2.72,252.0,126.0,189.0,202,2.101618408014973,0.3511122123915937,0.2623762376237624,0.03837865220218345
h7mn7vtnswh,2019-08-01,50.21333333333333,32.28,17.93333333333333,28.0,18.0,0.0,199,0.0,0.6873532671275392,0.7989949748743719,0.10863143007451959
h882kvg9311,2019-08-01,4.5,3.5,1.0,33.0,27.0,6.0,207,0.32051612903225807,0.41627026730003325,0.6086956521739131,0.017503776287502805
h9a87gyyl79,2019-08-01,3.3055000000000003,3.3055000000000003,0.0,9.0,9.0,8.0,209,1.5410138248847924,0.3203146216079074,0.8373205741626795,7.463684818492942e-06
h9xoibpng2j,2019-08-01,8.502666666666668,9.413666666666668,-0.9109999999999996,54.0,57.0,26.0,99,0.8303225806451613,0.3463064094910072,0.5959595959595959,0.06922818458242466
ha38r8qi133,2019-08-01,1.1075,1.1075,0.0,43.0,32.0,36.0,212,1.6862571807335398,0.2918882024926802,0.5801886792452831,5.264678035585663e-06
hamnjrcqtg1,2019-08-01,5.2666666666666675,5.2666666666666675,0.0,12.0,13.0,11.0,210,1.4059646987218504,0.3929424380450403,0.7666666666666667,2.08905458718431e-05
hboisbzauu2,2019-08-01,0.35800000000000004,0.2685,0.08950000000000002,44.0,43.0,40.0,212,1.2490793931359552,0.2625818158158086,0.41509433962264153,0.0001965110957060607
hc5ou3kw2ac,2019-08-01,1.818,1.515,0.30300000000000016,10.0,9.0,4.0,193,0.8301075268817204,0.5481143838250916,0.8601036269430051,3.347142315279757e-05
hchktpcwccf,2019-08-01,26.688666666666645,40.032999999999966,-13.34433333333332,9.0,7.0,13.0,210,2.752016129032258,0.5274634713408173,0.8571428571428571,3.631937521553843e-05
hclcmwpw27a,2019-08-01,2.4290000000000003,2.4290000000000003,0.0,27.0,23.0,18.0,212,1.1836228287841193,0.28440941534755615,0.6839622641509434,6.5550006171402305e-06
hdoknxs337q,2019-08-01,8.114,8.114,0.0,7.0,6.0,1.0,212,0.5260545905707196,1.1754524395476145,0.9575471698113207,5.447041045826588e-05
hdreiw5qrzv,2019-08-01,1.131,1.131,0.0,8.0,7.0,3.0,210,0.781637717121588,0.6803671797324187,0.8952380952380953,0.00010635608383105987
hej3moflzzb,2019-08-01,4.075500000000001,4.075500000000001,0.0,4.0,5.0,1.0,209,0.5186104218362283,0.6384973832402943,0.9425837320574163,1.672725421184338e-06
het5s0nafqv,2019-08-01,3.6275000000000004,3.6275000000000004,0.0,6.0,6.0,2.0,205,1.0173697270471465,0.8904988888048112,0.9512195121951219,7.078742281897387e-05
hf1stvjpyyh,2019-08-01,70.112,70.112,0.0,154.0,220.0,93.0,212,0.9366715758468336,0.5777170063664828,0.4716981132075472,0.00011737888094625156
hggtg7og19c,2019-08-01,31.865166666666667,31.865166666666667,0.0,14.0,12.0,7.0,85,1.1995967741935483,0.5547760418396656,0.8588235294117647,0.028578342306735657
hgl3njgb4qt,2019-08-01,27.961666666666645,360.7054999999997,-332.74383333333304,258.0,139.0,268.0,210,2.5751544269045983,0.3843035060150852,0.2,0.012062332381670156
hgopbkse22f,2019-08-01,1.2850000000000001,1.2850000000000001,0.0,23.0,21.0,12.0,203,0.8731182795698924,0.3031590043928176,0.6650246305418719,0.0005712361822111864
hgx0t1z0rfb,2019-08-01,155.476,155.476,0.0,11.0,11.0,19.0,188,3.0322580645161294,0.49271073350328526,0.8351063829787234,0.0002539704728227734
hhgt5qd8bc4,2019-08-01,5.61,4.62,0.9900000000000002,17.0,3.0,0.0,130,0.0,1.1111091145483936,0.9692307692307692,0.0012962110880389102
hhodjphwph1,2019-08-01,2.679,2.679,0.0,58.0,33.0,45.0,211,2.1123470522803114,0.4430102278184608,0.5876777251184834,0.0043456500229353615
hibpg49sz73,2019-08-01,1.7149999999999999,1.7149999999999999,0.0,25.0,14.0,5.0,212,0.6575682382133995,1.3824822239014125,0.8537735849056604,0.030685476400234297
hixpbq36zta,2019-08-01,4.278333333333334,6.795000000000001,-2.5166666666666666,239.0,289.0,154.0,212,0.817671809256662,0.8090871526385767,0.13679245283018868,0.006051810313057615
hj7cwxt3bbw,2019-08-01,1.5083333333333335,1.5083333333333335,0.0,17.0,11.0,8.0,203,1.0074441687344913,0.3262004635224587,0.8177339901477833,3.835263228476709e-06
hknsn6zeprw,2019-08-01,53.650666666666666,463.3466666666663,-409.69599999999963,207.0,79.0,119.0,211,2.354557389347337,0.8667918394418653,0.5687203791469194,0.5976912620021786
hlor54dpgbk,2019-08-01,4.147,2.871,1.2760000000000002,13.0,9.0,0.0,137,0.0,0.6605120169253769,0.8978102189781022,0.0062760168277366845
hm2dt7uv7t7,2019-08-01,3.3546666666666667,2.368,0.9866666666666668,33.0,28.0,16.0,68,0.7976539589442815,0.12866316205446188,0.5294117647058824,0.0054275064432610836
hm4dtnr1qst,2019-08-01,17.63,17.63,0.0,7.0,7.0,6.0,212,1.7096774193548385,0.5263294116323283,0.9009433962264151,5.875795352145253e-06
hm6nvmvq1pd,2019-08-01,162.5513333333332,390.5196666666663,-227.9683333333331,241.0,126.0,323.0,156,3.5106249564550964,0.3210105654611773,0.20512820512820512,0.7328275274190121
ho158j4bttv,2019-08-01,5.373833333333333,0.2828333333333333,5.090999999999999,44.0,26.0,25.0,212,1.5978293638830265,0.3899045935363962,0.7028301886792453,2.9842718474754876e-05
ho412tg4dcu,2019-08-01,1.2133333333333334,1.2133333333333334,0.0,10.0,9.0,7.0,212,1.4079696394686907,0.3235482633474621,0.8632075471698113,2.8847508023038014e-06
hq6x0msvel2,2019-08-01,10.924,10.924,0.0,17.0,20.0,8.0,192,0.6519524617996605,0.5670031819108499,0.7552083333333334,0.00167015667591928
hqdj2gldorq,2019-08-01,6.785,18.17,-11.385000000000002,208.0,309.0,151.0,207,0.6151862858942314,0.5670747293820154,0.033816425120772944,0.5013759711939764
hqnzvt55pad,2019-08-01,1.2663333333333333,0.917,0.3493333333333333,77.0,69.0,48.0,99,0.912442396313364,0.5011018663097744,0.30303030303030304,0.3704234647605449
hqo8tf50ndi,2019-08-01,6.780833333333333,6.780833333333333,0.0,96.0,114.0,35.0,212,0.39759939984996256,0.3743356511439795,0.21226415094339623,0.004585107983235578
hr0a6a9x68s,2019-08-01,21.295,14.906500000000001,6.3885000000000005,12.0,9.0,2.0,44,0.4055299539170507,0.25367168723891126,0.8409090909090909,0.03968468891366399
hr5en8fbf1w,2019-08-01,2.584,2.584,0.0,7.0,3.0,3.0,191,2.3104838709677415,1.117969588137352,0.9685863874345549,1.623146912429955e-05
hrdepx6xit6,2019-08-01,1.3320000000000003,1.3320000000000003,0.0,6.0,5.0,0.0,157,0.0,0.680581800115443,0.9363057324840764,0.008467456634224277
hrsmacysh3y,2019-08-01,43.083333333333336,0.6266666666666667,42.45666666666667,384.0,113.0,109.0,211,1.4433914898958202,0.5364250023020541,0.2985781990521327,0.9134949641596247
htuab127ahl,2019-08-01,2.6900000000000004,2.510666666666667,0.17933333333333357,20.0,19.0,5.0,211,0.4861751152073733,0.3248557750451925,0.7393364928909952,8.794525982450383e-05
hu9teoqtjbg,2019-08-01,115.0639999999999,86.29799999999992,28.765999999999977,26.0,34.0,43.0,207,2.0363761153054223,0.7220194752208365,0.6135265700483091,0.003711739748710067
hw58ar9a1f9,2019-08-01,4.286666666666667,4.286666666666667,0.0,10.0,9.0,6.0,179,1.6497695852534562,0.5226357700618551,0.8994413407821229,8.356289641570024e-05
hwlbe9d203n,2019-08-01,1.6800000000000004,0.20000000000000004,1.4800000000000004,213.0,102.0,87.0,197,1.4323082065853252,0.6952611997180211,0.649746192893401,0.0019936181552883485
hws42h1w34h,2019-08-01,1.0503333333333333,30.802166666666636,-29.751833333333302,286.0,169.0,240.0,212,1.9515937248283535,0.4142143619984497,0.24056603773584906,0.002169291008437473
hx0xda995jy,2019-08-01,0.6899999999999998,0.6899999999999998,0.0,28.0,25.0,33.0,211,2.0054723502304146,0.31110462232599195,0.6066350710900474,6.822051666916132e-06
hxdm9yd0nog,2019-08-01,5.598666666666667,5.598666666666667,0.0,17.0,18.0,19.0,198,2.206451612903226,0.4361646627218397,0.7929292929292929,5.844903369162058e-05
hy2fxwtm8mv,2019-08-01,2.4623333333333335,2.4623333333333335,0.0,125.0,112.0,59.0,211,0.7663752770253632,0.33570155316547445,0.27014218009478674,9.029683251491046e-05
hytnu1kwsbz,2019-08-01,1.9458333333333335,1.1675000000000002,0.7783333333333333,7.0,5.0,2.0,183,0.6213921901528013,0.5229760164787376,0.9016393442622951,3.540701123594426e-07
hz23wwsj11j,2019-08-01,6.5,0.08666666666666667,6.413333333333333,601.0,453.0,451.0,212,1.201502946831371,0.16441274562867564,0.02358490566037736,0.012262043833192368
hz6wcfzc1x3,2019-08-01,1280.3624999999988,1157.0683333333322,123.29416666666657,64.0,77.0,199.0,203,4.773366418527709,1.187475821911841,0.8078817733990148,0.00014326167692421546
hzw2qnbkmpb,2019-08-01,0.6626666666666666,0.6626666666666666,0.0,7.0,5.0,5.0,198,1.8785578747628084,0.6798768273624876,0.9191919191919192,5.232105286203672e-05
i0kfvmovrkt,2019-08-01,0.26166666666666666,2.485833333333331,-2.2241666666666644,35.0,21.0,33.0,195,2.53147128245476,0.6547309824726346,0.6871794871794872,0.08049888790987936
i163req6qx1,2019-08-01,3.5600000000000005,1.7800000000000002,1.7800000000000002,20.0,15.0,10.0,208,1.0650281618023554,0.43816942982280577,0.7692307692307693,3.5155016342188885e-05
i1naxuayrhr,2019-08-01,63.353333333333346,63.353333333333346,0.0,103.0,98.0,56.0,209,0.8739545997610513,0.7043141749428392,0.36363636363636365,0.0002905860647029208
i3cmp8wp1am,2019-08-01,18.855,13.268333333333334,5.586666666666666,35.0,27.0,8.0,212,0.38258515677870514,0.8729519390942826,0.7405660377358491,5.028351888831618e-05
i4ve3o1uqrg,2019-08-01,1.45,0.725,0.725,13.0,7.0,3.0,146,0.9419354838709678,0.5970676451076427,0.910958904109589,0.0004615718191633884
i5ccfh0w89x,2019-08-01,12.761666666666668,214.4941666666665,-201.73249999999985,148.0,99.0,122.0,212,1.8791049113629756,0.5163019443349631,0.4811320754716981,2.6941309688585023e-05
i72cbxw9f85,2019-08-01,0.9713333333333334,2.4283333333333337,-1.4570000000000003,4.0,7.0,2.0,210,0.6451612903225806,0.5155800079421743,0.9142857142857143,0.00048086171279296003
i89bblr7wfl,2019-08-01,1.7333333333333334,1.7333333333333334,0.0,17.0,29.0,15.0,184,0.8560794044665013,0.5280571724288646,0.6467391304347826,0.06448184478375554
i9ichf6q6pf,2019-08-01,4.440333333333333,4.440333333333333,0.0,13.0,11.0,6.0,30,0.8294930875576036,0.0,0.7666666666666667,0.4556243354992079
icaig2apant,2019-08-01,1.5316666666666667,1.5316666666666667,0.0,18.0,19.0,26.0,207,2.4112903225806455,0.5263073574376382,0.7342995169082126,9.07382450449848e-05
iceelhxda1l,2019-08-01,0.64,0.64,0.0,52.0,43.0,59.0,109,1.9570906877662813,0.28938412426907945,0.48623853211009177,0.03410828908718007
id25eobi5ev,2019-08-01,1579.6853333333318,1520.7789999999986,58.90633333333312,1819.0,1890.0,3723.0,212,0.9556892056991951,0.18537478492928855,0.0047169811320754715,0.003355060478534821
id82rujkgaz,2019-08-01,6.389833333333334,3.6513333333333335,2.7385,10.0,7.0,3.0,194,0.9387096774193548,0.6433568430969597,0.9226804123711341,6.788054643671685e-06
idkw8u4bd28,2019-08-01,145.60916666666668,82.30083333333334,63.30833333333334,33.0,16.0,10.0,178,1.2482468443197754,1.0513934405482057,0.8426966292134831,0.018685942707432457
idsazd7u6t4,2019-08-01,16.9335,26.0925,-9.159000000000002,291.0,377.0,132.0,211,0.49858580072321074,0.6818829918271063,0.1848341232227488,0.00047916729800164654
ie6742hjfqc,2019-08-01,13.431999999999999,16.936,-3.5040000000000013,295.0,319.0,203.0,212,0.6466036630256772,0.903206916614501,0.02830188679245283,0.12564121823635932
iejw2wacy70,2019-08-01,0.9728333333333335,0.9728333333333335,0.0,20.0,18.0,9.0,212,0.831734960767219,0.49421948949426997,0.7783018867924528,0.000167224062288151
ifcju31jdou,2019-08-01,8.976,22.440000000000005,-13.464000000000004,26.0,53.0,8.0,208,0.43640178337267244,1.431054496560619,0.7692307692307693,0.00023480856839098012
iflpnbk7xag,2019-08-01,54.74849999999996,54.74849999999996,0.0,50.0,49.0,73.0,212,2.115363586659377,0.5034225119698539,0.4056603773584906,0.06287351425333847
ihf84qiz0ym,2019-08-01,1.375,0.9166666666666667,0.45833333333333326,32.0,22.0,2.0,202,0.24589166159464393,0.9582439404674168,0.8910891089108911,0.0005217092385256606
ihhiwucnbih,2019-08-01,7.001583333333334,6.088333333333335,0.9132499999999997,23.0,9.0,0.0,212,0.0,0.7982008995380031,0.8679245283018868,6.11775763030984e-05
ihiuzj9318s,2019-08-01,13.5,13.5,0.0,10.0,14.0,6.0,201,0.793943383805135,0.763045573401112,0.8656716417910447,0.00010568506608837791
ihizgk4pgzt,2019-08-01,49.04166666666667,16.05,32.991666666666674,56.0,19.0,1.0,175,0.1312828207051763,1.6365040542435783,0.8971428571428571,0.00681888465225741
ihvr7wmldiu,2019-08-01,51.075166666666675,6.434666666666668,44.64050000000001,132.0,16.0,5.0,195,0.012900579533726746,2.2861251689246633,0.841025641025641,4.6571614292048285e-05
ihzykk9x2eg,2019-08-01,8.043,8.043,0.0,4.0,5.0,0.0,191,0.0,0.6952768798633449,0.9424083769633508,1.1633628881345124e-05
ij9pyu3664e,2019-08-01,6.426,6.426,0.0,3.0,5.0,0.0,152,0.0,0.7695366066154896,0.9342105263157895,0.01317492512333154
ijxka0tju1m,2019-08-01,0.30333333333333334,57.63333333333328,-57.32999999999995,159.0,104.0,154.0,212,1.901013159427041,0.34367906783130403,0.17452830188679244,0.012012952990933903
ikc2rik8yuj,2019-08-01,60.07166666666661,58.35533333333328,1.7163333333333313,130.0,131.0,165.0,212,1.7769875539751077,0.3896786507671655,0.24056603773584906,0.014995797730870055
ilh0v3cq7yu,2019-08-01,14.935,14.935,0.0,9.0,5.0,1.0,212,0.32565284178187404,0.7651917998021339,0.910377358490566,0.001895162322579314
iltqieugzoq,2019-08-01,4.6786666666666665,3.7106666666666666,0.968,82.0,68.0,53.0,77,1.1348720800889878,0.5710490232886826,0.4025974025974026,0.11831504360195466
imq95kvin2b,2019-08-01,6.885000000000001,6.885000000000001,0.0,20.0,19.0,8.0,210,0.6301575393848462,0.5035857860782328,0.7095238095238096,4.636695583769623e-05
indn3gn8j2x,2019-08-01,43.26499999999999,19.511666666666667,23.753333333333327,52.0,24.0,1.0,179,0.18044354838709675,1.926502461777022,0.9664804469273743,0.0009267089315439146
innyejvr58k,2019-08-01,18.937,18.937,0.0,15.0,9.0,10.0,177,2.71889400921659,0.8764625785819206,0.8926553672316384,0.043032354019920754
inuv9oraz3w,2019-08-01,5.390666666666667,0.622,4.768666666666667,94.0,48.0,42.0,208,1.374665617623918,0.5359432693890231,0.47596153846153844,0.028483560292076913
io9thv2jcb4,2019-08-01,7.096333333333334,7.096333333333334,0.0,40.0,35.0,21.0,209,0.7822135091783996,0.38039919990440757,0.583732057416268,2.8351355879773238e-06
ip46f2w7lya,2019-08-01,3.770666666666667,1.346666666666667,2.4240000000000004,80.0,44.0,24.0,211,0.8643113159242191,0.5316186387764231,0.5971563981042654,0.01573874869868274
ipkh5ilec7e,2019-08-01,2.9175,2.9175,0.0,17.0,17.0,12.0,208,1.0456640134059487,0.2732987400737139,0.7019230769230769,5.600556364603966e-07
iqqf39gb7f7,2019-08-01,1.2,1.2,0.0,22.0,18.0,14.0,212,1.367741935483871,0.35767222672260635,0.7688679245283019,2.859040737920849e-05
is3k0n5svo3,2019-08-01,7.119333333333334,7.119333333333334,0.0,24.0,24.0,9.0,212,0.5495391705069125,0.23647901218360076,0.589622641509434,0.00017689818259054654
ismrhtb54o4,2019-08-01,14.812000000000001,16.928,-2.1159999999999997,8.0,9.0,1.0,195,0.19657258064516128,0.5731264314823934,0.8717948717948718,2.233013198781987e-05
isotzi7cez9,2019-08-01,2.4080000000000004,2.4080000000000004,0.0,53.0,53.0,32.0,212,0.8135268017747931,0.15713352306151826,0.28773584905660377,7.499310109086901e-05
itcyw70ewyc,2019-08-01,74.49899999999994,49.665999999999954,24.832999999999984,89.0,92.0,98.0,70,1.7022332506203472,0.14378279218379786,0.4714285714285714,0.11279243790679133
iw8yiunj1ys,2019-08-01,4.369083333333333,4.369083333333333,0.0,20.0,13.0,9.0,210,0.7816377171215881,0.6330920928342897,0.7571428571428571,9.20667314061551e-06
iwd545ht1l8,2019-08-01,4.908333333333334,4.908333333333334,0.0,12.0,11.0,7.0,202,0.912258064516129,0.5013616936541025,0.806930693069307,7.080953796933869e-09
iwif46q5bd5,2019-08-01,7.6353333333333335,7.6353333333333335,0.0,7.0,3.0,2.0,208,1.219941348973607,0.8562650798882557,0.9519230769230769,0.0001626663224580737
iyf6ygojdrp,2019-08-01,0.35333333333333333,0.53,-0.1766666666666667,14.0,19.0,16.0,194,1.5893497183819763,0.45224647518953154,0.7474226804123711,0.0013527610216082751
j00w40bzeu2,2019-08-01,10.994666666666657,10.994666666666657,0.0,21.0,21.0,23.0,212,1.8725038402457757,0.43461837417279103,0.7264150943396226,6.088725261807397e-05
j1e3o0x7ev6,2019-08-01,3.8250000000000006,3.4000000000000004,0.42500000000000027,60.0,57.0,33.0,211,0.7718656468240772,0.13024146641405218,0.3222748815165877,6.139785532065529e-07
j2bw5jrg1in,2019-08-01,2.1006666666666667,6.0280000000000005,-3.927333333333334,90.0,133.0,67.0,200,0.8492299892261866,0.8726788142920057,0.47,0.008619159561982878
j2watcvuun6,2019-08-01,1.4449999999999998,1.4449999999999998,0.0,13.0,9.0,4.0,198,0.7514231499051234,0.4555529025540649,0.8535353535353535,0.0008974097347729167
j47g1ubfunu,2019-08-01,12.413333333333323,22.96466666666665,-10.551333333333325,139.0,122.0,159.0,212,1.7177801559394588,0.2581595270767187,0.2028301886792453,0.0004068749936503006
j4r7m13zrcq,2019-08-01,1.3416666666666668,0.38333333333333336,0.9583333333333335,21.0,11.0,14.0,202,2.225019669551534,0.5581660414169676,0.8267326732673267,0.01609624071965342
j64h6zi1jk9,2019-08-01,2.142,1.8900000000000001,0.2519999999999998,21.0,19.0,4.0,208,0.3889668069191211,0.7028563744757653,0.7451923076923077,0.029607789135205516
j6702x2ebkt,2019-08-01,11.947500000000002,11.947500000000002,0.0,14.0,18.0,3.0,212,0.3730205278592375,0.6550009896119597,0.8207547169811321,0.0007565438765974468
j75qozdwhon,2019-08-01,6.613333333333335,3.7333333333333343,2.880000000000001,321.0,267.0,197.0,212,0.9323361982364102,0.5586874776143226,0.02830188679245283,0.015927644876351246
j9kz0leml7f,2019-08-01,12.869500000000002,12.869500000000002,0.0,23.0,23.0,2.0,205,0.13094857872884064,0.4608083332579827,0.6634146341463415,0.003929639838235903
ja7bxbxp056,2019-08-01,14.43,14.43,0.0,130.0,122.0,136.0,212,1.3985932573368904,0.23547394310160225,0.14150943396226415,0.0004270678256951391
jay98tudcgj,2019-08-01,1.136,1.136,0.0,6.0,5.0,4.0,212,1.5197132616487457,0.8570103130629492,0.9198113207547169,0.001427571317014387
jb63d3zkzva,2019-08-01,0.1565,0.26083333333333336,-0.10433333333333336,7.0,9.0,4.0,204,0.8491155046826223,0.7341655219764117,0.8774509803921569,0.0009268118118838669
jbxrtkb3uda,2019-08-01,0.8390000000000001,1.2585000000000002,-0.4195000000000001,12.0,13.0,10.0,207,1.4207275223061084,0.48453925448539614,0.7922705314009661,0.000432519706725065
jc03qezpap7,2019-08-01,5.3420000000000005,5.3420000000000005,0.0,9.0,7.0,1.0,143,0.2883064516129032,0.439968124218911,0.8951048951048951,0.0007303618276249204
jcjb48rf3cb,2019-08-01,23.41225,31.216333333333335,-7.804083333333335,4.0,5.0,1.0,210,0.4838709677419355,0.8086641934559596,0.9428571428571428,0.0019393076521084225
jcsxc9iximj,2019-08-01,7.066333333333334,7.066333333333334,0.0,12.0,5.0,7.0,66,3.725806451612903,0.6056446243715672,0.9393939393939394,0.00958768333419629
jdv5v0fdl1i,2019-08-01,2.0953333333333335,1.5715000000000001,0.5238333333333334,9.0,7.0,1.0,195,0.37001897533206835,0.6195496419410061,0.9384615384615385,6.849499986923907e-06
jewgqhe7xjo,2019-08-01,0.9830000000000001,1.1468333333333336,-0.1638333333333335,101.0,102.0,95.0,212,1.1877100902282245,0.25530374918786847,0.14150943396226415,0.01176530729162679
jf4qmxcr8uf,2019-08-01,0.5835,0.7131666666666667,-0.1296666666666667,30.0,32.0,21.0,206,1.0902217741935485,0.355984131738276,0.6504854368932039,4.225228882676244e-05
jfkcwjsmy3z,2019-08-01,180.35033333333334,158.41583333333332,21.934500000000014,99.0,54.0,25.0,212,0.5028462998102466,0.7072623193520866,0.41509433962264153,3.308851528985717e-05
ji0ddg388kq,2019-08-01,5.005,53.722499999999954,-48.71749999999995,566.0,325.0,412.0,212,1.6583569082382428,0.34817601087095895,0.018867924528301886,0.4479041156185913
jk2mkzahnsa,2019-08-01,5.828,5.828,0.0,8.0,5.0,0.0,137,0.0,0.44944407619734594,0.9197080291970803,3.228894038786555e-05
jks5h9948p4,2019-08-01,4.3862499999999995,4.84,-0.4537500000000003,40.0,43.0,11.0,202,0.41193919169447535,0.5965435407779148,0.5445544554455446,0.0067259544680753755
jlbdz79ofm2,2019-08-01,7.647499999999994,7.647499999999994,0.0,112.0,115.0,120.0,212,1.2762755230020568,0.17028063500562035,0.07547169811320754,3.796308684909657e-05
jlsufhxjbw5,2019-08-01,115.54216666666657,185.00299999999984,-69.46083333333327,911.0,706.0,1252.0,212,1.997215888996742,0.8639933954762267,0.14150943396226415,0.018848547906160314
jm0g1o7vq8k,2019-08-01,3.6266666666666674,2.346666666666667,1.2800000000000002,67.0,61.0,50.0,69,1.1966701352757543,0.177569121786978,0.3333333333333333,0.3515529762582038
jmmilql78m7,2019-08-01,0.5745,0.383,0.1915,6.0,5.0,3.0,179,1.5747800586510263,0.8809425001561196,0.9441340782122905,0.00647436932611876
jn8h8l1l0q3,2019-08-01,3.02625,3.02625,0.0,16.0,15.0,8.0,208,0.9940262843488649,0.36854448073091894,0.7980769230769231,3.820927450044259e-05
jp35nsvuo8v,2019-08-01,49.82,50.085,-0.26500000000000057,231.0,232.0,43.0,212,0.27405826293479246,0.8121673768730693,0.4716981132075472,0.00033433635090702486
jpufyxtlljr,2019-08-01,10.254833333333332,23.665,-13.410166666666667,63.0,80.0,50.0,211,0.9075268817204301,0.4603994520146588,0.32701421800947866,0.0018000066779647916
jqf0tht6v7z,2019-08-01,42.29916666666667,1.0958333333333334,41.20333333333334,195.0,5.0,2.0,202,0.003601066058169696,2.174841865355937,0.900990099009901,3.140104594402682e-05
jqk1fgh73ns,2019-08-01,5.308333333333334,5.308333333333334,0.0,6.0,7.0,3.0,179,0.9623655913978494,0.4131394385167659,0.8994413407821229,0.0020098254905065696
jqldvm92alx,2019-08-01,10.352500000000003,3.792500000000001,6.560000000000002,248.0,184.0,147.0,212,0.9973118279569894,0.30697566213626676,0.03773584905660377,0.0034618926875357565
jqpusjb5omt,2019-08-01,2.6613333333333338,2.6613333333333338,0.0,13.0,9.0,4.0,201,0.76280834914611,0.44167031183888916,0.8507462686567164,2.2431552096860016e-05
js3xkv489g5,2019-08-01,4.03,52.39,-48.36,58.0,298.0,38.0,212,0.2135340737402921,1.4899261017118908,0.23113207547169812,0.15875453965980457
js6s44zmqzh,2019-08-01,6.814166666666667,6.814166666666667,0.0,8.0,11.0,3.0,208,0.5591397849462365,0.5013475209882821,0.8413461538461539,0.00202455858179014
jt9i91dgg2y,2019-08-01,32.305,32.305,0.0,39.0,37.0,20.0,209,0.774935113088617,0.2656005930517593,0.48325358851674644,0.0011519420490774255
ju025r5o7ek,2019-08-01,1.4500000000000002,1.6916666666666669,-0.2416666666666667,72.0,74.0,60.0,212,1.082645331517576,0.23111930061521993,0.25943396226415094,0.0006003101753930891
juz35lhcx40,2019-08-01,2.9293333333333336,2.816666666666667,0.11266666666666669,61.0,60.0,35.0,212,0.903225806451613,0.4530025967976343,0.42924528301886794,0.0004056649638463046
jv21m25w7wm,2019-08-01,23.922500000000003,73.36233333333334,-49.43983333333334,17.0,48.0,2.0,194,0.10012903225806451,2.9665693987945074,0.8711340206185567,0.00017687326889681996
jv52k8mpa3g,2019-08-01,2.503666666666667,2.6825000000000006,-0.1788333333333334,22.0,23.0,8.0,208,0.5477287689269256,0.4836632634467841,0.6875,0.00011611020044032938
jvcdlc81ock,2019-08-01,0.9980000000000002,0.6653333333333334,0.3326666666666668,11.0,9.0,5.0,179,0.9313215400624348,0.42550457001913194,0.888268156424581,0.0002226340738009268
jw9z5eogoju,2019-08-01,7.502666666666667,7.502666666666667,0.0,11.0,9.0,1.0,188,0.19562955254942768,0.4481876086513418,0.8670212765957447,3.694605045505614e-06
jx3fay60f8a,2019-08-01,6.946,6.946,0.0,6.0,9.0,3.0,200,0.5093378607809848,1.0252596165420915,0.85,0.016622847804376163
jx6h9utb8x2,2019-08-01,7.219999999999994,23.464999999999982,-16.244999999999987,32.0,23.0,36.0,207,2.4281524926686218,0.5618351822497482,0.6618357487922706,0.00018754205743835254
jzeofrdrbd5,2019-08-01,7.249666666666666,7.249666666666666,0.0,26.0,26.0,13.0,212,0.8980123818833496,0.6237233054157508,0.6886792452830188,0.008177945595391336
k0203yil188,2019-08-01,1.9760000000000004,1.1440000000000003,0.8320000000000001,27.0,19.0,8.0,210,0.6774193548387097,0.43047292891939337,0.7428571428571429,0.0004910895919424417
k1c0nil87gw,2019-08-01,2.0,2.0,0.0,11.0,9.0,0.0,199,0.0,0.5844100817177706,0.8793969849246231,0.005846622241477511
k26g3u44fsk,2019-08-01,6.5745000000000005,6.5745000000000005,0.0,8.0,7.0,4.0,210,1.042183622828784,0.5798136362827855,0.8857142857142857,0.0004430133770173013
k4c2yssgzpo,2019-08-01,3.1780000000000004,2.913166666666667,0.26483333333333325,30.0,29.0,18.0,205,0.8323934130385744,0.18126464740678544,0.4926829268292683,1.3359685221187372e-07
k4ubnbz0pgz,2019-08-01,0.32866666666666666,0.32866666666666666,0.0,10.0,5.0,11.0,200,3.9426523297491043,0.837448908125362,0.915,0.00016115997997393454
k5vke7slcl2,2019-08-01,2.1198333333333337,2.1198333333333337,0.0,8.0,9.0,3.0,172,0.7565982404692082,0.9448346683982797,0.8895348837209303,0.002165199799268977
k6gqgdg3ely,2019-08-01,2.6950000000000003,2.6950000000000003,0.0,32.0,34.0,28.0,211,1.1837307152875176,0.2684667044512293,0.4928909952606635,0.0014472370189867415
k6j24jyq8ss,2019-08-01,3.256666666666667,3.256666666666667,0.0,6.0,5.0,2.0,192,1.032258064516129,0.5963498038596395,0.9427083333333334,3.2759825437491257e-07
k6ydegcktbi,2019-08-01,6.942333333333333,9.766333333333332,-2.823999999999999,70.0,94.0,11.0,97,0.20487711213517665,0.5323909727693428,0.4948453608247423,0.2770470178240817
k8reqia4v7j,2019-08-01,3.369666666666667,3.369666666666667,0.0,39.0,39.0,26.0,212,0.8758938503098682,0.2534804684288025,0.46226415094339623,0.00013759215872672268
k8uxbr6f1ze,2019-08-01,199.8324999999998,6.410666666666667,193.42183333333315,726.0,895.0,831.0,126,1.1236237203013326,0.31812530183403714,0.0,0.3114558773651306
k9asy3gc69e,2019-08-01,29.437500000000007,29.437500000000007,0.0,42.0,26.0,36.0,212,2.4868035190615836,0.8981133373366283,0.7311320754716981,4.6577777007119905e-05
ka1pxb59ycv,2019-08-01,3.566,3.566,0.0,6.0,9.0,3.0,203,0.5953079178885631,0.3906497558927761,0.8669950738916257,0.0003211718402612716
kayfdxz6ovn,2019-08-01,10.728666666666669,9.175833333333335,1.552833333333334,79.0,68.0,3.0,212,0.057955166757791145,0.1545983993481812,0.2830188679245283,0.0001916430504098221
kb3mkt5fgid,2019-08-01,4.906666666666666,4.906666666666666,0.0,6.0,3.0,1.0,203,0.9354838709677419,1.116749793839612,0.9655172413793104,1.6614599915954497e-06
kbfiv65comk,2019-08-01,9.03,6.02,3.01,13.0,9.0,1.0,210,0.218522372528616,1.0000207195727466,0.8904761904761904,0.0015707522467718277
kbqpnnxe1rk,2019-08-01,2.751166666666667,2.751166666666667,0.0,53.0,35.0,42.0,212,1.8411910669975187,0.46791941399650117,0.6132075471698113,0.0005864398751598466
kcu9lpo7ogm,2019-08-01,1.4806666666666668,1.4806666666666668,0.0,9.0,9.0,5.0,161,1.2983870967741935,0.39119048415177277,0.8881987577639752,7.715657000761837e-05
kdnygv7lkhx,2019-08-01,33.369,118.8345,-85.4655,98.0,349.0,0.0,171,0.0,1.1718036890716184,0.11695906432748537,0.5348930421362802
kgn3nvddv27,2019-08-01,391.1801666666667,391.1801666666667,0.0,16.0,19.0,2.0,210,0.3304484657749803,1.207629139233741,0.9333333333333333,2.8408592609183476e-05
khdbnk30q6s,2019-08-01,3.812,4.447333333333333,-0.6353333333333331,20.0,34.0,6.0,212,0.2427944264172552,0.3844514540193161,0.5283018867924528,0.0006037645296325336
kiih6e3zua6,2019-08-01,1.1941666666666668,1.1941666666666668,0.0,7.0,7.0,2.0,206,0.553763440860215,0.8735804433012582,0.8883495145631068,0.01605190003213094
kjx12gxxwvn,2019-08-01,7.2635,206.6629999999998,-199.39949999999982,886.0,389.0,687.0,212,2.2383008806036666,0.3947381755960654,0.018867924528301886,0.9105193271810488
kky8l1rjvva,2019-08-01,195.84249999999983,331.99966666666637,-136.15716666666654,215.0,142.0,320.0,210,3.1785072367798692,0.30715341754560005,0.3,0.001215263536301694
kl2qstba35y,2019-08-01,27.866666666666667,11.704,16.162666666666667,50.0,21.0,0.0,115,0.0,0.48727711764146475,0.7217391304347827,0.740260091919475
kmdsuk4kt4j,2019-08-01,4.718333333333333,5.413666666666667,-0.695333333333334,42.0,113.0,4.0,212,0.04628568309590088,0.5007144069676144,0.2971698113207547,0.1023250109330745
kovfesgpi8z,2019-08-01,0.8373333333333335,0.8373333333333335,0.0,7.0,5.0,5.0,117,1.8870967741935483,0.48645229036659854,0.9230769230769231,0.0008055726243166723
kpqpumuqqmk,2019-08-01,0.5583333333333333,1.7866666666666668,-1.2283333333333335,57.0,68.0,52.0,212,1.0490056142354174,0.22346883978971463,0.2783018867924528,1.1324972181813446e-05
kpy662b60xz,2019-08-01,9.1995,9.1995,0.0,5.0,5.0,3.0,211,1.4585253456221197,0.5869239455100219,0.933649289099526,2.2735562437013916e-05
kqo651ud3v4,2019-08-01,17.016166666666667,28.113666666666667,-11.0975,25.0,40.0,2.0,197,0.2083553675304072,1.3512595259748172,0.9035532994923858,2.4875956368804278e-05
kr474c9rp1c,2019-08-01,7.4446666666666665,8.017333333333333,-0.5726666666666667,19.0,20.0,6.0,181,0.7149440421329822,0.7652176764131553,0.856353591160221,0.0001768966947826753
krag1z1o3bw,2019-08-01,0.677,0.677,0.0,30.0,32.0,52.0,212,2.452502780867631,0.4815939822035112,0.5660377358490566,0.02451826709108714
kt23iq8umee,2019-08-01,56.38333333333334,56.38333333333334,0.0,11.0,5.0,1.0,152,0.4903225806451613,1.2452455878556943,0.9407894736842105,2.7225692141150394e-07
ktqccudxhit,2019-08-01,0.9346666666666668,0.9346666666666668,0.0,14.0,11.0,12.0,208,1.7503506311360448,0.6851679759206042,0.8028846153846154,0.002059001110181122
ktvirkbvw4r,2019-08-01,15.964666666666668,15.964666666666668,0.0,6.0,12.0,0.0,198,0.0,0.9829452431913809,0.9696969696969697,1.1021647099441624e-05
ku3bp9hby3u,2019-08-01,5.7233333333333345,5.151000000000002,0.5723333333333329,27.0,19.0,7.0,208,0.6021505376344086,0.3904322236187974,0.7355769230769231,8.99388818282826e-06
kuluvv8ll25,2019-08-01,3.7620000000000005,3.7620000000000005,0.0,19.0,18.0,2.0,210,0.19082235347569285,0.38127920389537057,0.7571428571428571,3.784152073578491e-07
kuq2hr010tw,2019-08-01,24.851999999999975,28.99399999999997,-4.141999999999996,15.0,14.0,21.0,174,2.946774193548387,0.3274628568850155,0.8218390804597702,0.00013069101100973316
kuxzpwwhhb2,2019-08-01,3.3233333333333337,113.65799999999992,-110.33466666666658,132.0,76.0,112.0,205,2.3217716654869047,0.437055001075715,0.5414634146341464,0.019028388276090272
kv7vv5uriun,2019-08-01,4.3225,4.3225,0.0,5.0,5.0,1.0,94,0.5053763440860215,0.4856473281069502,0.9361702127659575,0.0003604545519986506
kvplg7ji2k7,2019-08-01,3.676166666666667,3.676166666666667,0.0,22.0,19.0,10.0,208,0.8828522920203735,0.49336350108376964,0.6971153846153846,0.003960560402304251
kvqilywiv8c,2019-08-01,26.026666666666664,30.906666666666663,-4.879999999999999,363.0,378.0,283.0,212,1.1291451801106636,0.4555651400176689,0.22641509433962265,4.1276434760465356e-05
kw024u5i8i9,2019-08-01,3.4839999999999995,3.4839999999999995,0.0,59.0,31.0,30.0,30,1.6129032258064517,0.0,0.7666666666666667,0.0931049217885167
kw3vwd9gj9a,2019-08-01,1.8,1.575,0.2250000000000001,16.0,15.0,8.0,212,0.8968799576943416,0.3890943878102134,0.7877358490566038,0.0023924337426285743
kwf5bxgo1on,2019-08-01,0.0,1.5041666666666653,-1.5041666666666653,28.0,19.0,28.0,205,2.404692082111437,0.7386869037734989,0.7414634146341463,0.015764473966133032
kx0toxepbb8,2019-08-01,12.777333333333333,7.6466666666666665,5.1306666666666665,520.0,157.0,2.0,70,0.025229771129933323,0.668051560508413,0.7428571428571429,0.3346802796834626
ky72bqd9lct,2019-08-01,8.835,2.6505,6.184500000000001,14.0,7.0,4.0,197,1.0167741935483872,0.5509850605662125,0.9035532994923858,7.012476648589249e-06
kykc1g3xw8r,2019-08-01,41.34399999999996,41.34399999999996,0.0,47.0,57.0,94.0,212,2.329125759700795,0.47235032812258737,0.4339622641509434,0.013696392587550295
kyp6zv55umo,2019-08-01,14.89075,14.89075,0.0,47.0,47.0,73.0,212,2.3112305854241337,0.30911513952401865,0.4339622641509434,0.00114538979637964
kzixvabpr9k,2019-08-01,8.28,14.903999999999998,-6.623999999999999,64.0,100.0,19.0,212,0.28185571338604715,0.4151317091202865,0.3443396226415094,0.0037165191693122037
l05bk6nmdzz,2019-08-01,0.2946666666666667,0.7366666666666667,-0.442,4.0,7.0,2.0,211,0.5672043010752689,1.2779243553046293,0.919431279620853,2.592792407589982e-12
l09hhltwzfq,2019-08-01,0.0,17.274166666666652,-17.274166666666652,10.0,5.0,10.0,194,4.813895781637717,1.1926804329366913,0.9381443298969072,0.005084448077117398
l10rc5yrx7v,2019-08-01,8.282,8.282,0.0,7.0,7.0,4.0,187,1.1490015360983101,0.6383653943421079,0.893048128342246,0.0005663357375275171
l3cwx3vnl8z,2019-08-01,0.56,0.36,0.20000000000000007,14.0,9.0,0.0,159,0.0,0.8510347766148386,0.8867924528301887,0.046417861403161745
l3x2a2vsnrh,2019-08-01,6.792499999999995,13.58499999999999,-6.792499999999995,53.0,50.0,56.0,212,1.5504766879979104,0.22921909924139644,0.3443396226415094,1.2176429696300522e-06
l421p9m57ue,2019-08-01,3.8439999999999994,3.5236666666666663,0.32033333333333314,14.0,3.0,2.0,74,1.5913978494623655,1.273530021559958,0.9594594594594594,0.2233117599399091
l5w8hi9cjkb,2019-08-01,1.701,1.701,0.0,8.0,14.0,1.0,192,0.16739319965126415,0.7870591086067593,0.8489583333333334,0.0014801865712273175
l60d1qn3wdl,2019-08-01,11.976000000000003,11.976000000000003,0.0,23.0,26.0,3.0,212,0.19727047146401985,0.6609359235729552,0.7216981132075472,0.004884253121827189
l752fp2cjhx,2019-08-01,4.1305,4.1305,0.0,34.0,34.0,23.0,207,0.9480286738351255,0.45804323131367797,0.5265700483091788,0.002878724299207478
l7tkq0e424p,2019-08-01,3.3756666666666666,3.3756666666666666,0.0,21.0,19.0,12.0,210,1.098517872711421,0.363355400144823,0.7428571428571429,1.7884732507820754e-05
l83vs3957fz,2019-08-01,2.001666666666667,2.001666666666667,0.0,12.0,5.0,2.0,203,0.8731182795698924,0.6650313275828943,0.9359605911330049,0.006943768235670101
l880gquvl2g,2019-08-01,637.2314999999993,695.8274999999993,-58.596000000000004,19.0,11.0,106.0,206,13.290322580645162,0.6837942513135669,0.8203883495145631,0.001999431174984824
l9wur12a5hr,2019-08-01,6.734833333333334,6.734833333333334,0.0,11.0,5.0,2.0,68,0.8774193548387096,0.6557887237201039,0.9264705882352942,0.060172515275691625
lb12lnap4gf,2019-08-01,2.604166666666667,2.916666666666667,-0.3125,68.0,71.0,43.0,209,0.8577018514983776,0.1393709632431183,0.3062200956937799,0.000390292407454467
lcoxyvvp67j,2019-08-01,6.605666666666666,6.605666666666666,0.0,5.0,9.0,5.0,212,0.924149956408021,1.0430759355902175,0.8537735849056604,0.02085256099653233
lef9j2013im,2019-08-01,2120.1846666666647,2075.265499999998,44.91916666666657,18.0,23.0,254.0,206,16.878709677419355,0.48532883271256566,0.6699029126213593,0.005883035180136656
lglbxjgr8a0,2019-08-01,0.9599999999999999,0.9599999999999999,0.0,20.0,20.0,10.0,208,0.9450249886415265,0.4384219680088948,0.7932692307692307,7.154196388043208e-05
lgqmrqlwdfc,2019-08-01,0.5626666666666666,21.381333333333313,-20.818666666666648,61.0,37.0,53.0,62,1.8275862068965518,0.3212908012353847,0.4032258064516129,0.5362512410186622
lh2otld7y76,2019-08-01,3.476666666666666,1.2168333333333332,2.259833333333333,20.0,7.0,0.0,121,0.0,0.7828512625924453,0.9008264462809917,0.015964806221952687
lhgydgzida8,2019-08-01,10.354166666666666,10.354166666666666,0.0,8.0,9.0,0.0,209,0.0,0.6806524463155821,0.8947368421052632,3.9638481713201137e-05
lio0l784362,2019-08-01,2.2350000000000003,2.2350000000000003,0.0,4.0,3.0,0.0,208,0.0,1.441920753884751,0.9711538461538461,0.0016590723352125666
ljm722fqjw2,2019-08-01,14.052,14.052,0.0,24.0,22.0,8.0,208,0.6546026750590087,0.6393897497438964,0.7692307692307693,1.5413363412368123e-05
ljon9fubuz2,2019-08-01,1.7000000000000002,1.7000000000000002,0.0,8.0,9.0,2.0,207,0.4173387096774194,0.4678687106798477,0.8599033816425121,0.0002153256435725562
ljqz9dy7hou,2019-08-01,16.391833333333334,14.901666666666669,1.4901666666666653,16.0,15.0,5.0,212,0.6105990783410138,0.6958481381539081,0.7877358490566038,0.008262277027595393
lkx9r6qzoqh,2019-08-01,5.516,4.8265,0.6894999999999998,48.0,45.0,24.0,206,0.8574401664932362,0.4665952428051899,0.5922330097087378,0.0003157825266863814
lmjth7hw93i,2019-08-01,10.672,10.672,0.0,1.0,3.0,5.0,180,7.258064516129032,1.3182771602664884,0.9777777777777777,0.0060810413819324385
lmoepu5rebq,2019-08-01,9.4275,9.4275,0.0,5.0,5.0,2.0,212,0.8548387096774194,0.7120638197104507,0.9245283018867925,4.5332522343759946e-05
ln75f6s19ik,2019-08-01,2.622666666666667,2.622666666666667,0.0,0.0,5.0,9.0,210,3.810483870967742,1.1927601907428542,0.9238095238095239,0.03806714518677695
lnywjz24l2v,2019-08-01,7.5432500000000005,7.5432500000000005,0.0,11.0,13.0,12.0,212,1.4397283531409168,0.5980722057681058,0.7641509433962265,0.002167759433708183
lo31cd8fidc,2019-08-01,19.9575,19.9575,0.0,11.0,11.0,2.0,206,0.31643625192012287,0.555589314723466,0.8155339805825242,0.0006065048994078745
lq9j9mt1hsy,2019-08-01,0.0,0.0,0.0,5.0,5.0,5.0,206,1.6612903225806452,0.7127213544756289,0.9029126213592233,2.8584346678348633e-06
lr8o9s9v1b6,2019-08-01,9.624333333333334,9.624333333333334,0.0,3.0,7.0,11.0,205,2.6941457586618878,0.6094720372394883,0.8780487804878049,0.0006706494153709871
lsn97uhhpkk,2019-08-01,88.92000000000002,13.338000000000001,75.58200000000002,182.0,29.0,2.0,212,0.061888775361261125,1.62763012594113,0.8867924528301887,2.7238900226249972e-05
lsz6j7maftp,2019-08-01,33.424,11.141333333333334,22.282666666666664,18.0,10.0,6.0,124,1.263157894736842,0.8336229965172178,0.9193548387096774,0.0008103485636584563
lttjpgyenxs,2019-08-01,6.5760000000000005,6.5760000000000005,0.0,9.0,9.0,4.0,196,0.7903225806451614,0.44899548927683613,0.8673469387755102,2.1216950468067828e-06
ltvexvsc2a3,2019-08-01,4.7523333333333335,1.2553333333333334,3.497,120.0,81.0,67.0,212,1.1658868915702207,0.4753969725000712,0.3160377358490566,0.0014908122023922984
ludcf5ivyhx,2019-08-01,0.0,0.0,0.0,2.0,3.0,3.0,204,1.9741935483870967,1.0597796256509113,0.9509803921568627,0.010260469016714053
lv7gmha4ku6,2019-08-01,3.3806666666666674,3.6880000000000006,-0.30733333333333324,31.0,32.0,20.0,198,0.9324228867435836,0.2737144116347626,0.5202020202020202,0.0007120627052147789
lvd60kgva69,2019-08-01,50.54400000000001,90.558,-40.013999999999996,30.0,179.0,7.0,195,0.24599026851684988,1.810168463188278,0.8512820512820513,0.00012043247947880902
lwbalio8six,2019-08-01,23.177000000000003,23.177000000000003,0.0,30.0,26.0,16.0,206,0.8934670642450528,0.25498383819521914,0.5825242718446602,1.7216902510756368e-07
lwng1mi4g3u,2019-08-01,1.9000000000000004,1.5000000000000002,0.40000000000000013,134.0,130.0,115.0,212,1.1703149001536097,0.2747361085871716,0.17452830188679244,0.00962940110591888
lxyzrlg15uj,2019-08-01,1.584,16.301999999999985,-14.717999999999986,90.0,53.0,66.0,212,2.042329586921617,0.43562303324984786,0.5518867924528302,0.00012255883827652007
lzq1mskqwnf,2019-08-01,9.29175,9.29175,0.0,5.0,3.0,0.0,186,0.0,1.976423537605237,0.9838709677419355,0.005640255631840131
lzwjoihxreu,2019-08-01,3.1700000000000004,3.1700000000000004,0.0,10.0,3.0,1.0,200,0.46082949308755755,1.6338238974083272,0.95,0.0019095215212461762
m0hdrnx0m2p,2019-08-01,14.9855,14.9855,0.0,7.0,7.0,4.0,173,1.0629800307219661,0.6106316601833134,0.884393063583815,0.00014738183296728678
m1557pjmxfr,2019-08-01,1.5353333333333334,0.8225000000000001,0.7128333333333333,38.0,18.0,10.0,212,1.0521091811414391,0.7123014071016917,0.8254716981132075,1.3350626110140146e-05
m1v10ljv7b5,2019-08-01,3.6194166666666665,2.227333333333333,1.3920833333333333,16.0,5.0,3.0,211,1.2011385199240987,1.3667962057789993,0.9289099526066351,0.00033915766009446485
m2z3ljufrb0,2019-08-01,55.718666666666664,27.859333333333332,27.859333333333332,247.0,131.0,15.0,120,0.1508169250104734,0.37753163478450974,0.2,0.7197289300047796
m301wxhzx3n,2019-08-01,5.440333333333333,2.8633333333333333,2.577,19.0,10.0,0.0,190,0.0,0.645058703234157,0.9,0.0004945206364805994
m3g5uw9o9hq,2019-08-01,772.5241666666658,1345.944166666665,-573.4199999999993,1489.0,1117.0,1974.0,212,1.8421960839554867,0.2178084872650321,0.0047169811320754715,0.0006851662372379482
m65aj3j06ss,2019-08-01,2.0400000000000005,1.4280000000000004,0.6120000000000001,25.0,22.0,15.0,212,1.0056925996204933,0.21642685120000063,0.6462264150943396,0.0002448734223413485
m6fc75q2iun,2019-08-01,3.1363333333333334,3.1363333333333334,0.0,66.0,76.0,1.0,211,0.019786196549137283,0.3447797460578523,0.44549763033175355,0.001995059767628997
m7787awld2l,2019-08-01,2.409,4.039333333333333,-1.6303333333333336,174.0,241.0,75.0,212,0.4709855149737848,0.6274571189249228,0.12264150943396226,0.001653057466871571
m7npt7nuiel,2019-08-01,2127.6579999999985,2332.2404999999985,-204.58249999999998,43.0,28.0,199.0,200,8.125765618619845,1.1456891426862443,0.66,0.00017128558452372234
m8k7iht95bm,2019-08-01,5.02,5.02,0.0,7.0,7.0,2.0,210,0.521091811414392,1.127123466900198,0.9095238095238095,0.0013767866284526361
m8wjtnbnjkq,2019-08-01,9.152000000000001,9.152000000000001,0.0,30.0,23.0,17.0,208,1.1074224866896334,0.4191017210176761,0.6634615384615384,0.00021963882560052664
m9vnyxw21i5,2019-08-01,16.708666666666666,16.708666666666666,0.0,26.0,28.0,12.0,210,0.7390029325513195,0.648500784498565,0.7047619047619048,0.004091068194090099
mbbbgz0hup9,2019-08-01,1.8893333333333333,0.0,1.8893333333333333,23.0,19.0,19.0,212,1.6874738165060748,0.38473513004903453,0.7311320754716981,1.610185780085912e-05
mbh9xlfro55,2019-08-01,0.9750000000000001,0.9750000000000001,0.0,24.0,22.0,29.0,211,1.916379580331976,0.3073323050058307,0.6398104265402843,0.00013589718451895646
mcqub0x8faz,2019-08-01,1.4320000000000002,1.7900000000000003,-0.3580000000000001,44.0,50.0,20.0,212,0.7050216162287994,0.2895478997306874,0.6556603773584906,1.7256575673522928e-06
mdwyny7ulz3,2019-08-01,1.518,1.518,0.0,16.0,16.0,12.0,209,1.4193548387096775,0.7193117838063774,0.8086124401913876,0.0005209140268997898
mef2eh85jdk,2019-08-01,8.184000000000001,8.184000000000001,0.0,8.0,18.0,2.0,204,0.20890937019969277,0.5569187845740141,0.7696078431372549,0.0015142363298686085
methibl1o7o,2019-08-01,4.319,3.23925,1.0797499999999998,12.0,9.0,0.0,192,0.0,0.6940391566035716,0.8541666666666666,0.00852899394361289
mf6lerb825l,2019-08-01,0.777,0.555,0.22199999999999998,11.0,9.0,4.0,212,0.8289345063538612,0.7497740494625993,0.8679245283018868,0.0006003821250674579
mflopzwre5j,2019-08-01,12.1905,7.6754999999999995,4.515000000000001,99.0,69.0,18.0,210,0.42338709677419356,0.9057707661347474,0.5238095238095238,0.028154649634845774
mg0rxdjla29,2019-08-01,2.266666666666667,1.9833333333333336,0.28333333333333344,28.0,27.0,20.0,212,1.1030176899063475,0.32102663706443285,0.6650943396226415,7.311641025234869e-06
mgj604sw6ri,2019-08-01,18.22966666666667,18.22966666666667,0.0,15.0,14.0,3.0,207,0.3709677419354839,0.8904124860284841,0.8067632850241546,0.11821640525527471
mgmuh7xpfu6,2019-08-01,3.4650000000000003,3.8115000000000006,-0.34650000000000025,10.0,11.0,0.0,199,0.0,0.5629824148546677,0.8291457286432161,0.0011887964000393137
mgvij1p7wn5,2019-08-01,2.441333333333333,2.441333333333333,0.0,5.0,5.0,4.0,199,1.8341013824884793,0.46108504558838637,0.9296482412060302,2.6494927653653726e-05
mhykdya3wti,2019-08-01,4.6065000000000005,1.5355,3.0710000000000006,11.0,3.0,2.0,151,1.217741935483871,0.8929543480476135,0.9536423841059603,0.0001357046465639469
miquop68vzi,2019-08-01,4.131666666666667,4.131666666666667,0.0,35.0,7.0,7.0,52,2.9354838709677415,0.8926785535678561,0.9423076923076923,0.5338544212998598
mir87gqxkal,2019-08-01,3.1016666666666666,3.1016666666666666,0.0,2.0,3.0,0.0,212,0.0,0.8906506846977879,0.9669811320754716,4.59831692072285e-07
mj0dt9zefjd,2019-08-01,2.0171666666666668,0.9056666666666667,1.1115,125.0,98.0,76.0,212,1.058537546810328,0.6832758642000888,0.4056603773584906,0.0788489572038445
mmi6chfchff,2019-08-01,0.976,1.464,-0.488,8.0,12.0,3.0,211,0.6381048387096774,0.6571483412892953,0.8862559241706162,6.878658959836911e-06
mmk6h854290,2019-08-01,5.4325,5.653333333333333,-0.22083333333333321,123.0,128.0,0.0,122,0.0,0.2063673587621322,0.14754098360655737,0.005447616600325482
mmprt7ke058,2019-08-01,2.608833333333333,2.608833333333333,0.0,19.0,19.0,8.0,210,0.6947890818858561,0.562419706882125,0.7285714285714285,0.0002873005897509141
mnozildzdqr,2019-08-01,3.6808333333333336,3.6808333333333336,0.0,3.0,5.0,0.0,212,0.0,0.9107035605898645,0.9150943396226415,3.4656166535515116e-05
mnpzyjyyzmd,2019-08-01,17.741,21.696,-3.955000000000002,196.0,231.0,39.0,212,0.21491513087780406,0.9279279099319787,0.3018867924528302,6.10422953722889e-05
mq9w8389fv8,2019-08-01,7.408333333333335,7.408333333333335,0.0,3.0,3.0,1.0,184,0.8479262672811059,0.9168560410446123,0.9619565217391305,8.644676641071559e-05
mrliyrkmjpo,2019-08-01,250.5339999999998,696.6603333333328,-446.12633333333304,1251.0,1048.0,1365.0,212,1.4461407760925513,0.3120005288933571,0.05660377358490566,0.0027669472097932102
mtno3p0bun7,2019-08-01,4.128,3.210666666666667,0.9173333333333331,32.0,28.0,14.0,211,0.7218963831867057,0.20346857680114275,0.5687203791469194,1.5377353556152358e-05
mwqdrn1i19v,2019-08-01,14.3325,18.375,-4.0425,368.0,401.0,251.0,212,0.7555088596092686,0.2305106801760383,0.0,0.006621231798423835
mxc9yjictd8,2019-08-01,0.397,3.7715,-3.3745000000000003,27.0,44.0,25.0,211,0.8550818609174906,0.49616648050417256,0.4976303317535545,0.018228917135115732
mzo3jomb0mk,2019-08-01,10.972500000000002,8.360000000000001,2.6125000000000007,45.0,40.0,24.0,212,0.7815668202764977,0.39749388047393447,0.4009433962264151,0.0241074997124546
mzqd24hnb7r,2019-08-01,10.075000000000001,6.045,4.030000000000001,7.0,5.0,2.0,211,0.6187683284457478,0.674474726289019,0.9052132701421801,1.684909013365359e-05
n0ewao2z0va,2019-08-01,1.6846666666666654,3.369333333333331,-1.6846666666666654,85.0,83.0,87.0,211,1.403225806451613,0.2546559393740799,0.23696682464454977,0.00023048720901093966
n0oqm3lgwuh,2019-08-01,2.5620000000000003,2.8466666666666667,-0.2846666666666664,85.0,89.0,49.0,212,0.7530264588619064,0.3086571580021079,0.2358490566037736,0.011531072923779811
n0p9f3czuvo,2019-08-01,1.4863333333333335,1.4863333333333335,0.0,17.0,15.0,14.0,62,1.4,0.20462536191838687,0.7258064516129032,0.10467263739008908
n0xoyyvrx2b,2019-08-01,1.0533333333333335,0.6320000000000001,0.42133333333333334,20.0,18.0,15.0,212,1.3862249346120314,0.5724889601172087,0.75,0.0004511138520987943
n3w3r0gbie6,2019-08-01,6.4173333333333344,4.010833333333334,2.4065000000000003,8.0,5.0,0.0,195,0.0,0.6187891338481415,0.9025641025641026,0.00015698111304227795
n42kd52zv55,2019-08-01,1.2013333333333334,1.2013333333333334,0.0,7.0,5.0,4.0,212,1.7096774193548387,1.2644954017128687,0.9292452830188679,0.012910050814225754
n4iachduehr,2019-08-01,16.045499999999986,1.7828333333333317,14.262666666666654,32.0,40.0,41.0,211,1.550358422939068,0.5366515368014944,0.4834123222748815,0.0009122017503312904
n4o2yfie18b,2019-08-01,3.745666666666667,4.076166666666667,-0.33050000000000024,55.0,58.0,21.0,212,0.5299369122723484,0.40088573930233085,0.3915094339622642,0.0006279331393992069
n4yg5fubk7i,2019-08-01,5.573333333333334,2.933333333333334,2.64,70.0,52.0,32.0,202,0.9105507818002536,0.4027112391409781,0.49504950495049505,0.0003908428483299722
n54vd54uvn5,2019-08-01,2.033,5.421333333333333,-3.388333333333333,28.0,38.0,22.0,209,0.8240143369175628,0.5261783809652685,0.48325358851674644,0.003574086448993943
n6bzv1ag23f,2019-08-01,12.876000000000001,6.612,6.264000000000001,172.0,118.0,61.0,212,0.689522793921621,0.8532656704433951,0.4339622641509434,0.00010865879690962732
n6dba44xvtb,2019-08-01,18.574000000000005,18.574000000000005,0.0,6.0,3.0,1.0,184,0.6594982078853047,0.6949470107747371,0.9565217391304348,7.836111496750559e-05
n6zt84gdj59,2019-08-01,61.572,30.786,30.786,15.0,9.0,3.0,110,0.5602716468590832,0.6802722822692792,0.8818181818181818,0.005755571107183724
n76vwggrg60,2019-08-01,7.497000000000001,7.497000000000001,0.0,8.0,3.0,1.0,194,0.782258064516129,1.048947299481672,0.9587628865979382,4.331219933360016e-05
n9mglnclcg2,2019-08-01,3.430666666666667,3.430666666666667,0.0,10.0,9.0,2.0,212,0.39078341013824885,0.41037790089290627,0.8632075471698113,2.8655585951785456e-06
nas68j2w11a,2019-08-01,0.585,31.823999999999998,-31.238999999999997,25.0,292.0,20.0,212,0.07465840259191435,1.832426772743993,0.4716981132075472,0.005315267297927955
nb09trle6tn,2019-08-01,5.631916666666668,3.260583333333334,2.371333333333334,53.0,35.0,34.0,210,1.5775519222271321,0.5790659670456385,0.5666666666666667,0.0014892739834614743
nc26qytk491,2019-08-01,0.9944999999999999,0.6885,0.30599999999999994,40.0,36.0,27.0,212,1.0797962648556876,0.33136598241453835,0.5188679245283019,8.723884140547483e-05
ncfxillitsl,2019-08-01,51.745666666666665,16.907,34.83866666666667,279.0,143.0,77.0,212,0.9697617774609398,0.7334427537038525,0.6650943396226415,3.0323379661817773e-05
nctpirbyghw,2019-08-01,8.030833333333334,9.637,-1.6061666666666667,5.0,7.0,1.0,196,0.421505376344086,0.44606827094672774,0.9336734693877551,3.943845172557331e-06
nd43qn4hlak,2019-08-01,7.9910000000000005,7.9910000000000005,0.0,55.0,31.0,22.0,177,1.101867572156197,0.6888485616168124,0.6271186440677966,0.1683259536807063
ne823mbdnh9,2019-08-01,8.063,8.063,0.0,11.0,14.0,3.0,182,0.4002932551319648,0.7954966087997655,0.8186813186813187,0.05423206767770997
nerxxxyubnr,2019-08-01,9.816666666666666,9.816666666666666,0.0,49.0,64.0,14.0,212,0.32345248474280736,0.6779992973407574,0.4858490566037736,0.00025391957324296885
nfd0bzmi7vx,2019-08-01,3.700666666666667,4.493666666666667,-0.7929999999999997,44.0,47.0,30.0,209,0.8870967741935485,0.2835021016600092,0.41148325358851673,0.001852018833240512
ng2sc1vdl73,2019-08-01,39.578,34.438,5.140000000000001,167.0,147.0,13.0,212,0.17195981780744993,1.841123953376003,0.7075471698113207,0.006940415227949586
nghk0vqggg2,2019-08-01,1.2036666666666667,0.9027499999999999,0.3009166666666667,20.0,19.0,16.0,211,1.2663165791447861,0.46370532068803044,0.6729857819905213,0.0006122051529783958
ngl05qt2q53,2019-08-01,8.607666666666667,8.607666666666667,0.0,7.0,9.0,1.0,205,0.20039100684261973,0.5531491621771101,0.8585365853658536,0.00034911496455263766
ni6kbz1ocug,2019-08-01,222.35666666666665,222.35666666666665,0.0,13.0,9.0,6.0,180,1.1612903225806452,0.4683174069730932,0.8777777777777778,0.003687080268608996
njhnwdh3na5,2019-08-01,8.537666666666668,8.537666666666668,0.0,17.0,17.0,14.0,212,1.2119232339730504,0.4114719370472379,0.6933962264150944,5.803390314071494e-05
njkrduqiqii,2019-08-01,0.4131666666666667,0.4131666666666667,0.0,0.0,3.0,2.0,169,2.1806451612903226,1.7127179293494559,0.9704142011834319,0.013099152033915337
njnjw1b3zp8,2019-08-01,3.890333333333333,3.890333333333333,0.0,35.0,35.0,13.0,212,0.5966659450097423,0.46623811710077867,0.5801886792452831,0.0014403139391051937
nklriogawhs,2019-08-01,7.83,7.308,0.5220000000000002,46.0,44.0,16.0,212,0.5210445468509984,0.5014426466102107,0.46226415094339623,0.02295867697975084
nlj9otzrbq3,2019-08-01,60.63300000000001,60.63300000000001,0.0,37.0,9.0,3.0,212,0.10685483870967741,1.9045656526480939,0.8773584905660378,1.5710269929451384e-05
nlsiso1vdgi,2019-08-01,5.315333333333333,5.315333333333333,0.0,10.0,14.0,0.0,211,0.0,0.786149626461083,0.8530805687203792,0.00020230206782105727
nlxg1gbw481,2019-08-01,1.834,2.2925000000000004,-0.45850000000000035,13.0,16.0,1.0,209,0.11827956989247312,0.7268834574662855,0.8038277511961722,0.0012830857475790458
nm3ebnrk6km,2019-08-01,1.8908333333333336,1.8908333333333336,0.0,3.0,3.0,2.0,197,1.4121863799283154,0.6523818707038176,0.9543147208121827,6.153458470015771e-05
nm4eo5iaekj,2019-08-01,22.84733333333333,22.84733333333333,0.0,11.0,6.0,0.0,92,0.0,0.6000462886660085,0.9565217391304348,0.006117802624183769
nm660f4nzpv,2019-08-01,7.682666666666667,3.1266666666666665,4.556000000000001,145.0,94.0,59.0,212,0.07672254629544437,2.092191063688751,0.27358490566037735,1.9565876989525766e-05
nndflf3bsrw,2019-08-01,3.088166666666667,3.088166666666667,0.0,5.0,3.0,0.0,192,0.0,0.9190898326151139,0.9635416666666666,1.9855133344319333e-05
nnyseqxlirm,2019-08-01,4.2585,2.2545,2.0039999999999996,74.0,66.0,57.0,138,1.1912766924125398,0.32512371379635974,0.39855072463768115,0.029095202029377636
nnzufyper7d,2019-08-01,1.2176666666666667,1.2176666666666667,0.0,31.0,31.0,18.0,211,0.8334430546412114,0.4776672144206282,0.5545023696682464,4.680547701546976e-05
no4tqoqh4gj,2019-08-01,11.583000000000002,11.583000000000002,0.0,23.0,27.0,11.0,201,0.6311732800456752,0.8090598188766288,0.6616915422885572,0.009059732292312637
no8wqed2sr9,2019-08-01,6.4110000000000005,6.4110000000000005,0.0,14.0,16.0,2.0,167,0.4309677419354839,0.8200451502465623,0.9281437125748503,0.000568769344777591
no9neukmuye,2019-08-01,23.797499999999975,26.441666666666638,-2.6441666666666634,31.0,30.0,40.0,212,1.899641577060932,0.3002669302154478,0.5235849056603774,0.004387962980662046
nomsg6nclj6,2019-08-01,7.2120000000000015,7.2120000000000015,0.0,32.0,23.0,28.0,199,2.6827154549831485,0.8384101309474269,0.8492462311557789,0.00013433190601030886
nq2me3svf87,2019-08-01,5.733333333333334,5.733333333333334,0.0,11.0,13.0,8.0,208,0.9940262843488649,0.5744905721464781,0.7788461538461539,0.0014307205161585425
nqxoar8arrw,2019-08-01,20.108999999999998,22.343333333333334,-2.2343333333333355,33.0,35.0,15.0,210,0.6555671175858481,0.30739420769444115,0.5904761904761905,0.0003459433414360219
nr3jz3uldca,2019-08-01,3.345,3.0848333333333335,0.26016666666666666,288.0,281.0,198.0,212,0.8630111638808363,0.16933241347968275,0.014150943396226415,0.0007309831185005277
nrgvi96wb5p,2019-08-01,6.175166666666668,5.161333333333333,1.0138333333333343,67.0,56.0,0.0,204,0.0,0.3856359495129703,0.4803921568627451,0.0005701449146373544
nryo6vo0t0g,2019-08-01,8.5735,19.785,-11.211500000000001,57.0,108.0,18.0,212,0.24136622390891843,0.4894473451562269,0.28773584905660377,1.6254108757725756e-08
nt4gi3se760,2019-08-01,0.7645,0.7645,0.0,3.0,5.0,6.0,209,2.247311827956989,0.8226072527687152,0.9186602870813397,0.044861255181433204
ntp8lfp9kjv,2019-08-01,8.4,2.1,6.300000000000001,16.0,7.0,4.0,135,1.0246679316888045,0.786558228845186,0.9037037037037037,0.015257005641892606
nubjnkgini3,2019-08-01,9.650000000000002,9.650000000000002,0.0,11.0,11.0,7.0,68,1.096774193548387,0.26393977444672606,0.7941176470588235,0.09751437567449822
nult4xo86g2,2019-08-01,6.757499999999999,4.0545,2.7029999999999994,5.0,3.0,0.0,197,0.0,1.0569778940124537,0.9644670050761421,3.5456983465767578e-06
nuraejg9ce5,2019-08-01,1.4591666666666667,2.6265,-1.1673333333333333,18.0,22.0,13.0,174,1.1055718475073315,0.5986928920438771,0.7701149425287356,0.01021482791462477
nv8ngxv9g1x,2019-08-01,6.1805,6.1805,0.0,125.0,56.0,91.0,211,2.3025542631010913,0.66127054644261,0.5308056872037915,0.0003200829715985987
nvhlb3fzisd,2019-08-01,2.652,2.652,0.0,19.0,18.0,14.0,209,1.522372528616025,0.36045449760011283,0.7751196172248804,0.0005410713473101596
nw31419v44a,2019-08-01,6.2603333333333335,6.2603333333333335,0.0,3.0,3.0,1.0,210,1.693548387096774,1.344376040687839,0.9809523809523809,4.243727735236059e-06
nyavrgocvhn,2019-08-01,10.583333333333334,10.583333333333334,0.0,3.0,3.0,2.0,179,2.3096774193548386,0.9430129142283176,0.9776536312849162,1.6524848190024262e-05
nyk3kni1o7f,2019-08-01,3.4286666666666665,1.924,1.5046666666666666,141.0,80.0,2.0,70,0.060215053763440864,0.3313990973565442,0.8428571428571429,0.008486895936513285
o150r2wrpwn,2019-08-01,2.5050000000000003,2.5050000000000003,0.0,17.0,18.0,19.0,207,2.1503553854565336,0.22701177206443515,0.7971014492753623,3.9990242924382457e-07
o1ni218wkiy,2019-08-01,484.46199999999953,397.0999999999996,87.36199999999991,50.0,72.0,172.0,204,3.429912023460411,0.45923578190894476,0.3333333333333333,0.005340544704827054
o524fogvojv,2019-08-01,0.852,0.47333333333333333,0.37866666666666665,18.0,14.0,9.0,183,1.2355588897224306,0.9138213416442212,0.8087431693989071,0.07255930364997987
o57bgjalx1j,2019-08-01,11.058666666666666,27.917333333333303,-16.858666666666636,425.0,263.0,282.0,212,1.332768575696101,0.2480707337155671,0.02358490566037736,0.016959566526649837
o6xktsez0dm,2019-08-01,12.689833333333333,12.689833333333333,0.0,63.0,50.0,51.0,212,1.4063475546305932,0.4563018555756795,0.38207547169811323,0.0026540585213225207
o77lqcki0a9,2019-08-01,0.107,0.214,-0.107,23.0,24.0,22.0,209,1.5612903225806454,0.32666081905982497,0.7081339712918661,6.0782599449765395e-06
o77pu640cir,2019-08-01,6.622000000000001,6.622000000000001,0.0,79.0,81.0,8.0,210,0.1725909184302445,0.8679487193337218,0.6428571428571429,0.0006904961712013762
o7asxz6e0fv,2019-08-01,5.273666666666667,5.273666666666667,0.0,1.0,3.0,2.0,168,2.709677419354839,1.1011161371103615,0.9761904761904762,4.7060056616632694e-05
o7nmqzuvl78,2019-08-01,0.5750000000000001,0.28750000000000003,0.28750000000000003,13.0,12.0,11.0,160,2.0276497695852536,0.45852762834252764,0.85625,0.0002800374624448861
o8xvetnn8cp,2019-08-01,5.263999999999999,2.005333333333333,3.258666666666666,66.0,53.0,45.0,211,1.1780397022332505,0.349095242329905,0.4028436018957346,0.0005833604488627241
o95japtta0b,2019-08-01,2.858,2.381666666666667,0.4763333333333333,23.0,19.0,11.0,208,0.9585253456221198,0.4773016343149031,0.7403846153846154,0.0014329290015933683
obq8a4g841c,2019-08-01,2.4386666666666663,11.20999999999999,-8.771333333333324,210.0,133.0,148.0,212,1.466853669939224,0.31150708695754253,0.12735849056603774,0.016626991081061464
odurvbu5jsg,2019-08-01,6.100499999999999,3.389166666666666,2.711333333333333,123.0,95.0,60.0,211,0.66621059832658,0.9297889433029748,0.46919431279620855,9.342932832848734e-06
ofuyt56i03g,2019-08-01,75.99366666666667,32.82566666666667,43.168,170.0,74.0,1.0,31,0.027027027027027025,0.013698630136986342,0.8064516129032258,0.4415881037478516
oggfpzs57ip,2019-08-01,15.617999999999988,41.64799999999997,-26.02999999999998,16.0,11.0,19.0,199,2.7719941348973607,0.6505343701438921,0.8140703517587939,0.011219873120445803
ohhwcr7eibt,2019-08-01,2.361333333333333,1.6866666666666665,0.6746666666666665,8.0,5.0,1.0,210,0.30791788856304986,0.7432026569864703,0.9095238095238095,3.638872329327126e-05
oi0yvwhpy37,2019-08-01,55.11266666666661,55.11266666666661,0.0,67.0,67.0,86.0,212,1.6520478434215295,0.32182626851539636,0.2169811320754717,0.0009990162648233682
oja7lsryb2l,2019-08-01,0.8525,0.682,0.17049999999999998,22.0,21.0,17.0,192,1.2840283241542092,0.39304558402309,0.7239583333333334,0.0016880134130126154
okqlb70k3nd,2019-08-01,5.8709999999999996,5.8709999999999996,0.0,23.0,18.0,5.0,206,0.3134510042604991,1.1327510909048126,0.8058252427184466,1.3904670326189527e-05
ol5frwtcbio,2019-08-01,14.4375,6.1875,8.25,107.0,71.0,44.0,211,0.7986236559139785,0.35448961991150046,0.3222748815165877,0.001477841027449641
omtfs7c7xtj,2019-08-01,4.205666666666667,4.205666666666667,0.0,21.0,18.0,4.0,212,0.4144672531769306,0.6921517524815993,0.7641509433962265,0.013246799026947215
ondhd1lvs83,2019-08-01,4.899583333333334,4.899583333333334,0.0,0.0,3.0,1.0,198,2.129032258064516,2.0103200551153355,0.9848484848484849,0.014111158536213447
oo86qgxgs7m,2019-08-01,1.498,1.498,0.0,11.0,12.0,12.0,103,2.3453510436432636,0.9719102467225756,0.8932038834951457,0.010736156593342228
ooxvzf3esbh,2019-08-01,4.413333333333334,6.1786666666666665,-1.7653333333333325,35.0,49.0,21.0,208,0.7871688592539196,0.3670301511075682,0.5673076923076923,0.0003766994159425015
oq3lodvtasu,2019-08-01,1.7105,1.7105,0.0,8.0,9.0,3.0,82,1.5870967741935484,1.0076252487781896,0.9634146341463414,0.018193060240612062
oqlax65uebn,2019-08-01,0.5459999999999999,0.819,-0.273,7.0,9.0,3.0,195,0.6989247311827956,0.49029528962288194,0.8923076923076924,1.475348055889297e-05
oqrl6eew4cp,2019-08-01,3.1455,1.7475,1.3980000000000001,43.0,31.0,16.0,212,0.8416873449131513,0.7823269173802595,0.6462264150943396,0.03720871391631615
os1kehjm8qi,2019-08-01,7.134500000000001,7.134500000000001,0.0,78.0,91.0,58.0,212,0.9603999062719675,0.38364858264593676,0.2688679245283019,9.063611491166427e-05
ot8y037fhvz,2019-08-01,62.231333333333275,204.99733333333313,-142.76599999999985,498.0,342.0,566.0,212,2.099083339164509,0.42015119108103294,0.07547169811320754,0.010624764569497241
outz8ms8vdw,2019-08-01,4.745,4.745,0.0,7.0,7.0,2.0,190,0.5837173579109063,0.6109796737733239,0.9105263157894737,0.004057033717795048
ov5jds1xfak,2019-08-01,2.825166666666667,1.5410000000000001,1.284166666666667,16.0,11.0,5.0,205,0.6888440860215053,0.438695148323859,0.8048780487804879,4.625913285557973e-06
ovodf94e7wt,2019-08-01,7.835333333333334,7.835333333333334,0.0,19.0,7.0,2.0,129,0.5548387096774193,0.7597706227373024,0.8914728682170543,0.9013413687768548
ovqxlm6q9me,2019-08-01,6.99,7.378333333333334,-0.38833333333333364,43.0,44.0,25.0,212,0.7498585172608941,0.24629799186918158,0.4009433962264151,0.0015799535114359334
oxpcfncpr9p,2019-08-01,9.416666666666668,9.416666666666668,0.0,41.0,32.0,20.0,212,0.6639523958659568,1.0133990409530425,0.5990566037735849,6.838530099206202e-05
oxtz60tzksq,2019-08-01,4.169,2.4319166666666665,1.737083333333333,33.0,24.0,21.0,212,1.367741935483871,0.6198049694396297,0.7075471698113207,0.0640984323904507
oy9s63wnr3v,2019-08-01,2.0650000000000004,2.0650000000000004,0.0,7.0,5.0,2.0,201,0.6175115207373272,0.553937553158471,0.900497512437811,5.8864836836225325e-06
oyis9f6lzre,2019-08-01,4.666666666666666,3.733333333333333,0.9333333333333331,71.0,66.0,46.0,212,0.9171447380795636,0.22296131945923986,0.27358490566037735,0.0008702543690111925
oyvdj2msvnb,2019-08-01,16.065833333333337,16.065833333333337,0.0,1.0,3.0,0.0,204,0.0,1.1244573343951294,0.9705882352941176,1.1470062060500468e-05
ozd9l7qid2z,2019-08-01,131.9739999999999,325.1533333333331,-193.17933333333318,216.0,115.0,285.0,158,3.3546897116888923,0.32691460024756114,0.31645569620253167,0.5346467453045619
ozgh1ow32nd,2019-08-01,3.924166666666667,4.8475,-0.9233333333333333,31.0,35.0,14.0,211,0.6108354011579818,0.6082167172119852,0.5639810426540285,0.02335206476130302
ozhvb70kp42,2019-08-01,1.2200000000000002,4.635999999999996,-3.4159999999999955,79.0,55.0,59.0,212,1.5638909727431858,0.7610542741476419,0.5283018867924528,0.03685070229193964
ozmg21l1s2f,2019-08-01,3.2113333333333336,3.2113333333333336,0.0,6.0,3.0,2.0,205,1.1021505376344085,1.2026648826921356,0.9560975609756097,0.002513361546241721
ozu80hgo7mn,2019-08-01,1.4016666666666668,1.4016666666666668,0.0,18.0,18.0,8.0,185,0.8375778155065081,0.5061121601295329,0.7675675675675676,0.0033716160374411357
p0thd2vng07,2019-08-01,2.2273333333333336,4.454666666666667,-2.2273333333333336,184.0,197.0,171.0,163,1.5637026647966341,1.0139899722737187,0.4785276073619632,5.6997279681953264e-08
p1gsqzl6lvj,2019-08-01,8.154000000000002,12.910500000000003,-4.756500000000001,25.0,32.0,13.0,207,0.6889400921658986,0.9049593280677889,0.6763285024154589,0.16597906266951445
p33yr35x3t6,2019-08-01,24.381000000000004,24.381000000000004,0.0,55.0,32.0,11.0,187,0.6143966547192354,0.756724431521538,0.6898395721925134,0.01810518944479738
p3btr17w4wu,2019-08-01,3.587833333333333,3.587833333333333,0.0,35.0,26.0,29.0,76,1.5799283154121864,0.26540860344991085,0.5921052631578947,0.22563871141517894
p4sx5wjiv90,2019-08-01,0.5183333333333333,0.1555,0.36283333333333334,63.0,45.0,53.0,209,1.7430369787568845,0.259620022233222,0.4449760765550239,0.0003746651142778977
p4xfpntn3aw,2019-08-01,2.317,1.9860000000000002,0.33099999999999996,28.0,26.0,14.0,212,0.747983870967742,0.17649578307868888,0.5518867924528302,1.7763704121691057e-05
p5rtc8t4wdy,2019-08-01,4.676,9.686,-5.01,28.0,58.0,0.0,141,0.0,0.8435721808409143,0.5673758865248227,0.1215119979350665
p5u6pt2310q,2019-08-01,2.9440000000000004,2.9440000000000004,0.0,41.0,25.0,0.0,212,0.0,0.4336883769797525,0.6509433962264151,0.00044545458047253665
p63ivgs50xx,2019-08-01,2.1206666666666667,2.1206666666666667,0.0,7.0,7.0,3.0,195,0.820476858345021,0.46868094870051924,0.8871794871794871,5.7788426447692686e-05
p6wh68gayg2,2019-08-01,4.670833333333334,4.670833333333334,0.0,15.0,14.0,5.0,212,0.6704617330803289,0.44755790245743504,0.8349056603773585,0.0002905299185224371
p73sdroz103,2019-08-01,3.4619999999999997,3.4619999999999997,0.0,8.0,7.0,5.0,208,1.3978494623655913,0.24794137012464978,0.8894230769230769,6.343161473917655e-05
p77hs8twbna,2019-08-01,1.0935000000000001,0.6075,0.4860000000000001,26.0,22.0,17.0,211,1.0713859020310634,0.3644475806851207,0.6066350710900474,0.00017210909642851317
p7rstorq87l,2019-08-01,4.5,4.5,0.0,0.0,3.0,0.0,208,0.0,1.2710253238024538,0.9807692307692307,4.7559754701431655e-06
p8wms4y0o8j,2019-08-01,72.01199999999999,70.95299999999999,1.0589999999999975,907.0,898.0,295.0,212,0.38427035330261133,0.24850288180478164,0.0047169811320754715,0.04318506860334522
pakkp9f3k97,2019-08-01,0.9505000000000001,0.9505000000000001,0.0,0.0,3.0,1.0,195,0.7862903225806451,1.4177555727972047,0.958974358974359,0.0013371484747720416
pb0za1vrto9,2019-08-01,5.117333333333334,4.477666666666667,0.6396666666666668,8.0,7.0,0.0,191,0.0,0.9031224275614147,0.8952879581151832,0.0028740525590355143
pb9m0wee6e6,2019-08-01,71.59833333333327,54.75166666666662,16.84666666666665,74.0,82.0,108.0,211,1.7016129032258065,0.21697903544874722,0.20853080568720378,0.02122489208443519
pc8ktsdugru,2019-08-01,10.871666666666666,4.4475,6.424166666666666,22.0,9.0,0.0,106,0.0,0.5091257368919517,0.8867924528301887,0.2332514992369361
pc9a73jeb6j,2019-08-01,3.1780000000000004,3.1780000000000004,0.0,0.0,3.0,0.0,190,0.0,1.3495613042301278,0.9789473684210527,1.1110729859621464e-06
pdhk5727fex,2019-08-01,4.066,4.066,0.0,23.0,21.0,11.0,210,0.8467741935483871,0.582820664234002,0.6714285714285714,0.024973520915444955
pdndf3bcs86,2019-08-01,0.8396666666666667,0.9541666666666667,-0.11450000000000005,53.0,56.0,31.0,212,0.7851851851851852,0.3244763268872417,0.3915094339622642,0.002834596452587512
pfcpa3chvsr,2019-08-01,2.8035000000000005,0.9345000000000001,1.8690000000000004,17.0,11.0,8.0,200,1.323407775020678,0.6149254697386777,0.82,0.0006530673679385099
pfcpcdm2m4s,2019-08-01,1.4676666666666667,6.561333333333327,-5.09366666666666,104.0,62.0,70.0,212,1.5053763440860217,0.2768242049694953,0.29245283018867924,0.013533764668436353
pfpj8uizwiw,2019-08-01,9.994666666666665,3.7479999999999993,6.246666666666666,8.0,3.0,0.0,145,0.0,1.2142922725624978,0.9655172413793104,0.00011962856131907449
pgiyqxk8j7d,2019-08-01,4.928000000000001,2.874666666666667,2.0533333333333337,14.0,9.0,2.0,194,0.544179523141655,0.6321301964711818,0.8969072164948454,0.0003556733840008365
phh04zpphls,2019-08-01,54.943333333333335,54.943333333333335,0.0,10.0,7.0,1.0,91,0.3669354838709677,0.6917773797018858,0.9230769230769231,0.0006447179841097178
pik7y0j4kll,2019-08-01,1.6756666666666669,0.3046666666666667,1.3710000000000002,25.0,16.0,14.0,185,1.5190615835777126,0.6674547088327702,0.8,0.00011824140522826131
pimd3p7orbx,2019-08-01,6.27975,4.88425,1.3955000000000002,11.0,9.0,2.0,209,0.37455197132616486,0.7750421776118278,0.8803827751196173,0.0005870690500099322
pjat8xoxafz,2019-08-01,34.09816666666667,34.09816666666667,0.0,12.0,7.0,0.0,172,0.0,0.8255187376580196,0.9244186046511628,8.734930430094942e-05
pjxz820hcxv,2019-08-01,2.7264999999999997,2.466833333333333,0.2596666666666665,21.0,19.0,0.0,148,0.0,0.41931590707039057,0.7364864864864865,1.2638343144275044e-05
pkm7tneql4o,2019-08-01,22.447499999999998,9.3075,13.139999999999999,178.0,86.0,55.0,212,0.9898132427843803,0.6822340140928072,0.39622641509433965,0.0009734604893440955
pl7ap49lv9q,2019-08-01,9.006000000000002,9.006000000000002,0.0,10.0,9.0,1.0,194,0.16468590831918506,0.4528126362177724,0.8144329896907216,0.0005103117778504068
plrbjog62pb,2019-08-01,15.094999999999999,35.221666666666664,-20.126666666666665,27.0,83.0,13.0,212,0.21268714307763545,0.5274335152219749,0.33490566037735847,0.019107206520046143
plsqisank6b,2019-08-01,0.9246666666666666,0.9246666666666666,0.0,9.0,9.0,11.0,200,2.0872865275142316,0.46485304602269995,0.85,0.00015577775007896116
pmx3rqy88zf,2019-08-01,1.9023333333333334,1.2438333333333333,0.6585000000000001,39.0,30.0,13.0,203,0.665070564516129,0.36379194622775124,0.541871921182266,0.010631568812059785
po27f14pffa,2019-08-01,1.575,1.575,0.0,14.0,16.0,14.0,211,1.5621364357482814,0.7913576355749904,0.8388625592417062,0.0008552465616534725
poszmpcoaey,2019-08-01,2.8337500000000007,2.8337500000000007,0.0,12.0,14.0,7.0,68,1.1811414392059554,0.3094084853750143,0.8529411764705882,0.01842423588964533
pptiu6s6dop,2019-08-01,2.675,1.07,1.6049999999999998,52.0,37.0,27.0,207,1.1939756462294382,0.7419851455018517,0.642512077294686,0.0027262520105014354
ppv5637qln0,2019-08-01,9.671750000000001,9.671750000000001,0.0,16.0,17.0,16.0,208,1.5336405529953916,0.5410069757552306,0.7451923076923077,0.0022156362050829693
prncvnpk5mf,2019-08-01,13.194666666666668,1.8555000000000001,11.339166666666667,147.0,71.0,83.0,184,1.845112963634167,0.7061643300233553,0.5489130434782609,0.038440884497682445
prx35jido8k,2019-08-01,3.267999999999997,14.161333333333321,-10.893333333333324,48.0,26.0,51.0,208,2.4442396313364054,0.7043235940103985,0.7019230769230769,1.1433484331765957e-05
psg53lt2kiw,2019-08-01,5.23725,5.23725,0.0,3.0,3.0,3.0,200,2.4193548387096775,0.8578846900601274,0.96,1.946578048524095e-06
psxvnbu6i43,2019-08-01,218.10733333333312,218.10733333333312,0.0,1576.0,759.0,2267.0,212,3.7142680495231617,0.5649896391006326,0.330188679245283,0.05995648401305702
pszh69dofcb,2019-08-01,0.9943333333333326,0.15700000000000003,0.8373333333333326,208.0,216.0,210.0,212,1.3139332408582476,0.33507762878255287,0.1179245283018868,0.01640794650557251
ptwbfomvd91,2019-08-01,1.7786666666666668,1.7786666666666668,0.0,6.0,13.0,2.0,211,0.26178660049627794,0.5951266385071926,0.7914691943127962,0.0019101443046861779
pvmach777p1,2019-08-01,2.9025,2.9025,0.0,6.0,6.0,1.0,190,0.4714640198511166,0.840554992434827,0.9526315789473684,2.927132219340335e-05
pway6196sbe,2019-08-01,5.832000000000001,5.103000000000001,0.7290000000000001,24.0,21.0,0.0,175,0.0,0.2811768524521231,0.6571428571428571,0.0004445654891299189
pwedvu96tnj,2019-08-01,0.8746666666666667,6.341333333333334,-5.466666666666667,32.0,82.0,24.0,212,0.46495476560358223,0.5834986152227953,0.47641509433962265,1.4852827222457132e-05
pxfau1k4udf,2019-08-01,4.886666666666668,7.818666666666668,-2.9320000000000004,21.0,32.0,16.0,210,1.0129635212541455,0.8241923510821738,0.7761904761904762,0.00043361082406808625
pxqb1hyo6p6,2019-08-01,4.040666666666667,4.040666666666667,0.0,13.0,13.0,11.0,211,1.468058191018343,0.36226271813440275,0.7962085308056872,9.88947215716796e-06
q0kcul43mob,2019-08-01,0.7050000000000001,0.47000000000000003,0.23500000000000004,21.0,20.0,18.0,210,1.2316715542521994,0.3728963986658104,0.6142857142857143,5.416586432216983e-05
q1fdroz4t17,2019-08-01,13.211333333333334,12.369,0.8423333333333343,298.0,279.0,0.0,115,0.0,0.158658184610031,0.017391304347826087,0.013860530077612617
q2k1otyfuwy,2019-08-01,1.8840000000000003,1.8840000000000003,0.0,18.0,14.0,5.0,129,0.5623365300784655,0.5483083887126018,0.813953488372093,0.016493357449589834
q2up27z0xz7,2019-08-01,2.4951666666666665,2.4951666666666665,0.0,9.0,11.0,4.0,205,0.6298003072196621,0.4863703792804969,0.8341463414634146,5.6799068498141684e-05
q3oi1kdnfq2,2019-08-01,11.530666666666665,2.256,9.274666666666665,341.0,267.0,249.0,212,0.8948180292577086,0.6250194210630947,0.0660377358490566,7.378189986848854e-06
q3yyjblgx0e,2019-08-01,16.181666666666665,10.864833333333333,5.3168333333333315,87.0,64.0,17.0,212,0.4152073732718894,0.7822114046429507,0.5377358490566038,0.0024367138746041375
q4ryuxkumhl,2019-08-01,2.204,2.7550000000000003,-0.5510000000000002,4.0,5.0,0.0,211,0.0,0.7971535671932864,0.9241706161137441,6.885822567518737e-05
q6e0yhjo8na,2019-08-01,3.112,3.112,0.0,6.0,5.0,0.0,200,0.0,0.7426902014646904,0.925,2.349185335403825e-06
q6p4tb5e2sw,2019-08-01,1.10075,2.2015,-1.10075,29.0,36.0,22.0,206,0.870199692780338,0.6452898387930459,0.6116504854368932,0.006348878248221095
q73ay0d4lz9,2019-08-01,3.5474999999999994,2.7591666666666663,0.7883333333333331,18.0,14.0,0.0,152,0.0,0.5336636887671992,0.8881578947368421,0.0020982881097064117
q7w21kvuzcg,2019-08-01,1.4093333333333335,3.3471666666666673,-1.9378333333333337,8.0,19.0,0.0,204,0.0,0.35316848148017865,0.6862745098039216,0.0007831515528633441
q8535gsccia,2019-08-01,2.0,6.266666666666667,-4.266666666666667,120.0,152.0,105.0,212,0.8467741935483871,0.275027275429243,0.0330188679245283,0.0037878090339951527
q9bx4ma53fo,2019-08-01,3.666333333333333,3.666333333333333,0.0,28.0,36.0,7.0,212,0.28494623655913975,0.5429022712771091,0.5188679245283019,0.010518142595546521
qbf3b52q074,2019-08-01,11.375,11.375,0.0,11.0,13.0,4.0,208,0.4879765395894428,0.7818616734350404,0.7836538461538461,0.020141002420127792
qclxtalzrih,2019-08-01,3.575666666666667,3.575666666666667,0.0,16.0,13.0,1.0,191,0.12836021505376344,0.3415876754521525,0.7958115183246073,8.2949435121647e-06
qdz5lrrmlqw,2019-08-01,3.051333333333334,1.525666666666667,1.525666666666667,4.0,3.0,2.0,203,1.3096774193548386,0.8762116830881947,0.9605911330049262,1.205323681802363e-06
qfuevqhvscb,2019-08-01,47.31133333333334,47.31133333333334,0.0,8.0,6.0,1.0,145,0.46774193548387094,1.0541115805631927,0.9586206896551724,0.0029596132045696367
qfyykfkh498,2019-08-01,4.914,2.1839999999999997,2.73,111.0,101.0,93.0,212,1.284848484848485,0.22566273857260846,0.27358490566037735,0.0002581596256501729
qij63gh3k4e,2019-08-01,1.31,0.917,0.393,13.0,6.0,3.0,175,1.2096774193548387,1.3862103851931378,0.9542857142857143,4.8513048517094504e-05
qirbrbyfx24,2019-08-01,14.631666666666668,14.631666666666668,0.0,10.0,18.0,4.0,211,0.45376344086021503,0.660371349222456,0.8246445497630331,0.00437579689856304
qj7600cur0f,2019-08-01,2.115,2.115,0.0,31.0,24.0,27.0,200,1.8145161290322582,0.6075658847015336,0.715,0.006111838945288279
qjfcrdtmsrh,2019-08-01,101.44021333333336,101.44021333333336,0.0,268.0,70.0,74.46000000000001,208,1.479821630417231,0.5515966239871323,0.1346153846153846,0.9917954817379689
qkkcjll6act,2019-08-01,5.112500000000001,5.112500000000001,0.0,7.0,9.0,5.0,194,1.1589008363201911,0.6775767282518163,0.8814432989690721,6.381576236567848e-05
qkm24vsqhuf,2019-08-01,0.24150000000000002,0.12075000000000001,0.12075000000000001,39.0,38.0,37.0,131,1.4086021505376345,0.19987551476331653,0.46564885496183206,0.0016990951404393072
qkrp6jrj4aa,2019-08-01,4.415,4.415,0.0,36.0,37.0,24.0,206,0.911336405529954,0.26085901146447776,0.470873786407767,6.71808595541103e-05
qlpfuzislfz,2019-08-01,11.69449999999999,23.38899999999998,-11.69449999999999,16.0,13.0,19.0,212,2.2795698924731185,0.4944865082634402,0.7877358490566038,0.0009115666725399657
qltuhbqe0vb,2019-08-01,6.412000000000002,6.412000000000002,0.0,9.0,3.0,1.0,211,0.8508064516129031,1.4460383421421625,0.9620853080568721,0.000640576482258911
qm11nzjz0oy,2019-08-01,4.8693333333333335,4.8693333333333335,0.0,9.0,9.0,7.0,211,1.5369406867845994,0.887792522468137,0.8767772511848341,0.0006992238734014353
qmzj8bpqal5,2019-08-01,257.8679999999998,4.775333333333334,253.0926666666665,108.0,181.0,162.0,212,1.1456783534042767,0.34748155963612315,0.08490566037735849,0.004808285349300667
qnhlb3zqucp,2019-08-01,1.521666666666667,1.3695000000000004,0.15216666666666656,16.0,15.0,6.0,207,0.6359447004608294,0.27521327422288994,0.7584541062801933,0.00011832947793837767
qnzz3hh4jej,2019-08-01,25.976000000000003,25.976000000000003,0.0,1.0,0.0,1.0,118,3.8064516129032255,9.380831519646863,0.9915254237288136,
qp23rykghp2,2019-08-01,2.6791666666666663,0.5358333333333333,2.143333333333333,11.0,7.0,6.0,210,1.3111342351716961,0.774925963748225,0.8571428571428571,0.0010216196399672665
qpx7fvn2gwr,2019-08-01,1.236,1.236,0.0,7.0,3.0,3.0,176,1.5483870967741935,1.0402288808562632,0.9545454545454546,1.328927945459411e-05
qq3ikd28qf8,2019-08-01,0.7353333333333333,1.103,-0.3676666666666667,12.0,13.0,10.0,207,1.2140762463343107,0.35247289413984634,0.7536231884057971,0.00035091689523409557
qqcjkjbh4wx,2019-08-01,0.0,0.0,0.0,7.0,7.0,7.0,209,1.887741935483871,0.8537315019554387,0.9138755980861244,0.0009145557918763614
qqurosa4ee3,2019-08-01,0.9580000000000001,1.5966666666666667,-0.6386666666666666,4.0,6.0,1.0,160,0.469208211143695,0.6142001349830805,0.95,1.4144178452926473e-05
qscfwj0tdht,2019-08-01,1.900666666666667,1.900666666666667,0.0,7.0,5.0,3.0,188,1.2129032258064516,0.8365360351929716,0.9308510638297872,3.9599085179921125e-05
qtekfijfr87,2019-08-01,4.281833333333333,4.281833333333333,0.0,33.0,32.0,18.0,212,0.7941727367325703,0.37632169025898154,0.589622641509434,2.707952019158442e-05
qwhpv606396,2019-08-01,16.446500000000004,7.048500000000001,9.398000000000003,9.0,3.0,2.0,177,1.6313364055299537,1.2877522577543679,0.9661016949152542,7.113440495270407e-05
qxmzhs8ac4c,2019-08-01,4.777333333333334,7.166,-2.3886666666666665,7.0,9.0,3.0,212,0.7890818858560794,0.5238383830433857,0.8962264150943396,1.3190566808845605e-07
qxs7xw7ogqs,2019-08-01,2.002,1.232,0.7699999999999998,16.0,11.0,3.0,207,0.47695852534562205,0.29369026821897504,0.8260869565217391,3.2516116979519946e-06
qyip6iai67s,2019-08-01,2.032916666666667,2.750416666666667,-0.7175000000000002,27.0,33.0,10.0,212,0.47163515016685204,0.2953600294276323,0.5754716981132075,1.352150259081464e-05
qzin2ahgksv,2019-08-01,49.910000000000004,61.318000000000005,-11.408000000000001,70.0,78.0,35.0,212,0.7456537031454126,1.292657952751008,0.5990566037735849,0.019138921153462066
r0bsmqc1ppy,2019-08-01,7.48,8.5,-1.0199999999999996,63.0,69.0,19.0,212,0.45116487455197135,0.3366578169533372,0.5518867924528302,0.00013578356837851558
r0vyb1jdw4n,2019-08-01,6.498333333333333,5.57,0.9283333333333328,17.0,15.0,3.0,207,0.3338709677419355,0.41883778448219583,0.7729468599033816,0.00039404801182807046
r1xh37labnq,2019-08-01,1.08,1.08,0.0,13.0,11.0,5.0,211,0.7734604105571847,0.26928295165584554,0.8388625592417062,1.5913711405144925e-08
r298qnh1vp7,2019-08-01,4.429333333333334,4.429333333333334,0.0,11.0,9.0,2.0,201,0.39296187683284456,0.4242127441688725,0.8606965174129353,2.3244603452562866e-05
r2e6ucxfd15,2019-08-01,1.610666666666667,38.2533333333333,-36.642666666666635,57.0,39.0,49.0,210,1.8440860215053763,0.22961565745247203,0.4714285714285714,0.018259476372063925
r3i3i7tazh2,2019-08-01,1.5,1.5,0.0,10.0,13.0,6.0,186,0.972972972972973,1.3219883262828738,0.9086021505376344,0.00020181855207758938
r3ibo0orboi,2019-08-01,16.79,1.7033333333333331,15.086666666666666,135.0,73.0,66.0,209,1.2157588577472236,0.47124383820436794,0.33014354066985646,0.004545396492667423
r5w4qk6ynix,2019-08-01,0.4019999999999999,10.183999999999989,-9.78199999999999,34.0,27.0,31.0,206,1.73109243697479,0.7062247062342473,0.6262135922330098,0.10816477827197035
r5wd9k0azok,2019-08-01,3.975,3.5775,0.39749999999999996,18.0,13.0,8.0,208,0.8657648283038502,0.3810334679505589,0.7548076923076923,0.0022577371091148
r6gtxjl6iug,2019-08-01,29.747000000000003,22.650000000000002,7.097000000000001,197.0,150.0,0.0,181,0.0,0.2620699309582103,0.09944751381215469,0.01576315951926683
r7lfcl63dlc,2019-08-01,0.164,0.164,0.0,15.0,15.0,14.0,211,1.4660049627791563,0.7635411920025598,0.7630331753554502,0.0007319233851204753
r7n15vej0cd,2019-08-01,9.897666666666668,9.897666666666668,0.0,9.0,9.0,3.0,210,0.7007786429365962,0.6944810357116095,0.8761904761904762,4.0448459301035725e-05
r8uymqq4gyv,2019-08-01,14.449000000000002,14.449000000000002,0.0,6.0,3.0,0.0,212,0.0,0.973841973962566,0.9528301886792453,1.7670331655708379e-06
r96zz2ebndx,2019-08-01,2.9993333333333334,2.9993333333333334,0.0,20.0,9.0,0.0,135,0.0,0.8625821630986675,0.8666666666666667,0.056189774012770324
r9d2c7eefsy,2019-08-01,6.302333333333335,6.302333333333335,0.0,8.0,7.0,3.0,206,0.8306451612903225,0.5647960728700089,0.9029126213592233,6.439883131669906e-05
ra2zo1dzt17,2019-08-01,5.662,4.2465,1.4154999999999998,12.0,7.0,0.0,184,0.0,0.8001590197013406,0.907608695652174,0.0005334575087452141
ragxnfurw1c,2019-08-01,3.0750000000000006,1.7083333333333337,1.366666666666667,26.0,3.0,8.0,211,4.9501466275659824,2.3496031410931764,0.9478672985781991,0.7680771958331795
rays16href4,2019-08-01,5.4,4.140000000000001,1.2599999999999998,60.0,53.0,30.0,212,0.8805205593243804,0.5266462073620579,0.5141509433962265,0.0004540589788791275
rbk4hsfccr4,2019-08-01,3.448166666666667,3.448166666666667,0.0,17.0,19.0,13.0,212,0.9559486645855012,0.5743409036898359,0.7311320754716981,0.0003743382500151803
rbzgsdg0ryt,2019-08-01,2.9749999999999996,2.9749999999999996,0.0,6.0,7.0,4.0,211,1.2375366568914956,0.6700511857865169,0.9146919431279621,1.201369691421221e-06
rc378u6xaqj,2019-08-01,6.465666666666667,6.465666666666667,0.0,2.0,3.0,3.0,193,3.1129032258064515,1.1653189641015023,0.9740932642487047,3.917987406829162e-06
rcenzc3ev7z,2019-08-01,9.229833333333334,12.618000000000002,-3.3881666666666685,119.0,148.0,40.0,212,0.39992454253914356,1.4691525830993701,0.4528301886792453,0.00039480316734475567
rcu2hwo0v4n,2019-08-01,6.592833333333333,6.592833333333333,0.0,9.0,5.0,2.0,211,0.7562724014336917,0.7253955574581566,0.933649289099526,0.0002066095961470126
rcw5vyziwq7,2019-08-01,16.909999999999986,0.534,16.375999999999987,30.0,54.0,45.0,212,1.1314041745730552,0.4742731523884817,0.39622641509433965,0.00220981652015897
rex0qguzmpq,2019-08-01,3.916333333333333,3.6636666666666664,0.2526666666666668,31.0,29.0,0.0,115,0.0,0.3264087788316337,0.6,0.027977661114606072
rf31xi3vvk3,2019-08-01,3.085000000000001,3.085000000000001,0.0,9.0,7.0,6.0,189,1.6627565982404693,0.5326593266715295,0.8835978835978836,0.00037803246047425805
rfsisyfyu1f,2019-08-01,30.33225,30.33225,0.0,14.0,14.0,9.0,197,1.588709677419355,0.8498520581313308,0.8883248730964467,0.00040812455287744765
rfwburmkfdy,2019-08-01,10.71,8.010000000000002,2.6999999999999993,295.0,265.0,176.0,212,0.8628049485489653,0.45466100897365597,0.1650943396226415,0.10846991373884829
rh9q7gwbs0r,2019-08-01,7.722000000000001,7.722000000000001,0.0,73.0,73.0,19.0,212,0.3579489913800764,0.24677843008305111,0.2783018867924528,8.677807374641309e-07
rilt8nrf54t,2019-08-01,12.280000000000001,5.116666666666667,7.163333333333334,14.0,7.0,2.0,61,0.7870967741935484,0.6399991781717274,0.9344262295081968,0.05148055583874235
riw6k8n8me4,2019-08-01,9.919,0.763,9.156,45.0,21.0,19.0,183,1.3513408472600077,0.5601727235402522,0.6666666666666666,0.04219012701565225
rizblmtg1lt,2019-08-01,5.9785,1.2681666666666667,4.710333333333334,69.0,43.0,36.0,147,1.3336693548387097,0.9423825421513763,0.6530612244897959,0.029747079271636622
rjzd6eva3zv,2019-08-01,4.808,4.808,0.0,8.0,13.0,0.0,162,0.0,0.5171965560686941,0.7592592592592593,0.0002410540173596634
rliwjw1d7yz,2019-08-01,265.68333333333317,159.40999999999988,106.27333333333328,35.0,43.0,55.0,212,1.7576123002713293,0.31544441163914644,0.4339622641509434,0.0010915291859291056
rn4cmxkc4oa,2019-08-01,6.708,7.332,-0.6239999999999997,74.0,78.0,31.0,212,0.4711111111111111,0.19288120811410467,0.1792452830188679,7.67152456901053e-06
rn7g2k07poc,2019-08-01,2.134916666666667,2.134916666666667,0.0,7.0,7.0,9.0,179,2.8870967741935485,0.6640027332468229,0.9162011173184358,0.0003865134238129506
rnbvvc4kkw3,2019-08-01,6.405000000000001,3.4770000000000003,2.928000000000001,119.0,87.0,49.0,207,0.7680599727396639,0.39849927621842995,0.33816425120772947,0.0020322428422212993
ro3olpa58a4,2019-08-01,3.8653333333333335,6.541333333333333,-2.6759999999999997,64.0,73.0,51.0,145,1.175115207373272,0.751387363763597,0.496551724137931,0.037126918053826646
ro450z22pw2,2019-08-01,3.476666666666666,1.738333333333333,1.738333333333333,33.0,23.0,13.0,207,0.8427810836204197,0.42153737890576776,0.6473429951690821,0.00011799345064356484
rojanfalp4n,2019-08-01,3.9315000000000007,3.9315000000000007,0.0,2.0,3.0,0.0,199,0.0,0.956062325282972,0.9748743718592965,6.387845761707538e-06
ronjg6rk8o7,2019-08-01,0.0,0.2986666666666667,-0.2986666666666667,8.0,14.0,10.0,91,1.3978494623655913,0.806752549083823,0.8241758241758241,0.13784328651755867
rprxjn12bsb,2019-08-01,366.9659999999997,394.1486666666664,-27.18266666666665,39.0,35.0,93.0,212,3.831325301204819,0.27541957132585704,0.49056603773584906,0.0007997796176436778
rq25y2ei1qw,2019-08-01,2.424,2.828,-0.4039999999999999,28.0,30.0,16.0,209,0.8914956011730205,0.49119480456434605,0.6507177033492823,6.351042579244958e-06
rq2lbqjhwae,2019-08-01,1.241,1.6546666666666667,-0.4136666666666666,6.0,7.0,3.0,189,1.4069478908188586,0.574142742875564,0.9470899470899471,4.895882973918599e-06
rqbgvpzzxye,2019-08-01,2.0340000000000003,2.0340000000000003,0.0,16.0,11.0,4.0,205,0.5628002745367192,0.8614080575852394,0.848780487804878,0.0065264038946013245
rqyv4g3cz63,2019-08-01,5.2065,4.272,0.9344999999999999,39.0,32.0,0.0,165,0.0,0.5440389735376474,0.696969696969697,0.010261321928413726
rr4gzpoej32,2019-08-01,5.0633333333333335,5.0633333333333335,0.0,7.0,7.0,5.0,212,1.7096774193548385,0.5964256660014822,0.9198113207547169,9.857290886500966e-06
rrq3kvbh7me,2019-08-01,1.5983333333333334,1.9636666666666667,-0.3653333333333333,47.0,55.0,12.0,212,0.31563275434243176,0.27439499981296067,0.4386792452830189,6.028302658520283e-06
rswl3bfbx1w,2019-08-01,18.657999999999983,18.657999999999983,0.0,31.0,27.0,58.0,212,3.074768692173043,0.3511108606587134,0.6037735849056604,3.4795515772816066e-05
rt3k6xlj9nf,2019-08-01,15.092,12.805333333333333,2.286666666666667,202.0,108.0,136.0,212,1.5790569034448765,0.23507502621819917,0.12264150943396226,0.0002188330761308628
rtc397hfp5z,2019-08-01,10.66,5.774166666666667,4.885833333333333,29.0,18.0,5.0,206,0.4551480335837384,0.8576400368347329,0.7961165048543689,0.00010213094198968874
rtdzwzv1f7w,2019-08-01,10.753333333333332,10.753333333333332,0.0,29.0,25.0,38.0,76,2.587813620071685,0.16373294001164285,0.6973684210526315,0.0003006088300810288
rul1m3snoy2,2019-08-01,1.055,0.5275,0.5275,23.0,14.0,13.0,192,1.8724681170292574,0.9474061685600464,0.8541666666666666,0.00039600703157052216
rv3low0g1s5,2019-08-01,6.188,0.221,5.967,85.0,58.0,57.0,212,1.5108777194298573,0.3279521708655894,0.5801886792452831,1.2289531953314948e-06
rvy1hx9r1ky,2019-08-01,1.4885000000000002,0.8015,0.6870000000000002,58.0,40.0,19.0,211,0.7066807685527939,0.33697413299530316,0.6018957345971564,0.0012927961275996207
rx6yxaegf7t,2019-08-01,28.25933333333333,28.25933333333333,0.0,7.0,10.0,1.0,187,0.4308755760368664,0.8668599319605005,0.946524064171123,9.576789784564219e-05
ryfuu3gzva5,2019-08-01,0.7206666666666666,0.25066666666666665,0.4699999999999999,67.0,52.0,44.0,212,1.2804392587508582,0.5630057606789669,0.4811320754716981,0.003808692322219252
rypo8y0fjbo,2019-08-01,0.16849999999999998,6.402999999999993,-6.2344999999999935,20.0,17.0,19.0,210,1.7631462660185595,0.4321831587406197,0.7333333333333333,3.630121598935076e-05
ryv2hoyhz9a,2019-08-01,3.575,3.575,0.0,49.0,70.0,42.0,212,0.763898421413864,0.4064501044400533,0.3490566037735849,6.934937713964692e-05
ryzmgat3by0,2019-08-01,1.8893333333333333,89.74333333333325,-87.85399999999991,126.0,64.0,118.0,209,2.831133050166456,0.5071289305654985,0.45933014354066987,0.04834805215333122
s0rh3nq7ipa,2019-08-01,13.779499999999999,13.779499999999999,0.0,5.0,5.0,3.0,147,1.778225806451613,0.7811334658849434,0.9455782312925171,5.284381624706783e-08
s180qe7oipc,2019-08-01,0.38683333333333336,0.38683333333333336,0.0,8.0,18.0,20.0,212,2.0414058738565237,1.0135974691395764,0.8254716981132075,0.00042663428609317834
s2e8ub1p20e,2019-08-01,4.920999999999995,50.85033333333328,-45.92933333333329,226.0,170.0,232.0,210,1.914266629994892,0.5300386118599245,0.2714285714285714,0.0039554795726314375
s2qa3zl2ixs,2019-08-01,0.0,0.0,0.0,5.0,5.0,5.0,209,1.685483870967742,0.4526312144168932,0.9043062200956937,1.419913507795536e-06
s3dtch31hq0,2019-08-01,1.8828333333333334,1.027,0.8558333333333334,14.0,9.0,3.0,191,0.7393548387096774,1.2363915814902173,0.8952879581151832,0.012552254715625323
s5i3i2zojie,2019-08-01,5.0855,5.0855,0.0,4.0,3.0,6.0,107,4.141935483870967,0.6383105904580032,0.9532710280373832,0.0004094102290166994
s64mpfnqqdt,2019-08-01,1.5665000000000002,0.24100000000000002,1.3255000000000001,34.0,23.0,21.0,209,1.4903225806451612,0.6179101189649474,0.6985645933014354,0.014942612331603287
s69lqzjhum5,2019-08-01,3.3634999999999997,3.3634999999999997,0.0,21.0,21.0,0.0,186,0.0,0.48260142170470754,0.6720430107526881,0.0014935073761540222
s6im8utal75,2019-08-01,5.787,2.8935,2.8935,27.0,18.0,9.0,207,0.9105571847507333,0.41360100320290855,0.7584541062801933,0.0007920982521045528
s6nmf9ncaiq,2019-08-01,3.7933333333333334,3.7933333333333334,0.0,15.0,11.0,4.0,211,0.5556287030941408,0.889320971324537,0.8199052132701422,0.03032074523664697
s6xlflk7b6g,2019-08-01,8.559000000000001,8.559000000000001,0.0,7.0,12.0,0.0,129,0.0,0.9409761252865615,0.8992248062015504,0.02087461788041959
s72am8azm8f,2019-08-01,18.619999999999987,6.44,12.179999999999986,321.0,374.0,328.0,212,1.0899401235148436,0.22195517924623873,0.014150943396226415,0.002643081710596342
s7ay25e1v5l,2019-08-01,21.183,21.183,0.0,3.0,3.0,1.0,204,1.3161290322580645,1.330623033001695,0.9754901960784313,0.000557511023372966
s7cihvs286n,2019-08-01,4.131,1.296,2.835,68.0,30.0,17.0,210,0.9067818135636271,0.7300892148782993,0.6619047619047619,0.26158642706347124
s7usauuogef,2019-08-01,0.44416666666666665,25.31749999999998,-24.873333333333314,15.0,9.0,14.0,138,2.4929032258064514,0.42082157785837626,0.8333333333333334,0.0008179388332399243
s7vwnx2a6j4,2019-08-01,5.2815,4.2755,1.0060000000000002,26.0,22.0,5.0,210,0.33535611625678696,0.3660956988157575,0.6428571428571429,0.0005839265267966766
s85dr4p55d8,2019-08-01,13.847999999999999,10.386,3.4619999999999997,12.0,9.0,0.0,186,0.0,0.7358673464232318,0.8924731182795699,0.0003233268772777444
s8g9xr31doc,2019-08-01,10.152000000000001,10.152000000000001,0.0,15.0,13.0,0.0,157,0.0,0.5366721623148667,0.7898089171974523,0.010418072030471069
s8ucardnyek,2019-08-01,2.38,3.332,-0.952,23.0,32.0,11.0,212,0.5297592003634712,0.5010373537303917,0.6509433962264151,2.0217785423765e-05
s95pn2fup9z,2019-08-01,32.25933333333333,5.1321666666666665,27.127166666666664,44.0,7.0,0.0,177,0.0,1.6860625781814442,0.943502824858757,0.19321991760374468
s9dhkmhe470,2019-08-01,2.7855000000000003,2.7855000000000003,0.0,8.0,5.0,4.0,145,1.2473118279569892,0.6003353182439509,0.903448275862069,0.0018112947149591556
s9onhvwl53e,2019-08-01,5.454666666666667,5.454666666666667,0.0,4.0,3.0,1.0,212,0.9769585253456221,1.2241015892045608,0.9669811320754716,0.004300316612568036
sbi9czyvrc2,2019-08-01,11.223666666666666,11.223666666666666,0.0,16.0,14.0,2.0,211,0.23072717331875342,0.6728801794766427,0.8104265402843602,0.00014064522484897706
sblmz64pokl,2019-08-01,0.22983333333333333,0.197,0.032833333333333325,17.0,16.0,10.0,182,1.8346774193548385,0.5855101576421661,0.9230769230769231,3.807354682390987e-05
sbpiox2admu,2019-08-01,1.1239999999999999,21.355999999999977,-20.231999999999978,68.0,52.0,60.0,212,1.4975276665881798,0.3096144041755364,0.35377358490566035,0.00039703637193231077
sc47h88jxdh,2019-08-01,4.916333333333333,3.110333333333333,1.806,82.0,64.0,33.0,210,1.182795698924731,0.6413713504617522,0.7333333333333333,4.15465296239124e-05
sc8h9brb1l7,2019-08-01,2.3635,2.3635,0.0,37.0,26.0,15.0,202,0.9774193548387097,0.5553548374604156,0.7277227722772277,0.000552421410422269
scv3m02vo2j,2019-08-01,2.782,2.782,0.0,24.0,15.0,11.0,117,1.153225806451613,0.5323638616389531,0.7521367521367521,0.15623489284857256
sdpmbq9univ,2019-08-01,4.093333333333334,2.865333333333333,1.2280000000000006,14.0,11.0,4.0,30,0.5529953917050691,0.0,0.7666666666666667,0.4005573810639407
sdquri9k6xw,2019-08-01,5.889,17.213999999999984,-11.324999999999985,50.0,29.0,37.0,205,1.1877544628875667,0.9619887067918631,0.6292682926829268,1.4763381348674699e-05
sezh6rikrqk,2019-08-01,41.8253333333333,1.6510000000000002,40.174333333333294,20.0,34.0,28.0,203,1.2822016692984435,0.4605151047856088,0.5320197044334976,0.047662775699998675
sfzuual4byl,2019-08-01,7.779999999999999,7.779999999999999,0.0,11.0,13.0,7.0,187,1.4560622914349275,0.5455570174612144,0.9037433155080213,1.6094853649405787e-05
sh5tbw1ugx5,2019-08-01,4.285333333333334,2.4105000000000003,1.8748333333333336,30.0,23.0,14.0,82,0.9495450785773366,0.3686339053299506,0.6829268292682927,0.3120718140201752
shemso7s7xy,2019-08-01,6.6080000000000005,6.6080000000000005,0.0,8.0,11.0,8.0,209,1.2543135783945987,0.43143848524040895,0.8325358851674641,0.00014993303380878657
shq68xeyh1k,2019-08-01,1.6275,1.519,0.10850000000000004,37.0,36.0,22.0,203,0.8327428677978744,0.2826958582213511,0.5221674876847291,3.235059249960628e-05
shxywzq3suv,2019-08-01,47.024999999999956,97.18499999999992,-50.15999999999996,63.0,47.0,78.0,203,2.5161290322580645,0.4257125720725814,0.5467980295566502,0.0005243358929345145
sindmz0kc3l,2019-08-01,49.44,18.400000000000002,31.039999999999996,818.0,624.0,509.0,212,1.0142491916685463,0.2654863633026548,0.0,0.0029317032414832816
sirghdeuuae,2019-08-01,13.488,49.736999999999995,-36.248999999999995,111.0,197.0,79.0,167,0.7559158883859508,0.9500902114727594,0.32335329341317365,0.0030040570669613385
siwf0wjg4vg,2019-08-01,7.743000000000001,7.743000000000001,0.0,3.0,5.0,1.0,187,0.5026881720430106,0.5316325786365023,0.9411764705882353,0.00022806913787027562
skp62px8eii,2019-08-01,35.0595,35.0595,0.0,25.0,19.0,15.0,182,1.1290322580645162,0.6443762443385813,0.7307692307692307,0.014892264631671183
sldylog4xuq,2019-08-01,3.1413333333333338,1.1146666666666667,2.0266666666666673,176.0,114.0,114.0,212,1.295038045225592,0.31202656669166545,0.14622641509433962,0.1730551424262713
sltbzns1ozr,2019-08-01,2.874666666666667,4.928000000000001,-2.0533333333333337,13.0,18.0,6.0,203,0.6893039049235993,0.6121305879870007,0.8374384236453202,4.356172548520173e-05
slwf3djr1aq,2019-08-01,2.8510000000000004,2.8510000000000004,0.0,5.0,9.0,4.0,211,0.7358326068003487,0.5599933938431841,0.8578199052132701,0.000460438995416402
snuqs2jp7cj,2019-08-01,0.8298333333333334,0.9575000000000001,-0.1276666666666667,14.0,16.0,1.0,194,0.1490015360983103,0.7188190938711347,0.845360824742268,0.0025802111447642607
sojguzn5n1y,2019-08-01,52.160000000000004,52.160000000000004,0.0,12.0,9.0,11.0,161,1.9699666295884317,0.5943437090139376,0.8633540372670807,0.006572185114359679
spnvnr14hl0,2019-08-01,3.24,3.24,0.0,4.0,3.0,0.0,168,0.0,0.777499950379102,0.9583333333333334,0.0001884223960416825
sqerjw0a7vo,2019-08-01,20.38666666666667,20.38666666666667,0.0,8.0,11.0,2.0,136,0.35096774193548386,0.4679705458757531,0.8455882352941176,0.028071282215712368
srmsqmx55m3,2019-08-01,1.7710000000000001,0.2951666666666667,1.4758333333333336,24.0,19.0,18.0,208,1.3882091212458287,0.2961602008644018,0.6682692307692307,0.00010079800824955164
srpuhjgxqiy,2019-08-01,0.9325000000000001,0.9325000000000001,0.0,0.0,3.0,1.0,209,0.48156682027649766,2.003583780308334,0.9569377990430622,0.0024983151442235993
ss5hlqjr2fq,2019-08-01,6.535833333333334,6.535833333333334,0.0,6.0,7.0,20.0,135,4.838709677419355,1.0364849451801452,0.9037037037037037,0.03166093347990881
ss7o9g5aqsr,2019-08-01,5.736000000000001,4.063000000000001,1.673,25.0,18.0,1.0,157,0.10129032258064516,0.6928307809295875,0.802547770700637,0.00022232299017743034
ssxm8lq45hq,2019-08-01,5.6565,5.6565,0.0,11.0,11.0,2.0,209,0.3548387096774193,0.742393320320794,0.84688995215311,0.0019858034313615346
stezuqbtana,2019-08-01,11.679666666666668,11.679666666666668,0.0,4.0,5.0,1.0,197,0.3738140417457306,0.6080450101236233,0.9137055837563451,2.2097923896098343e-06
sutn2jnovny,2019-08-01,4.708666666666668,3.6996666666666673,1.0090000000000003,14.0,11.0,0.0,198,0.0,0.4709520797037416,0.8434343434343434,2.6495707300874463e-06
suwqatx0vf6,2019-08-01,7.904166666666667,7.904166666666667,0.0,0.0,3.0,0.0,168,0.0,2.852789565407562,0.9880952380952381,0.00012278014893467258
svm0guwd0lt,2019-08-01,32.88933333333333,28.778166666666667,4.111166666666666,9.0,3.0,1.0,188,1.010752688172043,1.394433377556792,0.973404255319149,5.845162777133694e-06
swii99814mc,2019-08-01,14.377333333333334,14.377333333333334,0.0,56.0,29.0,0.0,103,0.0,0.731820056166961,0.6601941747572816,0.14149427071684456
sz1e58xaur4,2019-08-01,0.6855000000000001,73.80549999999994,-73.11999999999993,46.0,26.0,43.0,210,2.206744868035191,0.4961772388283069,0.5761904761904761,0.0036664574193252114
t0chze7rg87,2019-08-01,5.4805,1.356,4.1245,151.0,78.0,54.0,211,0.2385129053191267,1.787866472708598,0.41232227488151657,1.9510455223741255e-05
t2jllg00mz4,2019-08-01,1.6340000000000003,1.7701666666666669,-0.13616666666666655,32.0,33.0,20.0,212,0.9911173445535297,0.4680210634650908,0.6179245283018868,0.0002146982709203928
t2uqrxpbuvs,2019-08-01,5.042666666666666,4.229333333333333,0.8133333333333335,37.0,32.0,6.0,57,0.31520737327188936,0.22296784472314124,0.631578947368421,0.11151384483481991
t4aer637pyn,2019-08-01,0.0,0.0,0.0,7.0,7.0,7.0,201,2.161290322580645,0.7057411592249314,0.9154228855721394,0.0001833029811747404
t4d6zu1vn7u,2019-08-01,2.157,2.157,0.0,0.0,3.0,0.0,179,0.0,3.7454446181359606,0.9776536312849162,1.3557709949225596e-07
t50ayjodadx,2019-08-01,17.7155,4.8315,12.883999999999999,11.0,3.0,0.0,135,0.0,1.1865730105952559,0.9555555555555556,0.006800999038236618
t68wp8ymln4,2019-08-01,6.583500000000001,6.583500000000001,0.0,28.0,18.0,26.0,210,2.628791526239769,0.5724778630505262,0.780952380952381,0.009674688791785912
t720w7d086c,2019-08-01,3.3166666666666664,3.3166666666666664,0.0,6.0,5.0,3.0,208,1.5483870967741935,0.6422518116875603,0.9423076923076923,8.64701100983639e-06
t7wuhurc687,2019-08-01,1.602,1.2460000000000002,0.35599999999999987,9.0,7.0,0.0,191,0.0,1.0863056709421952,0.9109947643979057,0.00047877172675631
t8aiukrs5pu,2019-08-01,3.2900000000000005,3.2900000000000005,0.0,15.0,9.0,0.0,193,0.0,0.9764075891166466,0.8756476683937824,0.0033101161897388168
t97wb22pj22,2019-08-01,47.02499999999996,17.5725,29.45249999999996,300.0,381.0,310.0,212,1.0860655737704918,0.21834484217003605,0.0047169811320754715,0.00012107025357236168
tb6j750klhi,2019-08-01,4.25,4.25,0.0,16.0,16.0,5.0,211,0.6945358788676761,0.5072057067398792,0.8436018957345972,1.0748167390542068e-05
tc8oirgjnfl,2019-08-01,1.3065000000000002,1.3065000000000002,0.0,9.0,7.0,0.0,151,0.0,0.5607563020526708,0.9072847682119205,0.002044644009702362
tfbyp40lgp1,2019-08-01,1211.7439999999988,1224.3663333333322,-12.622333333333472,22.0,21.0,118.0,212,8.867777383906416,0.3420551587350479,0.6981132075471698,1.7415875672144083e-06
tfo7a2metru,2019-08-01,128.91066666666669,128.91066666666669,0.0,20.0,93.0,11.0,212,0.20386397412361223,1.3729150489111053,0.5707547169811321,0.10396314559108671
th208c83pi6,2019-08-01,8.134,1.328,6.806,216.0,52.0,20.0,196,1.062618595825427,1.392280647266597,0.8571428571428571,0.002359015014547647
thccwkmpimv,2019-08-01,2.8850000000000002,2.8850000000000002,0.0,10.0,9.0,5.0,211,0.8726220016542597,0.39065674690425717,0.8530805687203792,5.191106813143004e-07
thw7rnsb945,2019-08-01,0.6283333333333334,125.35249999999992,-124.72416666666659,39.0,16.0,37.0,188,4.315136476426799,0.5547824084609749,0.824468085106383,0.09417509652853295
tjedn3yimkr,2019-08-01,8.213666666666667,8.213666666666667,0.0,30.0,20.0,5.0,212,0.42741935483870963,0.8603466618079376,0.7877358490566038,0.000886256185101939
tjindtgn33w,2019-08-01,7.222833333333335,16.3835,-9.160666666666668,41.0,93.0,0.0,172,0.0,0.9788662507282635,0.5872093023255814,0.004748422199603835
tm619ssrzlk,2019-08-01,6.3495,11.322,-4.972499999999999,247.0,312.0,164.0,210,0.9017595307917888,1.1746310247741882,0.38571428571428573,0.010336796328643628
tn2edk9v92u,2019-08-01,3.2573333333333334,3.2573333333333334,0.0,55.0,53.0,55.0,211,1.4073490177055543,0.1562692842257024,0.33649289099526064,8.797114459476397e-07
tnoecascpht,2019-08-01,12.4135,12.4135,0.0,81.0,50.0,39.0,212,1.1545873481357354,0.6722729096853016,0.49056603773584906,0.0016542441944291067
todkyo1ob5y,2019-08-01,2.5815,2.007833333333333,0.573666666666667,13.0,11.0,4.0,164,0.6412512218963832,0.27185929596577035,0.8170731707317073,0.00012695497863512422
toh0js3ogld,2019-08-01,7.897500000000001,7.897500000000001,0.0,11.0,7.0,8.0,49,1.8064516129032258,0.2851576386715488,0.8571428571428571,0.13523701095679996
tot26zadpk0,2019-08-01,1.362,1.8160000000000003,-0.4540000000000002,15.0,18.0,6.0,167,0.6596445029624753,0.4915689136680146,0.7724550898203593,0.004640133489926935
tp8xqpd3i44,2019-08-01,0.7806666666666667,0.39033333333333337,0.39033333333333337,18.0,14.0,16.0,212,2.1883870967741936,0.5335707106008164,0.8160377358490566,0.000395930465188257
tpgt6yn0dfs,2019-08-01,1.9969999999999999,1.9969999999999999,0.0,4.0,5.0,8.0,84,3.6129032258064515,0.2853268557339805,0.9285714285714286,0.0008384077184654653
tqe3h8lyds3,2019-08-01,8.116166666666667,14.523666666666667,-6.407500000000001,22.0,37.0,3.0,212,0.12068311195445919,0.607882140644152,0.5613207547169812,0.018006590392999875
tqvs671336m,2019-08-01,8.379000000000001,6.468000000000001,1.9110000000000005,241.0,215.0,127.0,212,0.24603856346522887,1.6350502716934843,0.07075471698113207,8.691994234921001e-06
tw8vdxuucyv,2019-08-01,5.940000000000001,7.524000000000002,-1.5840000000000005,18.0,22.0,3.0,97,0.4693548387096774,0.30475506489459797,0.8865979381443299,0.0013515180242272484
twqome2qm6r,2019-08-01,2.4795000000000003,2.4795000000000003,0.0,18.0,19.0,7.0,212,0.5698924731182795,0.5512264802191651,0.7169811320754716,0.006123399220945804
txklxxdmssp,2019-08-01,0.7233333333333334,12.761666666666656,-12.038333333333323,107.0,80.0,93.0,212,1.6434108527131783,0.45305604339098365,0.33962264150943394,0.02043949737651078
txyavvgans3,2019-08-01,2.178166666666667,0.9335000000000001,1.2446666666666668,13.0,9.0,6.0,209,1.3948832035595105,0.749484986883973,0.8947368421052632,2.905063466126878e-05
ty2n54rqne9,2019-08-01,1.0491666666666668,0.20983333333333334,0.8393333333333335,18.0,14.0,13.0,96,1.6774193548387097,0.6555340265730913,0.8020833333333334,0.06189809610552982
tyfoaw4287i,2019-08-01,5.134,5.134,0.0,5.0,3.0,0.0,205,0.0,1.1447440689546495,0.9658536585365853,4.1133861641730536e-06
tyk3hme559h,2019-08-01,26.186666666666667,35.02466666666667,-8.838000000000001,80.0,107.0,0.0,211,0.0,1.1427080104263045,0.6777251184834123,0.0030467791170145147
tztah005p7c,2019-08-01,9.676333333333334,8.294,1.3823333333333334,18.0,15.0,4.0,212,0.441207075962539,0.5174010686319389,0.7735849056603774,0.003121935324777215
u0tonkcx9rf,2019-08-01,57.441,57.441,0.0,27.0,25.0,16.0,209,1.0273425499231952,0.3648078785295937,0.645933014354067,0.00012877677158640397
u0vdh6oyaid,2019-08-01,1.203,1.203,0.0,7.0,7.0,3.0,197,1.00339558573854,0.5744963205745662,0.9187817258883249,6.504877733215623e-06
u0wojhnn21v,2019-08-01,0.438,224.6939999999998,-224.2559999999998,305.0,81.0,297.0,117,5.994307400379506,0.7714802826866487,0.5897435897435898,0.7070984327347243
u1iuh965rmf,2019-08-01,5.9395,9.616333333333333,-3.6768333333333336,39.0,52.0,18.0,212,0.5086643561716876,0.3702867465813928,0.4528301886792453,3.398285350085385e-05
u1l5zhwy7dd,2019-08-01,5.1738333333333335,0.13983333333333334,5.034,104.0,68.0,67.0,203,1.4244868035190617,0.642288847589117,0.47783251231527096,0.009010826757350847
u206llze4bo,2019-08-01,6.805499999999999,6.805499999999999,0.0,6.0,7.0,2.0,196,0.9727047146401985,0.669637678290915,0.9489795918367347,8.584548419434909e-05
u3bota62cms,2019-08-01,0.48083333333333333,0.48083333333333333,0.0,25.0,21.0,32.0,212,2.378681626928471,0.32876158253122034,0.6792452830188679,0.00013662431769749563
u3jnupya6kz,2019-08-01,2.46,2.46,0.0,6.0,3.0,5.0,183,3.279569892473118,0.8127862619996256,0.9562841530054644,5.686720287493907e-05
u3w6lbh4fnq,2019-08-01,383.5719999999997,383.5719999999997,0.0,14.0,9.0,70.0,208,13.046594982078854,0.6448763298916087,0.8653846153846154,0.00010112733792541497
u53nivr9avc,2019-08-01,11.864,11.864,0.0,10.0,11.0,4.0,210,0.7130730050933786,0.5202489382312113,0.8476190476190476,1.620113942155148e-05
u53qppx0nff,2019-08-01,5.182666666666668,2.591333333333334,2.591333333333334,31.0,16.0,5.0,32,0.5734767025089605,0.0565685424949238,0.8125,0.24620247918624938
u69qzkart1g,2019-08-01,11.653333333333336,11.653333333333336,0.0,3.0,3.0,0.0,198,0.0,1.7179514434503704,0.9797979797979798,0.0001462168239923335
u7uqt1wi7l8,2019-08-01,7.28,7.28,0.0,7.0,7.0,1.0,206,0.2658064516129032,0.6537813930744779,0.8883495145631068,1.8504619493917503e-05
u8l816re9hj,2019-08-01,1.6680000000000001,3.753,-2.085,12.0,22.0,4.0,117,0.4440227703984819,0.844970966713401,0.8376068376068376,0.0313955955240125
u8nedw0cbhp,2019-08-01,249.13433333333307,289.62966666666637,-40.49533333333329,573.0,527.0,856.0,212,2.295660974067046,0.22200253765552422,0.29245283018867924,1.8481745264117503e-05
u97zonp79w7,2019-08-01,2.880666666666667,2.880666666666667,0.0,6.0,7.0,3.0,109,0.879032258064516,0.42372331326953533,0.8990825688073395,0.04853453373450619
ubm9yjwk73o,2019-08-01,10.4375,23.519166666666667,-13.081666666666667,389.0,483.0,314.0,212,0.8255881732832285,0.2765361785711718,0.014150943396226415,0.0005790953716366331
ubsxsrkaqfv,2019-08-01,9.248333333333333,9.248333333333333,0.0,29.0,3.0,3.0,208,2.5161290322580645,2.3090193260200063,0.9759615384615384,0.003090289648798328
udbr9q44r38,2019-08-01,4.515666666666667,5.3475,-0.831833333333333,102.0,109.0,64.0,212,1.0202270847432138,1.026024102918462,0.46226415094339623,0.0010922990846823925
ufkyenqooxb,2019-08-01,1.159666666666667,0.6626666666666668,0.4970000000000002,19.0,16.0,12.0,211,1.3843630399125204,0.49103225031319725,0.8009478672985783,0.00019888325729426178
ug070971an5,2019-08-01,2.3546666666666667,0.29433333333333334,2.0603333333333333,35.0,21.0,19.0,199,1.6048387096774195,0.6150811762354906,0.7336683417085427,0.004678848345347741
ug39cj2kulu,2019-08-01,3.555,3.555,0.0,51.0,49.0,50.0,212,1.493168051838287,0.24578419510348937,0.44339622641509435,5.9654604036252286e-05
ug70m9vq8ke,2019-08-01,13.311,16.269000000000002,-2.958000000000002,18.0,22.0,0.0,194,0.0,0.7695853288879292,0.8917525773195877,2.5415280757043627e-05
ug9p0s2splh,2019-08-01,13.05,13.05,0.0,5.0,11.0,5.0,209,0.842741935483871,0.6266654620746581,0.8421052631578947,0.0005517570023400514
ugi065x2msa,2019-08-01,10.572333333333333,7.814333333333334,2.757999999999999,91.0,79.0,45.0,208,0.7862903225806451,0.4583543154104467,0.42788461538461536,0.0015647124943236118
uhmrrrgrgr1,2019-08-01,2.139666666666667,2.139666666666667,0.0,19.0,19.0,8.0,209,0.642089093701997,0.31365936777298925,0.6842105263157895,0.000802433121015426
ukdxyl18d6i,2019-08-01,4.26,4.26,0.0,14.0,9.0,2.0,212,0.3599320882852292,0.648495526651828,0.8584905660377359,0.0004731399849855706
ukgzjwr1qj2,2019-08-01,5.408333333333333,1.7208333333333334,3.6875,35.0,20.0,13.0,204,1.357910906298003,0.9340770846134702,0.7941176470588235,0.06662885012051063
unitkt5meko,2019-08-01,1.859,1.859,0.0,2.0,3.0,4.0,210,2.2580645161290325,1.3483421950930197,0.9571428571428572,6.111127094312123e-05
uod9q42v804,2019-08-01,0.5093333333333333,0.5093333333333333,0.0,7.0,5.0,6.0,201,1.7683284457478006,0.7419344495801835,0.9203980099502488,6.045755971382398e-06
up48m1pqqaj,2019-08-01,6.478333333333334,5.182666666666668,1.2956666666666665,265.0,239.0,135.0,212,0.7463426082874801,0.4433369541205172,0.08018867924528301,0.033795514557517406
uq3ofy0qifi,2019-08-01,11.299166666666668,11.299166666666668,0.0,17.0,14.0,4.0,198,0.5806451612903226,0.6347008627397435,0.8232323232323232,0.0001610474936502052
uqjmjluta5u,2019-08-01,3.2503333333333333,0.0,3.2503333333333333,11.0,3.0,4.0,201,2.593548387096774,1.0551573885189711,0.9601990049751243,0.017862193992483632
uqvpgx61azu,2019-08-01,1.1921666666666668,1.1921666666666668,0.0,61.0,61.0,38.0,178,0.9284831846259437,0.2319347617139614,0.3707865168539326,0.00030744144621896243
urceg4zzb8u,2019-08-01,3.4090000000000003,3.8960000000000004,-0.4870000000000001,22.0,23.0,15.0,194,1.0547299746284886,0.4712500772998879,0.6752577319587629,0.006531260584261134
usxvxj65tfg,2019-08-01,0.52,0.6933333333333334,-0.17333333333333334,43.0,45.0,37.0,206,1.1382915173237755,0.2701722169310627,0.46116504854368934,0.0016997452414961851
utc5vlr81gm,2019-08-01,5.942,5.942,0.0,14.0,3.0,2.0,47,1.5161290322580645,0.2170055592430348,0.9574468085106383,0.180654872231026
uu8htwli71a,2019-08-01,7.650000000000001,7.650000000000001,0.0,9.0,11.0,1.0,211,0.14180107526881722,0.5107451822214523,0.8151658767772512,0.00010563966269524888
uutkkj4n9sn,2019-08-01,7.145,7.145,0.0,7.0,5.0,3.0,87,1.403225806451613,0.39488114977671385,0.9310344827586207,0.05489844011960742
uv10gf491qg,2019-08-01,6.599666666666668,6.599666666666668,0.0,6.0,3.0,4.0,170,3.6559139784946235,1.0061570453959954,0.9647058823529412,0.00039694952737511326
uvg4dfa5yux,2019-08-01,18.85216666666667,18.85216666666667,0.0,2.0,3.0,1.0,212,1.367741935483871,1.1778526777732146,0.9764150943396226,8.854126019947394e-06
uw6h52qy2mo,2019-08-01,2.8906666666666667,2.348666666666667,0.5419999999999998,32.0,29.0,16.0,210,0.895761130365236,0.4724070924109516,0.6190476190476191,0.002790347284636415
uysrpegkkax,2019-08-01,3.400166666666667,2.5131666666666668,0.887,191.0,185.0,168.0,212,1.3909240021869873,0.24016880948326894,0.33490566037735847,6.41911009967677e-07
uyxuwmc8a8h,2019-08-01,1.1576666666666668,0.8305000000000001,0.3271666666666667,46.0,33.0,0.0,208,0.0,0.46684778783211583,0.6105769230769231,0.004872838945689391
v08j1y4sjq9,2019-08-01,13.891333333333334,2.6953333333333336,11.196,221.0,113.0,87.0,209,1.1066950699939135,0.36650560491932854,0.20095693779904306,0.006161369431663752
v0p9ge9vdnd,2019-08-01,2.2725,2.2725,0.0,7.0,7.0,1.0,200,0.25806451612903225,0.5136121078624839,0.885,0.00011595247288259925
v209gli552i,2019-08-01,3.168666666666667,3.168666666666667,0.0,11.0,11.0,11.0,212,1.8806451612903226,0.4252669070160997,0.8490566037735849,4.057228810704044e-05
v3nnv8mr259,2019-08-01,0.4613333333333334,0.34600000000000003,0.11533333333333334,56.0,54.0,48.0,212,1.3289800182839233,0.22629767495785136,0.49056603773584906,1.4501100502935414e-05
v4hz3n608zf,2019-08-01,0.8150000000000001,0.163,0.652,30.0,26.0,25.0,212,1.3462026924053847,0.5302240548726496,0.5801886792452831,0.007206238039848537
v57yc9sslod,2019-08-01,7.9425,4.765499999999999,3.1770000000000005,16.0,7.0,1.0,49,0.26344086021505375,0.16982723156651974,0.9183673469387755,0.3884339013918733
v5erxhi28m0,2019-08-01,8.88,114.82333333333324,-105.94333333333324,294.0,173.0,222.0,211,1.270842942022301,0.7087375547453609,0.08530805687203792,1.4259958449386065e-05
v6zt9egdxu5,2019-08-01,2.6485000000000003,2.6485000000000003,0.0,7.0,9.0,10.0,200,2.0811654526534857,0.6019143737402969,0.885,2.3907497645302675e-05
v7zk1zh72vj,2019-08-01,48.44999999999996,102.71399999999991,-54.26399999999995,381.0,297.0,456.0,212,2.0002896811438267,0.2394342018541604,0.09433962264150944,0.013527507437992732
v95g54i3mn0,2019-08-01,21.719333333333335,21.719333333333335,0.0,2.0,0.0,1.0,132,4.258064516129032,10.099504938362083,0.9924242424242424,
vb8w9ra48df,2019-08-01,2.8560000000000003,2.8560000000000003,0.0,22.0,26.0,10.0,207,0.6546489563567361,0.7662524536482329,0.7439613526570048,0.04336356865411877
vbe22x8cxm8,2019-08-01,31.823000000000004,57.86000000000001,-26.037000000000003,44.0,80.0,0.0,188,0.0,0.8719620120976749,0.723404255319149,0.0006084670586374213
vbvmk9ope2l,2019-08-01,3.222666666666667,3.222666666666667,0.0,77.0,77.0,67.0,212,1.123023402909551,0.3569269684997493,0.20754716981132076,0.021810727270418287
vei7nch8dgm,2019-08-01,7.513999999999999,7.802999999999999,-0.2889999999999997,52.0,54.0,0.0,184,0.0,0.40308059408994135,0.5869565217391305,0.016696946248447146
vfay9jbgjem,2019-08-01,1.0058333333333334,1.0058333333333334,0.0,8.0,5.0,10.0,212,3.1085043988269794,0.9471976629004332,0.910377358490566,0.010031582987601912
vgy2kd0p4wl,2019-08-01,0.8233333333333335,34.41533333333331,-33.59199999999998,83.0,64.0,78.0,212,1.6213354250416707,0.6884339798444974,0.37735849056603776,0.02705371755956069
vgzzt6m1274,2019-08-01,1.4240000000000002,1.4240000000000002,0.0,7.0,5.0,6.0,208,2.236559139784946,0.6620015840894994,0.9230769230769231,4.281153479771922e-05
vjizmsw9fji,2019-08-01,8.865,8.865,0.0,2.0,3.0,1.0,155,1.6666666666666665,1.0322663273069619,0.9806451612903225,0.00018061767745912078
vjlohs8bd1c,2019-08-01,2.7479999999999998,2.7479999999999998,0.0,0.0,3.0,2.0,210,2.2580645161290325,1.7343199498399888,0.9714285714285714,5.026544906864806e-06
vlrn3qicryw,2019-08-01,1.4275000000000002,1.6178333333333335,-0.19033333333333324,28.0,30.0,13.0,211,0.6187683284457478,0.19781908609196933,0.5213270142180095,4.331957319735205e-08
vlverirxc1z,2019-08-01,4.929166666666667,5.763333333333334,-0.8341666666666665,41.0,76.0,0.0,212,0.0,0.3582018631491153,0.3867924528301887,0.012031881734048486
vlxl5ihr3pl,2019-08-01,4.375,0.625,3.75,34.0,16.0,13.0,208,1.6152927120669056,1.2887349021148586,0.8461538461538461,0.06606567569881304
vm2p8db58an,2019-08-01,1.6776666666666669,1.6776666666666669,0.0,38.0,26.0,24.0,209,1.6854838709677418,0.6223299487918476,0.7272727272727273,0.027795062606481628
vnezlsd6e32,2019-08-01,3.2746666666666666,3.2746666666666666,0.0,3.0,9.0,0.0,212,0.0,0.819645682799263,0.8773584905660378,0.004362335057528091
vo1y10qjcu5,2019-08-01,1.635,1.635,0.0,16.0,20.0,11.0,208,1.0543778801843318,0.531652268472533,0.7932692307692307,0.0007608459265840414
voe6xpv89uh,2019-08-01,1.2180000000000002,1.2180000000000002,0.0,43.0,35.0,52.0,196,2.909506137596346,0.6578162135435718,0.7551020408163265,0.00010744640294017649
vooeltwk2r8,2019-08-01,5.226000000000001,5.226000000000001,0.0,17.0,13.0,3.0,60,0.6451612903225806,0.48731923894353474,0.9166666666666666,0.0917476886730112
voryhkspcda,2019-08-01,2.5141666666666667,2.5141666666666667,0.0,7.0,5.0,2.0,210,0.6451612903225806,0.5649816039903239,0.9095238095238095,5.3171779369962404e-06
vp7fhklesec,2019-08-01,1.4580000000000002,1.4580000000000002,0.0,8.0,7.0,4.0,199,1.2227342549923195,0.6061364207372939,0.8994974874371859,0.0002336737895126663
vpx3d13rjnz,2019-08-01,7.593666666666667,7.593666666666667,0.0,6.0,5.0,5.0,211,1.8906810035842292,0.7616095311442761,0.9241706161137441,3.1922543319624517e-06
vsbvikzudaf,2019-08-01,44.168,129.7435,-85.5755,18.0,49.0,2.0,200,0.0648403306856865,3.6678135041028885,0.945,0.000339561299500731
vt73tnxwzp4,2019-08-01,1.5070000000000001,7.808999999999994,-6.301999999999994,70.0,42.0,48.0,211,1.8150537634408601,0.595300288968962,0.6303317535545023,0.0008189478339236018
vu5zkybdr3z,2019-08-01,6.5945,6.5945,0.0,9.0,9.0,2.0,113,0.42884250474383295,0.4734978709758727,0.8938053097345132,0.011873907708372409
vujco18pgzx,2019-08-01,6.016,3.384,2.632,75.0,35.0,27.0,208,1.0783410138248848,0.6884601454303974,0.5528846153846154,0.046943048803966575
vvcfsh674m7,2019-08-01,1.7733333333333334,1.7733333333333334,0.0,14.0,13.0,6.0,212,0.7327188940092165,0.27569619004921947,0.7877358490566038,2.2355060551950344e-05
vvck8ovelhn,2019-08-01,1.6965000000000001,1.1745,0.522,13.0,9.0,0.0,207,0.0,0.7771014525769117,0.8985507246376812,0.0005090675298671521
vx9nsdciqsw,2019-08-01,95.18999999999993,9.518999999999991,85.67099999999994,97.0,124.0,127.0,212,1.4974416017797552,0.6518891897468769,0.330188679245283,0.00045402229790986095
vym705m6y8l,2019-08-01,25.253999999999998,8.901,16.352999999999998,278.0,199.0,156.0,212,0.9832614835736584,0.22865165610883803,0.03773584905660377,0.011585870978676704
vz6dqdtt943,2019-08-01,5.404666666666667,4.422000000000001,0.9826666666666668,15.0,5.0,4.0,137,1.4731182795698923,0.7389902916825928,0.9197080291970803,0.0005540952854391954
vzfrvw2z8m8,2019-08-01,4.982666666666668,4.982666666666668,0.0,47.0,36.0,32.0,211,1.1967387451258418,1.3107221179310584,0.8056872037914692,1.9241271486672343e-05
vzh8b26iuaz,2019-08-01,7.973333333333334,7.973333333333334,0.0,16.0,18.0,10.0,211,1.0009487666034156,0.6880646228416935,0.7772511848341233,0.0054168816701014606
w100iwcx1w0,2019-08-01,4.207666666666667,61.49666666666662,-57.28899999999995,97.0,51.0,71.0,212,1.8674937965260547,0.4207408154864667,0.4528301886792453,0.048936156644605704
w1uociq1edt,2019-08-01,3.9488333333333294,0.0,3.9488333333333294,26.0,27.0,27.0,212,1.431357839459865,0.5065537330441838,0.6745283018867925,0.00121235972604542
w2k9og4qtp9,2019-08-01,1.7908333333333335,1.0233333333333334,0.7675000000000001,8.0,5.0,1.0,210,0.3565365025466893,0.5406913537679771,0.919047619047619,1.672508078160323e-07
w2r7qwk03in,2019-08-01,5.153333333333333,5.153333333333333,0.0,7.0,3.0,0.0,181,0.0,1.8949987884331918,0.9834254143646409,3.8473074502131666e-05
w2t6knpb9hb,2019-08-01,1.5166666666666666,1.5166666666666666,0.0,5.0,7.0,2.0,210,0.5890603085553997,0.564057493055109,0.8952380952380953,0.0010584943354204712
w33v3ov1fbf,2019-08-01,25.219333333333317,29.804666666666645,-4.5853333333333275,44.0,42.0,55.0,212,1.8170484650148044,0.2603246994461675,0.49056603773584906,7.826304179684863e-06
w3hs0mki34h,2019-08-01,10.015,10.015,0.0,2.0,3.0,1.0,212,2.279569892473118,1.783347377504579,0.9858490566037735,6.199600460942757e-06
w4lyq806a7i,2019-08-01,7.712000000000001,80.13249999999994,-72.42049999999993,191.0,92.0,127.0,210,2.0730664593859305,0.6657976279397738,0.4714285714285714,0.13361393620614637
w4r2d9xzixg,2019-08-01,1.4525000000000001,0.6225,0.8300000000000001,21.0,9.0,0.0,162,0.0,0.6718090950629008,0.8641975308641975,0.02344403567303444
w4tka38pljn,2019-08-01,2.3403333333333336,2.5468333333333337,-0.20650000000000013,34.0,37.0,0.0,197,0.0,0.4850592605718138,0.6751269035532995,0.0003708661332007426
w5hx4nweg13,2019-08-01,1.0873333333333335,1.0873333333333335,0.0,14.0,13.0,13.0,212,1.5328142380422694,0.3535673006169742,0.7783018867924528,2.494173628865177e-06
w5jwspwzl8j,2019-08-01,8.166,8.166,0.0,11.0,5.0,2.0,64,1.032258064516129,0.48007160924178793,0.9375,0.15046351963029914
w6782xxl0jm,2019-08-01,1.5605000000000002,1.5605000000000002,0.0,6.0,3.0,3.0,65,2.096774193548387,0.486016747526431,0.9538461538461539,0.011347503696268175
w6pm5idorba,2019-08-01,4.025,12.23599999999999,-8.21099999999999,63.0,34.0,38.0,212,1.565487757481539,0.42980592407791524,0.5377358490566038,4.662248914987578e-07
w8u6k7s1vlp,2019-08-01,5.956499999999995,5.956499999999995,0.0,8.0,9.0,11.0,204,2.2620967741935485,0.49678119435882645,0.8578431372549019,0.00033531996597986846
w8wdxeoetij,2019-08-01,17.49,18.815,-1.3250000000000028,396.0,426.0,0.0,124,0.0,0.11449235305932227,0.08064516129032258,0.0026483264258206946
w9qi2f8pjnc,2019-08-01,3.8565,3.8565,0.0,13.0,13.0,14.0,119,1.990442054958184,0.4666185641394382,0.7899159663865546,0.003793404775945532
waeo6ri8q6l,2019-08-01,4.701666666666667,7.3883333333333345,-2.6866666666666674,8.0,12.0,1.0,206,0.22150537634408604,0.5565052781072499,0.8932038834951457,0.0008393049460437011
warlocs31xy,2019-08-01,1.7058333333333335,1.6316666666666668,0.07416666666666671,47.0,46.0,24.0,74,0.8184331797235023,0.21941704881440882,0.4864864864864865,0.021860894134196906
wb201qxh4yi,2019-08-01,2.808,2.808,0.0,22.0,11.0,6.0,201,0.9488591660110149,0.7876104721161398,0.8407960199004975,0.0004903107225929164
wbvnd3cabnu,2019-08-01,3.3360000000000003,3.3360000000000003,0.0,15.0,15.0,1.0,187,0.1096774193548387,0.2164828636911452,0.7433155080213903,1.0753946146812378e-05
wc7jdskd4ac,2019-08-01,0.273,0.0,0.273,25.0,22.0,22.0,212,1.446650124069479,0.3886472186776029,0.6226415094339622,0.012884655205033926
wdamlpmiwoi,2019-08-01,54.668000000000006,54.668000000000006,0.0,255.0,247.0,152.0,211,0.8880520559324381,0.1894230461546698,0.22274881516587677,0.00020244697917228522
we3i97h5djq,2019-08-01,31.48933333333331,23.616999999999983,7.8723333333333265,11.0,13.0,16.0,196,2.4086021505376345,0.5255639321816067,0.7959183673469388,0.0005756741847607629
we47isivdpw,2019-08-01,1.3866666666666667,7.28,-5.8933333333333335,4.0,21.0,0.0,116,0.0,0.9526332351147325,0.6810344827586207,0.6629575650907823
wgl3qh2v29n,2019-08-01,4.7325,4.7325,0.0,13.0,9.0,4.0,200,0.8064516129032258,0.6539398935110541,0.885,0.00030785192679125
whdxdue80xd,2019-08-01,22.373500000000003,22.373500000000003,0.0,36.0,27.0,11.0,212,0.6598754951895869,0.46850338490581434,0.6745283018867925,0.0003274067586256108
wibkrt1yi5i,2019-08-01,258.6628333333331,295.6146666666664,-36.9518333333333,407.0,400.0,456.0,212,1.615778037773692,0.4012958429961485,0.22641509433962265,6.93675040619748e-05
wjo52sq7blu,2019-08-01,2.154,2.154,0.0,3.0,3.0,10.0,208,11.18279569892473,1.3309131893464343,0.9711538461538461,0.000604782016358746
wkb83kgdl14,2019-08-01,1.7185000000000001,2.2095000000000002,-0.4910000000000001,13.0,15.0,6.0,206,0.7522824102251978,0.3454172930327799,0.7961165048543689,1.4533279931895787e-05
wl0b636f8gl,2019-08-01,1.3109999999999986,98.32499999999989,-97.0139999999999,312.0,164.0,314.0,212,2.4853643966547194,0.4111114320679619,0.12735849056603774,0.1967872373687995
wl6cv8snt3e,2019-08-01,10.026666666666666,10.026666666666666,0.0,8.0,5.0,3.0,209,1.064516129032258,0.8993285622549497,0.9186602870813397,3.118710565409023e-05
wlqtzpp761t,2019-08-01,0.8633333333333333,0.8633333333333333,0.0,48.0,33.0,51.0,61,2.2301075268817203,0.406015512503055,0.6065573770491803,0.18056226071689413
wm1cj918y2k,2019-08-01,33.34499999999997,143.63999999999987,-110.2949999999999,98.0,47.0,111.0,212,3.466195315952276,0.5843224806371219,0.5094339622641509,0.015444038274321437
wm9u7im1255,2019-08-01,5.720000000000001,5.720000000000001,0.0,9.0,3.0,4.0,186,1.8461538461538463,1.6394024882292408,0.978494623655914,6.136879355152293e-05
wmzvlb4djog,2019-08-01,56.11649999999995,90.12649999999992,-34.00999999999997,81.0,61.0,114.0,212,2.490776048644749,0.3890334081461524,0.330188679245283,0.029038301974424863
wn7c3or5qkr,2019-08-01,7.786833333333326,7.786833333333326,0.0,17.0,14.0,22.0,199,3.1383512544802867,0.6797107858577389,0.8492462311557789,0.007464947506184958
woc4f7fud6m,2019-08-01,21.442000000000004,21.442000000000004,0.0,137.0,162.0,84.0,212,1.4045271709125324,1.896580073593746,0.7971698113207547,0.00010939305421921782
wpnoiy25rl1,2019-08-01,6.588333333333334,6.588333333333334,0.0,3.0,5.0,0.0,202,0.0,1.0031901776554528,0.9455445544554455,0.00032136732339023286
wre6nxdfczi,2019-08-01,20.8975,9.752166666666668,11.145333333333333,15.0,7.0,0.0,100,0.0,0.6046510198228537,0.9,0.014952485384361482
wrtx9bnv1zz,2019-08-01,5.388000000000001,4.939000000000001,0.44899999999999984,16.0,13.0,4.0,209,0.43496357960457854,0.42867793899684264,0.7607655502392344,0.0009348044325597382
ws3lecwsfij,2019-08-01,0.0,0.0,0.0,5.0,5.0,5.0,193,3.1129032258064515,1.0404449554820592,0.9481865284974094,1.0446981060444063e-05
wsrzu5k65n6,2019-08-01,2.786666666666667,2.933333333333334,-0.14666666666666694,23.0,24.0,4.0,207,0.32974910394265233,0.47179722640198035,0.7971014492753623,0.00013440288155148545
wssik3ikgy4,2019-08-01,5.342333333333333,5.342333333333333,0.0,18.0,14.0,7.0,212,0.8864994026284349,0.7386963181835198,0.8207547169811321,0.00034838379022541024
wtds2lxd79i,2019-08-01,4.126,4.126,0.0,15.0,14.0,5.0,212,0.6451612903225806,0.43487659443568405,0.8207547169811321,0.00014851982236612933
wus2r1o6qzo,2019-08-01,1.8541666666666667,63.41249999999994,-61.55833333333327,247.0,177.0,222.0,209,1.5804748441598255,0.20484012574398505,0.07655502392344497,0.00015860790400363197
wuz1spxgrsv,2019-08-01,2.313333333333334,2.313333333333334,0.0,6.0,7.0,2.0,128,0.5898617511520737,0.6758115258174975,0.921875,0.0036700274515087073
wvt1yg5g411,2019-08-01,89.00266666666667,89.00266666666667,0.0,15.0,14.0,0.0,203,0.0,1.2216574007033998,0.8571428571428571,0.001803663533336869
wxe8fuwwtps,2019-08-01,4.46,4.46,0.0,31.0,27.0,15.0,211,0.8167741935483871,0.41292926286391257,0.6303317535545023,0.0006175949484634029
wxh1mxlln9j,2019-08-01,0.5836666666666667,1.4076666666666666,-0.824,110.0,134.0,93.0,212,0.9098712446351931,0.23395548287514378,0.1509433962264151,4.917553128039134e-05
x102yn1bn6n,2019-08-01,21.751833333333334,21.751833333333334,0.0,17.0,3.0,0.0,81,0.0,7.141428428542848,0.9876543209876543,
x1mbwsfgl6k,2019-08-01,1.5979999999999999,0.564,1.0339999999999998,31.0,20.0,14.0,212,1.227460711331679,0.42428326786805304,0.7688679245283019,2.627396801977162e-06
x1nvy65u8ly,2019-08-01,13.542833333333332,3.9159999999999995,9.626833333333334,163.0,104.0,80.0,212,1.0226107928851371,0.5241055927679859,0.1320754716981132,0.2906625129817097
x485ruva4x3,2019-08-01,5.8125,6.9750000000000005,-1.1625000000000005,33.0,46.0,16.0,212,0.5390116001906881,0.48535868148586836,0.49056603773584906,0.01820820995840342
x49nmlsrr4n,2019-08-01,0.46366666666666667,0.6955,-0.23183333333333334,2.0,3.0,0.0,153,0.0,0.817597253399126,0.9738562091503268,0.0001588888462561123
x4w86ey0qqe,2019-08-01,3.2995,9.8985,-6.599,5.0,7.0,4.0,186,1.3333333333333333,0.6038121281719568,0.9139784946236559,5.074984069253822e-07
x70d9x20dcv,2019-08-01,21.252,25.131333333333334,-3.879333333333335,196.0,219.0,70.0,212,0.405686167304538,0.2591540810751677,0.10377358490566038,0.0015879796049016752
x7vvmxcu251,2019-08-01,0.8155000000000001,0.8155000000000001,0.0,16.0,32.0,33.0,83,1.5777649769585254,0.4960768127968663,0.5662650602409639,0.323442847088924
x8t3qlxkrnp,2019-08-01,843.4669999999992,846.1966666666658,-2.729666666666617,22.0,11.0,331.0,210,43.96584440227704,0.9739710416552851,0.8095238095238095,0.0526189514611887
x9ka25cfu39,2019-08-01,2.4288333333333334,3.0679999999999996,-0.6391666666666662,12.0,27.0,3.0,211,0.17911714770797962,0.826355490107552,0.6540284360189573,0.0756740624368523
xbo6wsqwxi9,2019-08-01,10.601999999999999,10.601999999999999,0.0,10.0,11.0,11.0,207,1.7081770442610653,0.536213288581227,0.8260869565217391,0.009126726312070054
xccfjiwu62l,2019-08-01,0.7728333333333333,2.3185,-1.5456666666666665,3.0,5.0,2.0,176,1.135483870967742,0.6941404311885845,0.9431818181818182,0.00032519246743736385
xczm7pyalvw,2019-08-01,5.760000000000001,15.047999999999986,-9.287999999999986,294.0,203.0,214.0,212,1.2737022375698364,0.24009179673567776,0.009433962264150943,0.08569382060757391
xd3qdxm3g7a,2019-08-01,2.8139999999999996,2.1439999999999997,0.6699999999999999,21.0,16.0,0.0,141,0.0,0.2950735767531501,0.8297872340425532,1.3355815452061405e-05
xdoxpbm2fnz,2019-08-01,142.89899999999986,494.2469999999995,-351.3479999999996,1713.0,1445.0,1822.0,212,1.1871311959087332,0.17917542613564882,0.0,0.000349658406793912
xdt1tx5zpze,2019-08-01,93.76499999999992,12.337500000000002,81.42749999999991,0.0,7.0,2.0,199,0.9170506912442397,2.2876920828336442,0.9447236180904522,0.008823199651176932
xf5823pj4m4,2019-08-01,3.169333333333334,6.734833333333334,-3.5655000000000006,26.0,44.0,10.0,210,0.31362007168458783,0.558086299242849,0.4714285714285714,0.07096366559497609
xgjhxu000j1,2019-08-01,2.2516666666666665,2.2516666666666665,0.0,11.0,11.0,6.0,212,1.0797962648556876,0.4778901826945445,0.8443396226415094,2.5244303170197453e-06
xgxdvt9dbdz,2019-08-01,1.8433333333333335,1.8433333333333335,0.0,14.0,11.0,13.0,56,2.3483870967741938,0.28236883585891515,0.8392857142857143,0.1179234628097311
xhflot9enjm,2019-08-01,5.266666666666667,5.266666666666667,0.0,5.0,5.0,3.0,201,1.4962779156327544,0.676365436556143,0.9353233830845771,0.00016525758038140147
xicngem0hkt,2019-08-01,7.212,7.212,0.0,9.0,9.0,4.0,200,0.8602150537634409,0.504115011127862,0.865,6.654985543079836e-06
xk4p13koqek,2019-08-01,2.102333333333333,4.204666666666666,-2.102333333333333,17.0,31.0,3.0,210,0.14311676510676963,0.744098014552847,0.6,0.014121969348594438
xlt7gtarjm4,2019-08-01,9.108333333333334,6.558,2.5503333333333345,25.0,18.0,0.0,154,0.0,0.583379834456077,0.7662337662337663,0.00047773711750188083
xlubaegy192,2019-08-01,1.183,19.435000000000002,-18.252000000000002,525.0,849.0,504.0,212,0.37306090241577605,0.7503101357553886,0.1792452830188679,0.0013812056374142199
xm0rwhl8g72,2019-08-01,1.3465,1.3465,0.0,5.0,5.0,2.0,118,0.9516129032258064,0.5906018372213309,0.940677966101695,0.010504799909938545
xm0t40fn0d2,2019-08-01,1.83,1.83,0.0,17.0,15.0,13.0,212,1.3269138180067406,0.21465087564303262,0.7122641509433962,1.1939486308139207e-05
xmifwrdj5rq,2019-08-01,3.078666666666667,3.078666666666667,0.0,8.0,7.0,4.0,201,1.2350230414746544,0.9170601629870335,0.9203980099502488,0.00016978289151036962
xn2riivstct,2019-08-01,3.738666666666667,1.1683333333333334,2.5703333333333336,69.0,48.0,53.0,212,1.717780155939459,0.8432119055410744,0.5566037735849056,0.16450248856719335
xnwo864pd91,2019-08-01,4.013333333333334,1.1466666666666667,2.866666666666667,48.0,38.0,34.0,211,1.5427956989247311,0.6602118729213057,0.6492890995260664,0.001607196089291076
xodf4svefyo,2019-08-01,27.929999999999975,19.379999999999985,8.54999999999999,193.0,223.0,291.0,211,2.205654141820533,0.8525537314324982,0.3886255924170616,0.0001261063542042966
xpm0vrt6bzv,2019-08-01,10.288666666666666,3.8793333333333333,6.409333333333333,133.0,95.0,72.0,212,1.0566246711892566,0.4655900527583618,0.32075471698113206,0.0014486828017396237
xpnonldjipn,2019-08-01,0.22916666666666666,0.22916666666666666,0.0,10.0,11.0,10.0,168,1.5483870967741935,0.48882523420339036,0.8095238095238095,0.0012593957390517588
xqbs1za2cb4,2019-08-01,2.2920000000000003,1.0505000000000002,1.2415,47.0,34.0,23.0,33,1.1129032258064517,0.02037706832433973,0.696969696969697,0.551807562817578
xrarie1qtml,2019-08-01,30.316333333333333,35.32,-5.003666666666668,109.0,126.0,6.0,147,0.3026767330130405,5.001988630597936,0.9591836734693877,8.282255515658372e-06
xsfdz3lwejr,2019-08-01,1.26,0.0,1.26,25.0,21.0,21.0,207,1.5580645161290323,0.4084831547596255,0.7053140096618358,0.00033592446528419526
xtfyj3mm5ic,2019-08-01,2.6016666666666666,2.6016666666666666,0.0,54.0,54.0,47.0,211,1.1675300211914292,0.33292153997104273,0.5071090047393365,3.6632602755087735e-05
xtq3dgtp14v,2019-08-01,4.610000000000001,0.9220000000000002,3.688000000000001,61.0,26.0,31.0,212,1.643410852713178,1.1553543256345393,0.7169811320754716,0.00046326350549251167
xw4kn0qjjhr,2019-08-01,1.8733333333333335,1.8733333333333335,0.0,3.0,5.0,9.0,209,5.516129032258065,0.8655240865767078,0.9473684210526315,0.00045955195836906005
xw6gyb03t51,2019-08-01,2.2920000000000003,2.4830000000000005,-0.19100000000000028,22.0,28.0,2.0,204,0.10877099440149293,0.8093264410339729,0.7205882352941176,0.00042062368362267574
xx1lnqmefcj,2019-08-01,6.7044999999999995,6.7044999999999995,0.0,21.0,20.0,1.0,212,0.0865659452837893,0.3403127231592649,0.7547169811320755,0.00012255380408088092
xy7glptspa6,2019-08-01,4.644,4.644,0.0,23.0,16.0,3.0,208,0.35314091680814935,0.9901006835596816,0.8173076923076923,0.00013997161077686294
xyht7jc8hw6,2019-08-01,22.8615,12.700833333333332,10.160666666666668,15.0,7.0,6.0,130,1.6774193548387095,0.6571194458682038,0.9384615384615385,0.005642119256969394
y0cubv0jqf0,2019-08-01,0.5980000000000001,2.0930000000000004,-1.4950000000000003,2.0,7.0,0.0,206,0.0,1.2656044667993671,0.9029126213592233,0.03685777909450647
y0ejft161x4,2019-08-01,1.8748333333333336,3.481833333333334,-1.6070000000000002,36.0,42.0,29.0,211,1.0122415219189411,0.20381207138241256,0.4549763033175355,0.000986396610482989
y0wc7qhm4mx,2019-08-01,1.7884166666666665,10.405333333333333,-8.616916666666667,86.0,139.0,75.0,210,0.7583052479537795,0.4341186584278884,0.3,0.0005789011629466947
y2m3zucxnvk,2019-08-01,2.8799999999999994,1.3439999999999999,1.5359999999999996,29.0,21.0,14.0,212,0.9769585253456221,0.45729534104214187,0.6886792452830188,0.01012116171760545
y31qjeg50rz,2019-08-01,36.2583333333333,43.50999999999996,-7.251666666666665,27.0,23.0,37.0,212,2.6918325326012353,0.4418764466139507,0.6650943396226415,0.06952218161133064
y3lt5qedz8r,2019-08-01,3.103333333333333,3.103333333333333,0.0,38.0,52.0,40.0,210,1.3685239491691104,1.372277213643361,0.8142857142857143,0.004962020475131472
y43chrd6xet,2019-08-01,2.696,0.337,2.359,59.0,38.0,35.0,206,1.4627713532156625,0.7695913262611138,0.6116504854368932,0.08376660093832367
y5jzwlhh5ou,2019-08-01,11.263333333333334,8.538333333333334,2.7249999999999996,62.0,47.0,0.0,155,0.0,0.37476187037575576,0.6,0.010127998184727148
y5wr99g8h28,2019-08-01,1.8456666666666663,1.3559999999999999,0.4896666666666665,94.0,81.0,45.0,50,0.7889200561009817,0.07149280354673344,0.3,0.044881303430659936
y6fbfm77r5h,2019-08-01,6.330666666666667,8.704666666666666,-2.3739999999999997,54.0,60.0,38.0,122,0.9346774193548388,0.5033414693244366,0.39344262295081966,0.2773956663185469
y6fwcndm2rq,2019-08-01,3.108,2.417333333333333,0.690666666666667,15.0,11.0,6.0,207,0.9539170506912441,0.4768496837736528,0.8357487922705314,1.2875065485873085e-06
y7uhveklh64,2019-08-01,0.9300000000000002,1.8600000000000003,-0.9300000000000002,77.0,89.0,65.0,212,0.9878136200716845,0.4026611717680157,0.24056603773584906,0.07082239880747376
y96coqb8e1d,2019-08-01,0.735,0.735,0.0,3.0,3.0,1.0,208,0.9585253456221199,0.8403337659989603,0.9711538461538461,2.019806509320808e-06
y970ddunupm,2019-08-01,2.241,3.4859999999999998,-1.2449999999999997,35.0,45.0,17.0,212,0.538231780167264,0.4999756930843161,0.4339622641509434,0.008761882944776516
yabh7x78vjq,2019-08-01,1.3079999999999998,1.3079999999999998,0.0,10.0,11.0,3.0,210,0.4417952314165498,0.41714559206699203,0.8333333333333334,0.00044173057124042203
yanfpuibx5g,2019-08-01,6.381333333333334,6.381333333333334,0.0,16.0,13.0,4.0,196,0.4286495352651722,0.308189624680802,0.7551020408163265,1.4643577619845973e-05
ydb1otb4wn7,2019-08-01,4.820666666666668,4.820666666666668,0.0,8.0,9.0,3.0,211,0.5373514431239389,0.5568738369485255,0.8530805687203792,1.765824914065976e-05
ydgof2k52hc,2019-08-01,6.642666666666667,6.642666666666667,0.0,31.0,55.0,39.0,210,0.9401905636551487,0.2573619275133808,0.3238095238095238,0.04618169794652715
yebbpufdsed,2019-08-01,1.295,1.295,0.0,7.0,5.0,6.0,197,2.2428842504743836,0.7678887583554671,0.9187817258883249,0.00018987404347637116
yeel2kmtoj1,2019-08-01,3.825,3.825,0.0,8.0,16.0,2.0,209,0.24970131421744324,0.9270361169317377,0.8229665071770335,0.02955087136087105
yeozh4nge1f,2019-08-01,4.82,4.82,0.0,21.0,19.0,7.0,210,0.521091811414392,0.35147268268252396,0.7238095238095238,0.0015455920269014949
yfnf49wf8wk,2019-08-01,1.3008333333333333,0.9291666666666666,0.3716666666666667,11.0,9.0,4.0,84,0.9853372434017594,0.5882158079042668,0.8809523809523809,0.27260963781935776
yfqc962elbg,2019-08-01,7.4319999999999995,14.244666666666665,-6.812666666666666,298.0,342.0,250.0,212,0.9820088566081785,0.3361750604559015,0.09433962264150944,0.0005798324362817478
yh7xf4dfin6,2019-08-01,3.0329999999999995,3.0329999999999995,0.0,7.0,3.0,0.0,66,0.0,1.6115899671511427,0.9696969696969697,0.06231990196686324
yh8f768i2ad,2019-08-01,0.266,0.08866666666666667,0.17733333333333334,27.0,25.0,24.0,211,1.338974087784241,0.44451687965883113,0.6018957345971564,0.0007490583962968032
yju9nzai98z,2019-08-01,1419.4583333333321,1419.4583333333321,0.0,4.0,5.0,129.0,186,43.0,0.6462198019752239,0.9086021505376344,0.00035408484935808105
yk28ly5j4yx,2019-08-01,3.953333333333333,2.965,0.9883333333333333,24.0,19.0,4.0,56,0.36129032258064514,0.20896213251710669,0.7321428571428571,0.07088093433676942
yl1wzuvyuzn,2019-08-01,38.982000000000006,38.982000000000006,0.0,361.0,171.0,166.0,128,1.1961943365422507,0.4011577864126052,0.09375,0.04082141922738906
yljakhncsy7,2019-08-01,5.028833333333334,5.028833333333334,0.0,13.0,5.0,10.0,47,5.053763440860215,0.23385358667337133,0.9361702127659575,0.07368262521005566
ymchqlifrcr,2019-08-01,14.27,14.27,0.0,7.0,5.0,1.0,184,0.32974910394265233,0.5772195730319378,0.907608695652174,7.593837034285047e-05
ynogs6ql1l6,2019-08-01,28.540416666666665,28.540416666666665,0.0,33.0,63.0,57.0,211,1.3062886933854676,0.6108798284666437,0.3933649289099526,0.0245964366453605
yp7jihwm9mc,2019-08-01,0.5673333333333334,0.5673333333333334,0.0,8.0,9.0,8.0,212,1.5197132616487457,0.5474107061349246,0.8726415094339622,1.8242151530573265e-05
yr8src2i4ce,2019-08-01,2.3683333333333336,102.85333333333325,-100.48499999999991,82.0,59.0,75.0,210,1.7702596380802518,0.4098380220690321,0.3619047619047619,0.012580621305610653
yrla7te8did,2019-08-01,20.768,13.216000000000001,7.552,11.0,7.0,0.0,153,0.0,0.6642811313650296,0.9150326797385621,0.0003157538535700167
ytlp4ll8vlr,2019-08-01,16.509333333333338,11.274666666666668,5.234666666666669,140.0,127.0,99.0,212,0.9603294440631434,0.12659473363914872,0.1179245283018868,0.0003667561764218166
yuhgkuvvkl7,2019-08-01,1.11,0.8325000000000001,0.27749999999999997,15.0,12.0,3.0,194,0.8533724340175953,1.0771470315342524,0.9536082474226805,0.00018173421982628588
yvgxgy3pxh9,2019-08-01,4.82,76.31666666666659,-71.49666666666658,117.0,73.0,93.0,212,1.65625,0.1652790469371524,0.2358490566037736,0.0008204661296782669
ywavmd5gr8b,2019-08-01,1.4443333333333337,0.9285000000000001,0.5158333333333336,53.0,48.0,39.0,212,1.0886109282422647,0.22439257407804303,0.3915094339622642,2.3991115109988515e-05
ywu7t1sl6xw,2019-08-01,140.84699999999987,7.9425,132.90449999999987,17.0,48.0,33.0,212,1.1754032258064515,0.716210516866242,0.660377358490566,0.00020728600830322572
yxmez0fkukz,2019-08-01,4.26,0.47333333333333333,3.7866666666666666,62.0,22.0,17.0,180,1.8279569892473118,1.3329074975987414,0.8722222222222222,1.4199655650937052e-05
yyf96dxyoes,2019-08-01,11.9175,11.9175,0.0,6.0,5.0,1.0,211,0.3093841642228739,0.8709485336733901,0.9052132701421801,0.0005197120796420755
yz980fjau76,2019-08-01,2.0175,13.5845,-11.567,15.0,101.0,0.0,212,0.0,0.746661668639771,0.3867924528301887,0.32856177865461444
yzvx3unhcp7,2019-08-01,4.009333333333333,0.0,4.009333333333333,26.0,18.0,18.0,212,1.6412903225806454,0.37495680699981565,0.7688679245283019,0.003805607661382695
yzx9908p5b4,2019-08-01,14.436000000000002,2.673333333333334,11.762666666666668,58.0,14.0,4.0,41,0.5878136200716846,0.43033148291193524,0.8292682926829268,0.8329678585409339
z07oqi6s057,2019-08-01,3.2895,3.2895,0.0,14.0,11.0,8.0,209,1.284178187403994,0.39911806550502055,0.8277511961722488,3.5387370617586376e-05
z0vtx91tdv6,2019-08-01,0.8851666666666667,0.8851666666666667,0.0,15.0,15.0,13.0,211,1.4505552617662614,0.32916983073960576,0.7345971563981043,0.00027748896745485196
z0wxc65p0kt,2019-08-01,3.1025,1.4478333333333333,1.6546666666666667,22.0,14.0,7.0,185,0.8525345622119815,0.6697463328832276,0.8,0.01629248999560864
z13887l6360,2019-08-01,7.536666666666667,10.196666666666667,-2.66,17.0,23.0,0.0,192,0.0,0.696590677369085,0.8697916666666666,3.0086698494421404e-09
z139wb0rpdi,2019-08-01,1.6613333333333336,2.551333333333334,-0.8900000000000003,56.0,71.0,28.0,212,0.5733050028974309,0.4531871771416716,0.35377358490566035,6.379526084641145e-09
z18gp0z5c92,2019-08-01,2.09,2.09,0.0,6.0,6.0,3.0,200,1.4888337468982629,0.7436683255297779,0.95,8.52749274879074e-07
z5ecm85agcp,2019-08-01,279.1099999999998,300.5799999999998,-21.470000000000027,28.0,18.0,80.0,208,8.387096774193548,0.6153499886967798,0.7884615384615384,0.009712683072368432
z7y1m5htyi6,2019-08-01,0.28300000000000003,0.28300000000000003,0.0,21.0,19.0,18.0,211,1.5911185588604946,0.4037865974975525,0.7109004739336493,0.0007789977391200156
z8mvztob2ra,2019-08-01,4.212,4.212,0.0,50.0,55.0,29.0,211,0.736519017814155,0.20971914372139208,0.4075829383886256,2.985113647387157e-06
z8wk9rqxwr3,2019-08-01,7.43,2.6005,4.8294999999999995,22.0,9.0,2.0,212,0.35070306038047977,0.7340214676026454,0.8584905660377359,0.0006828730961547518
z9a83r0oi2s,2019-08-01,4.564166666666667,2.7385,1.8256666666666668,9.0,7.0,4.0,210,1.1290322580645162,0.5576719835719279,0.9,7.692234458792459e-06
zaylfiu3t1u,2019-08-01,16.717833333333335,16.717833333333335,0.0,44.0,46.0,28.0,211,0.9162531017369727,0.7705148722653281,0.4881516587677725,0.1136402817147788
zbfibr6hurh,2019-08-01,145.11249999999987,4.073333333333333,141.03916666666655,49.0,72.0,64.0,212,1.3592466439591264,0.6868588212747195,0.3632075471698113,0.0063692224958698095
zbh01a5r19e,2019-08-01,1.8795000000000002,0.6265000000000001,1.2530000000000001,43.0,34.0,34.0,212,1.4623655913978493,0.35294616783138794,0.5330188679245284,0.0017338585200221124
zbhq7kn5lch,2019-08-01,0.0,0.907,-0.907,11.0,13.0,11.0,180,2.903225806451613,1.2626614266577354,0.9333333333333333,1.5644894814685492e-22
zcae9uugldd,2019-08-01,3.350333333333334,5.972333333333334,-2.6220000000000003,28.0,46.0,5.0,210,0.16284119106699751,0.480625980293028,0.49047619047619045,0.0018490249866582023
zeme51uyzhf,2019-08-01,18.05,11.083333333333334,6.966666666666667,64.0,18.0,7.0,173,0.6853423882286361,1.1039595785096035,0.7745664739884393,0.5269110299424661
zfberkxgv20,2019-08-01,4.96375,4.5125,0.45124999999999993,32.0,31.0,21.0,204,1.105548387096774,0.41360781442480576,0.5833333333333334,1.5872523943075883e-05
zgkr5xqhojb,2019-08-01,75.03866666666667,75.03866666666667,0.0,15.0,13.0,7.0,205,0.8734023128423615,0.5267409054185712,0.7951219512195122,0.0012143776876552758
zipmafti4g1,2019-08-01,4.661666666666667,4.661666666666667,0.0,4.0,11.0,0.0,210,0.0,0.7213779071124552,0.8428571428571429,0.03247482597122608
ziv0icasvsq,2019-08-01,6.240666666666668,6.240666666666668,0.0,111.0,89.0,84.0,45,1.1954459203036052,0.04696188911889755,0.15555555555555556,0.011832465376464565
zj64d52k9q7,2019-08-01,1.366,1.366,0.0,8.0,9.0,6.0,65,1.1436950146627565,0.8642265675406728,0.8769230769230769,0.5040248752661672
zksy90vagbq,2019-08-01,0.9130000000000001,0.9130000000000001,0.0,3.0,3.0,2.0,208,1.3419354838709676,0.8138410367685013,0.9519230769230769,2.2617233759845808e-05
zlhn3nrz3k1,2019-08-01,60.87000000000001,60.87000000000001,0.0,0.0,3.0,1.0,207,0.7419354838709677,1.3245820070013858,0.961352657004831,0.0016018386170115362
zln2y9igepl,2019-08-01,5.792000000000001,2.4133333333333336,3.378666666666667,12.0,5.0,0.0,102,0.0,0.3925233644859813,0.9019607843137255,0.0034599853186202357
zlotfdl38em,2019-08-01,0.7646666666666667,0.19116666666666668,0.5735,17.0,14.0,13.0,198,2.0758064516129036,0.631221104403701,0.8232323232323232,2.0013862480295163e-05
zmfygnjunvg,2019-08-01,2.0433333333333334,1.0216666666666667,1.0216666666666667,54.0,49.0,44.0,212,1.2485611029313346,0.3265792296323754,0.4009433962264151,0.0005979668365440777
zn8hlznf8sn,2019-08-01,0.825,0.75,0.07499999999999996,22.0,21.0,11.0,206,0.9024293110314616,0.3609715260129262,0.6990291262135923,0.000315613941243378
zp1rwp87tf5,2019-08-01,1.6376666666666668,1.3486666666666667,0.28900000000000015,23.0,19.0,6.0,211,0.44877702942219067,0.39605591352170266,0.6635071090047393,0.0006502966014798584
zpherp7b4jh,2019-08-01,3.534,3.534,0.0,9.0,5.0,0.0,174,0.0,0.5878114263244897,0.9425287356321839,0.00038088989503865385
zpsnofwjlcz,2019-08-01,8.313166666666667,10.4585,-2.1453333333333333,38.0,46.0,7.0,212,0.2832601641534644,0.3260385693620617,0.6320754716981132,3.250494977614999e-07
zqfq9f9snut,2019-08-01,2.614666666666667,0.07066666666666667,2.544,146.0,110.0,109.0,212,1.2963814866760168,0.20215676155866977,0.12735849056603774,0.006492556193593932
zrf0353r09a,2019-08-01,1.356666666666667,4.686666666666663,-3.329999999999996,49.0,22.0,27.0,106,1.9233870967741935,1.202537709128854,0.7641509433962265,0.0008288479469938223
zrfszsmtrqz,2019-08-01,0.04016666666666667,0.04016666666666667,0.0,24.0,21.0,34.0,149,2.971260997067448,0.5626959144811575,0.697986577181208,0.12847886919700563
zrppmx95hn7,2019-08-01,15.573,13.842666666666666,1.7303333333333342,12.0,7.0,3.0,183,1.1068548387096775,1.1155704025394413,0.9234972677595629,0.002655393547395036
zrwszghee8o,2019-08-01,3.156666666666667,1.8940000000000001,1.262666666666667,7.0,3.0,2.0,158,2.0387096774193547,1.2435882067255934,0.9683544303797469,0.0001407056296793534
zsqz7tsc82y,2019-08-01,7.287333333333334,7.287333333333334,0.0,13.0,11.0,4.0,198,0.6723259762308998,0.42760879382382183,0.8282828282828283,2.0060213735827327e-05
zt8wbfthf9r,2019-08-01,4.543,4.543,0.0,26.0,11.0,4.0,210,0.1488833746898263,1.8989316485588283,0.8238095238095238,2.3088097311404912e-05
ztlz8g6ruwy,2019-08-01,4.530000000000001,9.362000000000002,-4.832000000000001,23.0,40.0,9.0,208,0.3999145481734672,0.8938829611942664,0.7067307692307693,0.0008382222641237484
zu79ttunx8i,2019-08-01,3.0691666666666673,3.0691666666666673,0.0,0.0,3.0,1.0,189,1.5241935483870968,1.4229164972072996,0.9788359788359788,1.4094054270319249e-05
zucuh515bef,2019-08-01,6.111666666666667,6.111666666666667,0.0,38.0,35.0,8.0,196,0.4046451612903226,0.5920665103251068,0.6683673469387755,0.0007106836128260818
zwh5yhmu14w,2019-08-01,1.6433333333333333,1.972,-0.32866666666666666,12.0,13.0,7.0,212,0.9386464263124604,0.20954406303380602,0.7924528301886793,3.085297921532463e-05
zwn2h1f7u7w,2019-08-01,14.677499999999986,38.16149999999996,-23.483999999999973,263.0,239.0,278.0,212,1.5148695540418968,0.1642073606169162,0.14622641509433962,9.216553597355443e-05
zwrkukkkqjr,2019-08-01,24.038166666666644,24.038166666666644,0.0,0.0,3.0,4.0,198,6.387096774193548,2.9439202887759497,0.9848484848484849,9.325423521272486e-15
zwxob9kqvc9,2019-08-01,10.836333333333334,20.019666666666666,-9.183333333333332,59.0,109.0,0.0,136,0.0,0.40589879136931273,0.2647058823529412,0.2651833122220767
zxrr7xzpmxx,2019-08-01,2.0685000000000002,0.6895000000000001,1.379,43.0,29.0,22.0,211,1.1344086021505377,0.5576989290015355,0.6303317535545023,0.004044623586746566
zy48ee9b466,2019-08-01,1.6526666666666667,2.8921666666666668,-1.2395,17.0,20.0,13.0,77,0.9497153700189754,0.27180571027852996,0.6103896103896104,0.06439869301046926
zyhrrhik7zt,2019-08-01,2.309,5.002833333333333,-2.693833333333333,19.0,26.0,13.0,208,0.8228849665246502,0.505819326403831,0.7307692307692307,0.0021711147675274748
zyz4lcusiy6,2019-08-01,0.6616666666666666,0.6616666666666666,0.0,11.0,10.0,10.0,204,2.122788761706556,0.5730451409113593,0.9117647058823529,6.347127939314332e-07
zzm73krlac0,2019-08-01,350.0844999999997,303.9493333333331,46.135166666666635,41.0,58.0,170.0,210,7.152875175315567,1.7191575712803058,0.8380952380952381,0.08472638981906305
