sku_ID,month,inventory,sales,censored,sales_to_inv_ratio
01ntrj3qj9j,2019-07-01,70.0,161.0,True,2.3
02fouwduzgn,2019-07-01,2.0,4.0,True,2.0
02mrj37btaj,2019-07-01,30.0,1.0,False,0.03333333333333333
02pk9tq4a7l,2019-07-01,148.0,345.0,True,2.331081081081081
039mzypf7lf,2019-07-01,1.0,10.0,True,10.0
04gwopyn6ng,2019-07-01,30.0,25.0,False,0.8333333333333334
04vc71z1knc,2019-07-01,46.0,52.0,True,1.1304347826086956
060iz1blga9,2019-07-01,0.0,0.0,False,0.0
06m0unfyki1,2019-07-01,136.0,32.0,False,0.23529411764705882
06yoc7bt928,2019-07-01,3.0,1.0,False,0.3333333333333333
06zjudzbk1m,2019-07-01,58.0,23.0,False,0.39655172413793105
0798slmbnf9,2019-07-01,7.0,0.0,False,0.0
07p7qcx41nf,2019-07-01,16.0,37.0,True,2.3125
07pcigvb0g5,2019-07-01,22.0,37.0,True,1.6818181818181819
08ux4d1znud,2019-07-01,0.0,6.0,False,600000000.0
09tbi8ws4kv,2019-07-01,44.0,176.0,True,4.0
0amazxhzuxn,2019-07-01,58.0,11.0,False,0.1896551724137931
0b9zwxddi88,2019-07-01,19.0,14.0,False,0.7368421052631579
0bdpo7dmmsb,2019-07-01,24.0,14.0,False,0.5833333333333334
0bq7mfzn9lk,2019-07-01,0.0,6.0,False,600000000.0
0c60xrjm0te,2019-07-01,23.0,4.0,False,0.17391304347826086
0d4vjmpt6z3,2019-07-01,1.0,2.0,True,2.0
0eaxxwmhuql,2019-07-01,133.0,4.0,False,0.03007518796992481
0enkgy0xzpy,2019-07-01,16.0,12.0,False,0.75
0g59nta5c4b,2019-07-01,17.0,20.0,True,1.1764705882352942
0glsii58kqc,2019-07-01,4.0,43.0,True,10.75
0h0iris3jbm,2019-07-01,564.0,454.0,False,0.8049645390070922
0idal3ttka1,2019-07-01,19.0,2.0,False,0.10526315789473684
0j7yiv8zurj,2019-07-01,13.0,38.0,True,2.923076923076923
0jbcen7ikmq,2019-07-01,12.0,10.0,False,0.8333333333333334
0jdtxgpze7j,2019-07-01,78.0,25.0,False,0.32051282051282054
0kzj1kkhn41,2019-07-01,49.0,29.0,False,0.5918367346938775
0l1mve71wo4,2019-07-01,16.0,0.0,False,0.0
0m9896yuiju,2019-07-01,23.0,10.0,False,0.43478260869565216
0m9x8cpstjf,2019-07-01,9.0,6.0,False,0.6666666666666666
0nc2otlja04,2019-07-01,0.0,0.0,False,0.0
0ncvx0wbjs4,2019-07-01,0.0,118.0,False,11800000000.0
0nfbjmv4wcf,2019-07-01,86.0,165.0,True,1.9186046511627908
0osqqj1wazo,2019-07-01,37.0,1.0,False,0.02702702702702703
0pt3oj1rdoz,2019-07-01,15.0,16.0,True,1.0666666666666667
0r5rp29qa6d,2019-07-01,15.0,6.0,False,0.4
0rfavjq4hrn,2019-07-01,9.0,12.0,True,1.3333333333333333
0srfeji2ly0,2019-07-01,44.0,5.0,False,0.11363636363636363
0t90pnbese9,2019-07-01,20.0,0.0,False,0.0
0u7xk68h5ou,2019-07-01,12.0,1.0,False,0.08333333333333333
0ug6xcxo0y5,2019-07-01,33.0,28.0,False,0.8484848484848485
0uwwx7ut7g3,2019-07-01,0.0,10.0,False,1000000000.0
0v5gffwkaf5,2019-07-01,25.0,15.0,False,0.6
0vfedsdz82m,2019-07-01,34.0,10.0,False,0.29411764705882354
0wgs83rhkqk,2019-07-01,5.0,1.0,False,0.2
0wulrdrn3jz,2019-07-01,12.0,3.0,False,0.25
0znvkfqu4gb,2019-07-01,0.0,2.0,False,200000000.0
0zo41cr2vub,2019-07-01,0.0,1.0,False,100000000.0
0zzwcumq4qj,2019-07-01,48.0,46.0,False,0.9583333333333334
10b7m8mhs11,2019-07-01,45.0,2.0,False,0.044444444444444446
10oi2f4f1br,2019-07-01,0.0,0.0,False,0.0
10xfjy4d39q,2019-07-01,2.0,2.0,True,1.0
11zwco4ou3n,2019-07-01,5.0,5.0,True,1.0
13vtfcnre28,2019-07-01,38.0,0.0,False,0.0
145ynp7dty4,2019-07-01,23.0,70.0,True,3.0434782608695654
14suo0mpm7g,2019-07-01,35.0,83.0,True,2.3714285714285714
15sra9bxazd,2019-07-01,13.0,15.0,True,1.1538461538461537
16pglkxmv44,2019-07-01,13.0,8.0,False,0.6153846153846154
170nmxeyo7u,2019-07-01,11.0,11.0,True,1.0
18iebc6js9a,2019-07-01,12.0,4.0,False,0.3333333333333333
18wt5lcja0u,2019-07-01,49.0,104.0,True,2.122448979591837
19ad6vgw8rb,2019-07-01,0.0,0.0,False,0.0
19c6thiw8oy,2019-07-01,7.0,5.0,False,0.7142857142857143
1cqu4739nyz,2019-07-01,2.0,4.0,True,2.0
1d1r9qeqptp,2019-07-01,0.0,0.0,False,0.0
1dgfb3ormrv,2019-07-01,23.0,13.0,False,0.5652173913043478
1dn8bogwen2,2019-07-01,0.0,11.0,False,1100000000.0
1dpc1483i03,2019-07-01,20.0,9.0,False,0.45
1edyi2s93vv,2019-07-01,53.0,16.0,False,0.3018867924528302
1epwutoik36,2019-07-01,7.0,6.0,False,0.8571428571428571
1fhnngzkx15,2019-07-01,26.0,6.0,False,0.23076923076923078
1h289no4e56,2019-07-01,11.0,4.0,False,0.36363636363636365
1h88db0vz5m,2019-07-01,0.0,0.0,False,0.0
1hzbzwb869b,2019-07-01,41.0,5.0,False,0.12195121951219512
1i576jf9h31,2019-07-01,17.0,7.0,False,0.4117647058823529
1in1p2rxvwg,2019-07-01,22.0,64.0,True,2.909090909090909
1ipn12timoa,2019-07-01,13.0,1.0,False,0.07692307692307693
1iqdxjnhc9r,2019-07-01,14.0,0.0,False,0.0
1ixdnyfh8yq,2019-07-01,13.0,4.0,False,0.3076923076923077
1ka3cex1gw0,2019-07-01,25.0,37.0,True,1.48
1ktd9jpuw1d,2019-07-01,14.0,12.0,False,0.8571428571428571
1laxvyyloif,2019-07-01,9.0,2.0,False,0.2222222222222222
1lg71vrhjpj,2019-07-01,0.0,135.0,False,13500000000.0
1lmp6gvxyqy,2019-07-01,11.0,14.0,True,1.2727272727272727
1m0w0h22elj,2019-07-01,48.0,18.0,False,0.375
1m1mft53hk7,2019-07-01,5.0,307.0,True,61.4
1mwy8n9ivf2,2019-07-01,13.0,1.0,False,0.07692307692307693
1n9xh1fny9w,2019-07-01,83.0,34.0,False,0.40963855421686746
1nk73f30pwv,2019-07-01,8.0,0.0,False,0.0
1oykaeypl2a,2019-07-01,5.0,0.0,False,0.0
1p8n6eftxni,2019-07-01,6.0,0.0,False,0.0
1pztxak9xyv,2019-07-01,6.0,0.0,False,0.0
1q7rekcza9b,2019-07-01,4.0,11.0,True,2.75
1qoqfkb1xgn,2019-07-01,11.0,2.0,False,0.18181818181818182
1ryxau47r5w,2019-07-01,0.0,0.0,False,0.0
1stslvp97hu,2019-07-01,44.0,13.0,False,0.29545454545454547
1t7pyqara3n,2019-07-01,0.0,122.0,False,12200000000.0
1u9r7egtexa,2019-07-01,2.0,1.0,False,0.5
1uuae2zqy2b,2019-07-01,7.0,2.0,False,0.2857142857142857
1uulpoadh2n,2019-07-01,94.0,21.0,False,0.22340425531914893
1ve6uxxky5x,2019-07-01,7.0,1.0,False,0.14285714285714285
1vg9h23gwsg,2019-07-01,0.0,0.0,False,0.0
1wdgnkkz5yw,2019-07-01,20.0,6.0,False,0.3
1wsuv6pcgn3,2019-07-01,8.0,3.0,False,0.375
1y41tivcgd8,2019-07-01,23.0,51.0,True,2.217391304347826
1ypqvxb97jc,2019-07-01,12.0,12.0,True,1.0
1yxiyjkxtdt,2019-07-01,13.0,6.0,False,0.46153846153846156
1z5vhdsnbfh,2019-07-01,13.0,25.0,True,1.9230769230769231
1z8pvo3mwcp,2019-07-01,48.0,155.0,True,3.2291666666666665
20b4l2pe9i2,2019-07-01,26.0,21.0,False,0.8076923076923077
20gq5x8lbtb,2019-07-01,9.0,6.0,False,0.6666666666666666
20m462qom05,2019-07-01,54.0,88.0,True,1.6296296296296295
23ie888k9ej,2019-07-01,42.0,638.0,True,15.19047619047619
25czj70u5tv,2019-07-01,330.0,113.0,False,0.3424242424242424
26ll7kny13u,2019-07-01,30.0,103.0,True,3.433333333333333
27ehlrfdh1k,2019-07-01,25.0,7.0,False,0.28
28g1xuzalw2,2019-07-01,20.0,2.0,False,0.1
292kxhv7vpc,2019-07-01,23.0,5.0,False,0.21739130434782608
2a1qkdnx82w,2019-07-01,12.0,2.0,False,0.16666666666666666
2aal15ii53c,2019-07-01,3.0,0.0,False,0.0
2akkt9hjz6h,2019-07-01,0.0,0.0,False,0.0
2b4ihdyts1t,2019-07-01,77.0,647.0,True,8.402597402597403
2btl1931ku8,2019-07-01,10.0,2.0,False,0.2
2dxpntjlne0,2019-07-01,10.0,2.0,False,0.2
2dy3bnzuk83,2019-07-01,26.0,9.0,False,0.34615384615384615
2eeza4ibzl7,2019-07-01,37.0,57.0,True,1.5405405405405406
2fhh6s9iyrl,2019-07-01,13.0,5.0,False,0.38461538461538464
2geezvbvufl,2019-07-01,0.0,46.0,False,4600000000.0
2gnhi26f2t3,2019-07-01,2.0,2.0,True,1.0
2hf1tmsgvaj,2019-07-01,12.0,4.0,False,0.3333333333333333
2j05vgnko4z,2019-07-01,3.0,8.0,True,2.6666666666666665
2k9efx7e9j9,2019-07-01,15.0,2.0,False,0.13333333333333333
2kpz7m3e817,2019-07-01,12.0,9.0,False,0.75
2ldpgf1qqo0,2019-07-01,124.0,51.0,False,0.4112903225806452
2ofpw4mlpik,2019-07-01,7.0,400.0,True,57.142857142857146
2pe0wltwkej,2019-07-01,22.0,124.0,True,5.636363636363637
2phci22bxd2,2019-07-01,33.0,29.0,False,0.8787878787878788
2shgz5q8uks,2019-07-01,30.0,43.0,True,1.4333333333333333
2sukrpnwqux,2019-07-01,10.0,5.0,False,0.5
2t1e4os4ay3,2019-07-01,1.0,0.0,False,0.0
2tj29jjqk4l,2019-07-01,28.0,28.0,True,1.0
2uavtrp0njq,2019-07-01,17.0,24.0,True,1.411764705882353
2uvgwox1u1s,2019-07-01,41.0,86.0,True,2.097560975609756
2vvgy127c7u,2019-07-01,46.0,78.0,True,1.6956521739130435
2wdqew71ht9,2019-07-01,32.0,44.0,True,1.375
2wn3snp0fin,2019-07-01,18.0,41.0,True,2.2777777777777777
2wxo72zjfx6,2019-07-01,4.0,4.0,True,1.0
2x7c2zvf4x5,2019-07-01,2.0,176.0,True,88.0
2xn9677mql6,2019-07-01,181.0,1.0,False,0.0055248618784530384
2xu1nwrwrl3,2019-07-01,24.0,59.0,True,2.4583333333333335
2xu30w2tks3,2019-07-01,2.0,1.0,False,0.5
2yv74oscax7,2019-07-01,148.0,14.0,False,0.0945945945945946
2zxrmobzwmo,2019-07-01,45.0,34.0,False,0.7555555555555555
30h1fq8usp8,2019-07-01,32.0,1.0,False,0.03125
3280sc5oytp,2019-07-01,1.0,4.0,True,4.0
32rwb9yb78d,2019-07-01,2.0,2.0,True,1.0
330isotvbaa,2019-07-01,0.0,1.0,False,100000000.0
336q9837skz,2019-07-01,28.0,3.0,False,0.10714285714285714
33d8t8rkkg4,2019-07-01,9.0,5.0,False,0.5555555555555556
34rh2ygd8xm,2019-07-01,267.0,275.0,True,1.0299625468164795
354hgryd0kt,2019-07-01,5.0,5.0,True,1.0
35jtvam7htr,2019-07-01,48.0,22.0,False,0.4583333333333333
35rc1us3p9c,2019-07-01,14.0,24.0,True,1.7142857142857142
362t6uhq78r,2019-07-01,45.0,34.0,False,0.7555555555555555
3637hh0mfgb,2019-07-01,8.0,5.0,False,0.625
36h83ags0gf,2019-07-01,24.0,19.0,False,0.7916666666666666
36i5a863xvn,2019-07-01,24.0,17.0,False,0.7083333333333334
36ig9yqeqaf,2019-07-01,14.0,11.0,False,0.7857142857142857
36telvtop24,2019-07-01,6.0,20.0,True,3.3333333333333335
385kxuguhj4,2019-07-01,7.0,2.0,False,0.2857142857142857
38f20la1w9p,2019-07-01,0.0,18.0,False,1800000000.0
38q89az3t1k,2019-07-01,9.0,82.0,True,9.11111111111111
39g3bv36bvc,2019-07-01,61.0,14.0,False,0.22950819672131148
39ta8pk4v0t,2019-07-01,20.0,2.0,False,0.1
3axyc2nronr,2019-07-01,63.0,36.0,False,0.5714285714285714
3aymp8k11ge,2019-07-01,7.0,8.0,True,1.1428571428571428
3bx5agruial,2019-07-01,0.0,9.0,False,900000000.0
3c51e6d57xb,2019-07-01,0.0,0.0,False,0.0
3c7ay0acey7,2019-07-01,0.0,0.0,False,0.0
3c7r5qc7uti,2019-07-01,50.0,27.0,False,0.54
3ch3zt0fpds,2019-07-01,162.0,9.0,False,0.05555555555555555
3clcd0p0cmx,2019-07-01,17.0,3.0,False,0.17647058823529413
3cz8hpdh2zf,2019-07-01,4.0,0.0,False,0.0
3dfjlqeox2m,2019-07-01,208.0,81.0,False,0.3894230769230769
3eex5g91uri,2019-07-01,0.0,0.0,False,0.0
3fpa3d61e38,2019-07-01,24.0,19.0,False,0.7916666666666666
3g67s0yu6wj,2019-07-01,61.0,7.0,False,0.11475409836065574
3h2pt34ym7t,2019-07-01,19.0,6.0,False,0.3157894736842105
3h3cmkofn32,2019-07-01,0.0,3.0,False,300000000.0
3hnbpu6yrce,2019-07-01,36.0,0.0,False,0.0
3j36f4o1k8r,2019-07-01,3.0,3.0,True,1.0
3jqboox3uh0,2019-07-01,4.0,2.0,False,0.5
3jzkr9fxan0,2019-07-01,26.0,1.0,False,0.038461538461538464
3k0hcxf64rf,2019-07-01,49.0,55.0,True,1.1224489795918366
3k9jcbmfy93,2019-07-01,9.0,5.0,False,0.5555555555555556
3ko02g9wbm7,2019-07-01,5.0,0.0,False,0.0
3koulvna3m6,2019-07-01,22.0,0.0,False,0.0
3kzmfb0a8oc,2019-07-01,28.0,11.0,False,0.39285714285714285
3l99onde4vw,2019-07-01,17.0,1.0,False,0.058823529411764705
3lyudh8o9lv,2019-07-01,19.0,2.0,False,0.10526315789473684
3m4me04pvvs,2019-07-01,2.0,2.0,True,1.0
3oy9qzdxjo9,2019-07-01,0.0,74.0,False,7400000000.0
3pcy0823poj,2019-07-01,53.0,6.0,False,0.11320754716981132
3pf3ztzns2i,2019-07-01,12.0,11.0,False,0.9166666666666666
3pmbc7caor4,2019-07-01,0.0,4.0,False,400000000.0
3pohohidj11,2019-07-01,44.0,5.0,False,0.11363636363636363
3q5c6qppx3y,2019-07-01,5.0,2.0,False,0.4
3q5rx5lbjyn,2019-07-01,15.0,9.0,False,0.6
3qy3ho76fhc,2019-07-01,26.0,123.0,True,4.730769230769231
3sc73yowp41,2019-07-01,2.0,8.0,True,4.0
3svvg21r52i,2019-07-01,17.0,2.0,False,0.11764705882352941
3uf8052uhqr,2019-07-01,18.0,0.0,False,0.0
3vhn7guiug8,2019-07-01,25.0,11.0,False,0.44
3vl6ghijwii,2019-07-01,1.0,1.0,True,1.0
3w3lrhl21ac,2019-07-01,7.0,5.0,False,0.7142857142857143
3x6c7gqh4to,2019-07-01,5.0,30.0,True,6.0
3xkt2uujz42,2019-07-01,21.0,57.0,True,2.7142857142857144
3xvhrp46eig,2019-07-01,0.0,58.0,False,5800000000.0
3y15uekq00k,2019-07-01,4.0,5.0,True,1.25
3ydijz22wpc,2019-07-01,4.0,0.0,False,0.0
3yvsud9vypm,2019-07-01,0.0,0.0,False,0.0
3yz1av3nzx0,2019-07-01,2.0,1.0,False,0.5
3zp9bq57mbz,2019-07-01,16.0,0.0,False,0.0
40ecdr01s04,2019-07-01,27.0,1.0,False,0.037037037037037035
40mjml3zswj,2019-07-01,49.0,186.0,True,3.795918367346939
41b94k2cwse,2019-07-01,78.0,104.0,True,1.3333333333333333
41c7iyk4hp2,2019-07-01,8.0,5.0,False,0.625
41nxcahowxc,2019-07-01,4.0,0.0,False,0.0
41pyamyys8y,2019-07-01,75.0,49.0,False,0.6533333333333333
422sbyi8j7a,2019-07-01,7.0,3.0,False,0.42857142857142855
42erq4fqgwf,2019-07-01,6.0,6.0,True,1.0
435adksgsbf,2019-07-01,14.0,1.0,False,0.07142857142857142
445dlvpt3e4,2019-07-01,0.0,0.0,False,0.0
44nns3lmdhe,2019-07-01,31.0,477.0,True,15.387096774193548
44nowb1ckma,2019-07-01,16.0,2.0,False,0.125
44z25hs1urg,2019-07-01,5.0,2.0,False,0.4
45draei5eza,2019-07-01,50.0,27.0,False,0.54
45vhgse15re,2019-07-01,22.0,6.0,False,0.2727272727272727
46mtvu7qpgo,2019-07-01,3.0,2.0,False,0.6666666666666666
46zhk56fujr,2019-07-01,14.0,12.0,False,0.8571428571428571
47rjqb2o5o3,2019-07-01,2.0,0.0,False,0.0
47tgwft4185,2019-07-01,12.0,15.0,True,1.25
48gneu659vb,2019-07-01,7.0,5.0,False,0.7142857142857143
49mchw1vgfx,2019-07-01,4.0,4.0,True,1.0
4a3k5ef3qjo,2019-07-01,38.0,89.0,True,2.3421052631578947
4ak9lkdxmk1,2019-07-01,1.0,6.0,True,6.0
4ch43kx632n,2019-07-01,12.0,37.0,True,3.0833333333333335
4cpeu3iymlb,2019-07-01,39.0,62.0,True,1.5897435897435896
4dvrwqfnk9f,2019-07-01,19.17,35.62,True,1.8581116327595197
4eq3jyedfp3,2019-07-01,79.0,64.0,False,0.810126582278481
4fd926hflz7,2019-07-01,0.0,0.0,False,0.0
4gq2arhz303,2019-07-01,0.0,0.0,False,0.0
4hxx2man99n,2019-07-01,2.0,5.0,True,2.5
4i4anos1lah,2019-07-01,63.0,40.0,False,0.6349206349206349
4iby8p8yury,2019-07-01,26.0,22.0,False,0.8461538461538461
4iztaapxvlj,2019-07-01,22.0,32.0,True,1.4545454545454546
4j5m1aa0giv,2019-07-01,5.0,6.0,True,1.2
4jzff4qzop6,2019-07-01,58.0,212.0,True,3.6551724137931036
4k24exmsaqw,2019-07-01,22.0,27.0,True,1.2272727272727273
4kyrs11gl81,2019-07-01,6.0,33.0,True,5.5
4l4v710qw3a,2019-07-01,10.0,9.0,False,0.9
4lzczor5nvp,2019-07-01,214.0,49.0,False,0.22897196261682243
4mizlwnwq59,2019-07-01,9.0,6.0,False,0.6666666666666666
4mtdveadcoo,2019-07-01,201.0,388.0,True,1.9303482587064678
4n03do4276y,2019-07-01,109.0,60.0,False,0.5504587155963303
4n03vrybbjc,2019-07-01,1.0,1.0,True,1.0
4p4z7kzk976,2019-07-01,60.0,44.0,False,0.7333333333333333
4pny2lhe06a,2019-07-01,25.0,7.0,False,0.28
4qk5d0lffto,2019-07-01,10.0,7.0,False,0.7
4rkbkvd1j5u,2019-07-01,0.0,0.0,False,0.0
4s2ytbirowk,2019-07-01,13.0,17.0,True,1.3076923076923077
4sx7hfyhqcc,2019-07-01,22.0,6.0,False,0.2727272727272727
4t4jopztems,2019-07-01,12.0,8.0,False,0.6666666666666666
4tde6qme6ux,2019-07-01,72.0,58.0,False,0.8055555555555556
4to8vr6jjlx,2019-07-01,3.0,0.0,False,0.0
4tpq5h6hwrz,2019-07-01,0.0,1.0,False,100000000.0
4twlh4zhcrr,2019-07-01,0.0,0.0,False,0.0
4umy3zbidez,2019-07-01,26.0,70.0,True,2.6923076923076925
4vbv935fa8y,2019-07-01,3.0,102.0,True,34.0
4vwyougz9js,2019-07-01,17.0,0.0,False,0.0
4w02r40gan5,2019-07-01,7.0,7.0,True,1.0
4whplge2k0l,2019-07-01,0.0,21.0,False,2100000000.0
4x18uxebqus,2019-07-01,3.0,2.0,False,0.6666666666666666
4x5uxbnh85m,2019-07-01,51.0,14.0,False,0.27450980392156865
4x8eb1c771y,2019-07-01,12.0,30.0,True,2.5
4xd0gvo52v3,2019-07-01,0.0,0.0,False,0.0
4xklodgapg4,2019-07-01,32.0,0.0,False,0.0
4y8huncsdf0,2019-07-01,0.0,0.0,False,0.0
4yctep30qzk,2019-07-01,705.0,194.0,False,0.275177304964539
4yf4t695r8m,2019-07-01,26.0,0.0,False,0.0
4z200d7ty4d,2019-07-01,30.0,50.0,True,1.6666666666666667
4zqz9sl6h9q,2019-07-01,44.0,512.0,True,11.636363636363637
4zu91u7lts5,2019-07-01,88.0,70.0,False,0.7954545454545454
50hj3g4qnne,2019-07-01,120.0,176.0,True,1.4666666666666666
50u46hit3fn,2019-07-01,8.0,8.0,True,1.0
50xxh3glehc,2019-07-01,40.0,22.0,False,0.55
519xma040ip,2019-07-01,144.0,211.0,True,1.4652777777777777
52aqo3vxko1,2019-07-01,0.0,0.0,False,0.0
5363nninkgi,2019-07-01,13.0,1.0,False,0.07692307692307693
53egujxtr8f,2019-07-01,3.0,4.0,True,1.3333333333333333
53iekvo10mu,2019-07-01,17.0,8.0,False,0.47058823529411764
5407ynm9dei,2019-07-01,56.0,4.0,False,0.07142857142857142
556uvvzc4ai,2019-07-01,5.0,3.0,False,0.6
55zhqna53oz,2019-07-01,27.0,38.0,True,1.4074074074074074
56ykpdg2xqf,2019-07-01,5.0,1.0,False,0.2
57v8w6dsjfu,2019-07-01,14.0,4.0,False,0.2857142857142857
5836c4zfbpw,2019-07-01,27.0,5.0,False,0.18518518518518517
59lnmmlx2or,2019-07-01,73.0,14.0,False,0.1917808219178082
59tlwbslxn3,2019-07-01,4.0,2.0,False,0.5
5ah0tzbfobl,2019-07-01,13.0,38.0,True,2.923076923076923
5bdwemf71pm,2019-07-01,0.0,0.0,False,0.0
5bgagp09u9w,2019-07-01,12.0,2.0,False,0.16666666666666666
5ble6t2hgsb,2019-07-01,14.0,2.0,False,0.14285714285714285
5bsqj6k6lp7,2019-07-01,2.0,6.0,True,3.0
5c3insvqt49,2019-07-01,6.0,3.0,False,0.5
5c9a7n981rz,2019-07-01,15.0,3.0,False,0.2
5d8y3ka1vks,2019-07-01,6.0,33.0,True,5.5
5dgf8js55q2,2019-07-01,12.0,1.0,False,0.08333333333333333
5dt5yv04vby,2019-07-01,11.0,14.0,True,1.2727272727272727
5eaqvajq6tn,2019-07-01,17.0,19.0,True,1.1176470588235294
5eok2ml1boe,2019-07-01,77.0,68.0,False,0.8831168831168831
5hixknoxxph,2019-07-01,22.0,5.0,False,0.22727272727272727
5hvtdb6pzbz,2019-07-01,113.0,113.0,True,1.0
5jtwej67lde,2019-07-01,4.0,15.0,True,3.75
5la89yg17uh,2019-07-01,16.0,3.0,False,0.1875
5lm50kodxst,2019-07-01,8.0,4.0,False,0.5
5n9ejaywgot,2019-07-01,71.0,347.0,True,4.887323943661972
5nb73rff689,2019-07-01,3.0,8.0,True,2.6666666666666665
5nlg7c3cj3b,2019-07-01,0.0,0.0,False,0.0
5orm19cu00n,2019-07-01,0.0,0.0,False,0.0
5pc0bmb6ky2,2019-07-01,7.0,1.0,False,0.14285714285714285
5puaj0zkeq8,2019-07-01,13.0,5.0,False,0.38461538461538464
5pumfwm2vv9,2019-07-01,1.0,1.0,True,1.0
5qcdvh0q8ov,2019-07-01,13.0,0.0,False,0.0
5qwmta9pr3x,2019-07-01,0.0,0.0,False,0.0
5qzbvrejv1i,2019-07-01,3.0,0.0,False,0.0
5rfvwdik1ww,2019-07-01,0.0,0.0,False,0.0
5rjd38rhpf0,2019-07-01,2.0,6.0,True,3.0
5sawqvw741i,2019-07-01,19.0,32.0,True,1.6842105263157894
5swatokw6fo,2019-07-01,7.0,0.0,False,0.0
5sy1oh3jwvn,2019-07-01,2.0,241.0,True,120.5
5t4fqx39jqc,2019-07-01,4.0,0.0,False,0.0
5uhgf44c5fr,2019-07-01,27.0,54.0,True,2.0
5v39tsy6gpt,2019-07-01,23.0,11.0,False,0.4782608695652174
5v6um7af6fq,2019-07-01,15.0,9.0,False,0.6
5vnsuoco0hi,2019-07-01,18.0,20.0,True,1.1111111111111112
5vnz4fweexn,2019-07-01,39.0,3.0,False,0.07692307692307693
5voto15c742,2019-07-01,1.0,149.0,True,149.0
5vyjyjnbw1a,2019-07-01,0.0,0.0,False,0.0
5w2zafbmxlp,2019-07-01,4.0,2.0,False,0.5
5wxwe2o481e,2019-07-01,13.0,6.0,False,0.46153846153846156
5xqcbc8yiyo,2019-07-01,8.0,1.0,False,0.125
5yxzdxz43dc,2019-07-01,14.0,4.0,False,0.2857142857142857
5zprd957cfi,2019-07-01,-5.0,114.0,False,11400000000.0
5zrzxwsl159,2019-07-01,16.0,7.0,False,0.4375
611saldv8ix,2019-07-01,15.0,13.0,False,0.8666666666666667
61794ivxwzq,2019-07-01,0.0,0.0,False,0.0
61rzm254c6k,2019-07-01,1.0,8.0,True,8.0
61w2edgrzyt,2019-07-01,10.0,2.0,False,0.2
62b37tmj07o,2019-07-01,-3.0,54.0,False,5400000000.0
63so9mn73b5,2019-07-01,142.0,26.0,False,0.18309859154929578
647fnq6b46t,2019-07-01,17.0,4.0,False,0.23529411764705882
655bg0ejouo,2019-07-01,12.0,26.0,True,2.1666666666666665
65pk1z5lhn7,2019-07-01,39.0,93.0,True,2.3846153846153846
66d68cseche,2019-07-01,3.0,0.0,False,0.0
67isv46w6ar,2019-07-01,18.0,4.0,False,0.2222222222222222
67mqmro9dpp,2019-07-01,7.0,4.0,False,0.5714285714285714
68uyh2w3qy3,2019-07-01,10.0,1.0,False,0.1
6971sldeo75,2019-07-01,13.0,0.0,False,0.0
6a4vinwwgu1,2019-07-01,39.0,24.0,False,0.6153846153846154
6aosxke9mt3,2019-07-01,8.0,17.0,True,2.125
6aynb5qleg1,2019-07-01,13.0,6.0,False,0.46153846153846156
6b0hynryagd,2019-07-01,14.0,3.0,False,0.21428571428571427
6brbpzs0dat,2019-07-01,35.0,20.0,False,0.5714285714285714
6chh58as1xt,2019-07-01,1.0,1.0,True,1.0
6duvqlh0hrf,2019-07-01,128.0,106.0,False,0.828125
6e9xsmx31nc,2019-07-01,0.0,64.0,False,6400000000.0
6fr0pr06iui,2019-07-01,22.0,35.0,True,1.5909090909090908
6gfwd3z2t14,2019-07-01,12.0,1.0,False,0.08333333333333333
6h2swuv79hy,2019-07-01,49.0,111.0,True,2.2653061224489797
6id3dpjcz7o,2019-07-01,24.0,10.0,False,0.4166666666666667
6ja7cdgh8wh,2019-07-01,5.0,2.0,False,0.4
6k115p896fj,2019-07-01,12.0,2.0,False,0.16666666666666666
6lfrv29hnxb,2019-07-01,33.0,4.0,False,0.12121212121212122
6m45dvanu9a,2019-07-01,0.0,14.0,False,1400000000.0
6mkn8rrwqmv,2019-07-01,17.0,0.0,False,0.0
6mvqggi2ul5,2019-07-01,27.0,57.0,True,2.111111111111111
6n1gvl6tkin,2019-07-01,5.0,3.0,False,0.6
6oj74bkgsf9,2019-07-01,30.0,13.0,False,0.43333333333333335
6otzwybnydw,2019-07-01,21.0,19.0,False,0.9047619047619048
6ptqz7wgi5n,2019-07-01,10.0,10.0,True,1.0
6q3mwfkokp0,2019-07-01,31.0,5.0,False,0.16129032258064516
6qnlqgi3jzw,2019-07-01,0.0,0.0,False,0.0
6qxkrsmqfm3,2019-07-01,5.0,2.0,False,0.4
6t4iqsw2afg,2019-07-01,34.0,26.0,False,0.7647058823529411
6ukltfqhb3a,2019-07-01,17.0,9.0,False,0.5294117647058824
6uyspgvpjq9,2019-07-01,13.0,3.0,False,0.23076923076923078
6xtwa6ris1x,2019-07-01,50.0,26.0,False,0.52
6ydo6o89gni,2019-07-01,28.0,96.0,True,3.4285714285714284
6ygd5zbcjqi,2019-07-01,209.0,429.0,True,2.0526315789473686
6yk5se9do4q,2019-07-01,48.0,9.0,False,0.1875
71dkm5l2y8i,2019-07-01,9.0,9.0,True,1.0
71zk2dsbqes,2019-07-01,8.0,10.0,True,1.25
745dagplgjs,2019-07-01,11.0,3.0,False,0.2727272727272727
74q7u1dwbgx,2019-07-01,48.0,34.0,False,0.7083333333333334
74zcm1ypb0p,2019-07-01,0.0,0.0,False,0.0
75oplv8qwnc,2019-07-01,29.0,3.0,False,0.10344827586206896
76683533y73,2019-07-01,5.0,1.0,False,0.2
78gb37l8w8v,2019-07-01,13.0,3.0,False,0.23076923076923078
799r01z5emx,2019-07-01,42.0,27.0,False,0.6428571428571429
7dtazzo2b5i,2019-07-01,41.0,17.0,False,0.4146341463414634
7e1pzluhlpc,2019-07-01,24.0,99.0,True,4.125
7gt4sqlikpo,2019-07-01,40.0,3.0,False,0.075
7guwo60s5ht,2019-07-01,0.0,52.0,False,5200000000.0
7hml4c075vs,2019-07-01,4.0,0.0,False,0.0
7irdvwkvlt9,2019-07-01,5.0,5.0,True,1.0
7j20hwiky6l,2019-07-01,5.0,11.0,True,2.2
7jmjktu4j08,2019-07-01,13.0,6.0,False,0.46153846153846156
7kec6qntys7,2019-07-01,6.0,0.0,False,0.0
7n2e31szrhj,2019-07-01,22.0,0.0,False,0.0
7oi6r94xoew,2019-07-01,9.0,2.0,False,0.2222222222222222
7r5e9y8bfbi,2019-07-01,3.0,0.0,False,0.0
7r8xo3uuevh,2019-07-01,114.0,38.0,False,0.3333333333333333
7s90qplvp8s,2019-07-01,31.0,9.0,False,0.2903225806451613
7swkdyi5qo2,2019-07-01,51.0,7.0,False,0.13725490196078433
7szpypvjzbn,2019-07-01,23.0,9.0,False,0.391304347826087
7tv7z9wz9ao,2019-07-01,7.0,5.0,False,0.7142857142857143
7ufid3neeid,2019-07-01,3.0,0.0,False,0.0
7uofjdml3nl,2019-07-01,37.0,1.0,False,0.02702702702702703
7v1flbe7tfc,2019-07-01,14.0,7.0,False,0.5
7v8jky6gifc,2019-07-01,7.0,5.0,False,0.7142857142857143
7voco1jlfg4,2019-07-01,21.0,7.0,False,0.3333333333333333
7wksgonkge1,2019-07-01,7.0,3.0,False,0.42857142857142855
7x21hh1ruux,2019-07-01,0.0,11.0,False,1100000000.0
7xg1wv1h5pn,2019-07-01,9.0,2.0,False,0.2222222222222222
7xt44afgr2c,2019-07-01,48.0,11.0,False,0.22916666666666666
7y2bzsizkus,2019-07-01,28.0,9.0,False,0.32142857142857145
80ezajohi1g,2019-07-01,16.0,8.0,False,0.5
80jxep0xdd1,2019-07-01,2.0,1.0,False,0.5
80us98680xn,2019-07-01,36.0,1.0,False,0.027777777777777776
817cq5kbb9i,2019-07-01,5.0,5.0,True,1.0
81gf6zm0fkl,2019-07-01,3.0,1.0,False,0.3333333333333333
81vmv3a56tj,2019-07-01,32.0,3.0,False,0.09375
8296wkw5vgh,2019-07-01,8.0,6.0,False,0.75
82s7h4jrwmv,2019-07-01,18.0,0.0,False,0.0
82su02melwt,2019-07-01,10.0,1.0,False,0.1
82t3j1invr3,2019-07-01,6.0,92.0,True,15.333333333333334
82uotqj46uy,2019-07-01,142.0,8.0,False,0.056338028169014086
82uvg9r65mf,2019-07-01,14.0,1.0,False,0.07142857142857142
82xquc3i22s,2019-07-01,8.0,6.0,False,0.75
83i0zazwdm3,2019-07-01,32.0,17.0,False,0.53125
83k4sni318s,2019-07-01,36.0,33.0,False,0.9166666666666666
83mlkkkh0ha,2019-07-01,7.0,4.0,False,0.5714285714285714
848xgzxv4dt,2019-07-01,175.0,27.0,False,0.15428571428571428
85810mwwb1n,2019-07-01,22.0,18.0,False,0.8181818181818182
85nygebc9bv,2019-07-01,4.0,64.0,True,16.0
85urck9d961,2019-07-01,3.0,3.0,True,1.0
869xm5rvoji,2019-07-01,30.0,4.0,False,0.13333333333333333
86z70bstdpc,2019-07-01,5.0,1.0,False,0.2
88lry9aq8lg,2019-07-01,17.0,17.0,True,1.0
88ynnovyq0h,2019-07-01,59.0,116.0,True,1.9661016949152543
890y4kwt2tl,2019-07-01,0.0,0.0,False,0.0
89mmyl04w2d,2019-07-01,14.0,1.0,False,0.07142857142857142
89p391r3drd,2019-07-01,45.0,9.0,False,0.2
89xh5of6e8o,2019-07-01,38.0,14.0,False,0.3684210526315789
89yfj0x5g9i,2019-07-01,119.0,264.0,True,2.2184873949579833
8aa4ef2gix6,2019-07-01,9.0,4.0,False,0.4444444444444444
8bnnr9edu4o,2019-07-01,0.0,23.0,False,2300000000.0
8c4tp34ak8f,2019-07-01,7.0,1.0,False,0.14285714285714285
8cg9ns9zop3,2019-07-01,110.0,311.0,True,2.827272727272727
8cw8xqeqmjm,2019-07-01,90.0,4.0,False,0.044444444444444446
8db5hshel42,2019-07-01,40.0,12.0,False,0.3
8djprj5lar0,2019-07-01,2.0,9.0,True,4.5
8es4lxnwatd,2019-07-01,13.0,14.0,True,1.0769230769230769
8gkxiqbl234,2019-07-01,24.0,21.0,False,0.875
8hdl2a5lg6l,2019-07-01,12.0,1.0,False,0.08333333333333333
8i926134a1z,2019-07-01,9.0,8.0,False,0.8888888888888888
8igttww457d,2019-07-01,0.0,6.0,False,600000000.0
8jc6vt5aq4d,2019-07-01,10.0,7.0,False,0.7
8k0dgc2b7hc,2019-07-01,20.0,19.0,False,0.95
8kovihvkh0h,2019-07-01,9.0,14.0,True,1.5555555555555556
8kq5j5b804s,2019-07-01,22.0,190.0,True,8.636363636363637
8l918uctw2a,2019-07-01,8.0,3.0,False,0.375
8lgb2018qrd,2019-07-01,4.0,1.0,False,0.25
8lggh4y71q0,2019-07-01,128.0,35.0,False,0.2734375
8lq51rc8t2a,2019-07-01,5.0,53.0,True,10.6
8oa3gw9os8l,2019-07-01,37.0,33.0,False,0.8918918918918919
8ompcl69nj5,2019-07-01,3.0,2.0,False,0.6666666666666666
8pdgjg9t7wo,2019-07-01,7.0,5.0,False,0.7142857142857143
8pdw5pdgpu3,2019-07-01,8.0,9.0,True,1.125
8pqh49eg0h9,2019-07-01,29.0,46.0,True,1.5862068965517242
8rdp320xxym,2019-07-01,57.0,3.0,False,0.05263157894736842
8u4jh2cq8qi,2019-07-01,15.0,2089.0,True,139.26666666666668
8urgxfx2e4h,2019-07-01,1.0,0.0,False,0.0
8w957vuy6u3,2019-07-01,34.0,20.0,False,0.5882352941176471
8wofveconfm,2019-07-01,0.0,0.0,False,0.0
8xk5ewaxp5m,2019-07-01,20.0,17.0,False,0.85
8zdbw3y2mvt,2019-07-01,5.0,5.0,True,1.0
8zrwyqme4nf,2019-07-01,15.0,2.0,False,0.13333333333333333
900w1mqyd2a,2019-07-01,38.0,0.0,False,0.0
921ixx6tgns,2019-07-01,37.0,84.0,True,2.27027027027027
93b1rmykkz2,2019-07-01,47.0,10.0,False,0.2127659574468085
93xg7jxzgkv,2019-07-01,23.0,7.0,False,0.30434782608695654
9648npy35lq,2019-07-01,33.0,778.0,True,23.575757575757574
981n2n36uct,2019-07-01,11.0,36.0,True,3.272727272727273
982u0jl5ucb,2019-07-01,1.0,2.0,True,2.0
983tmh0ocqe,2019-07-01,37.0,19.0,False,0.5135135135135135
99dnxlabhp4,2019-07-01,8.0,1.0,False,0.125
9ahal9xceo0,2019-07-01,8.0,3.0,False,0.375
9alkvjco9eh,2019-07-01,18.0,11.0,False,0.6111111111111112
9aoi7m938uv,2019-07-01,6.0,7.0,True,1.1666666666666667
9bw5es2cyq3,2019-07-01,23.0,6.0,False,0.2608695652173913
9c2126px38q,2019-07-01,14.0,9.0,False,0.6428571428571429
9co230w9ft3,2019-07-01,30.0,4.0,False,0.13333333333333333
9e2ij49i39y,2019-07-01,57.0,72.0,True,1.263157894736842
9ejqxc7khy1,2019-07-01,19.0,7.0,False,0.3684210526315789
9etek1zxviw,2019-07-01,10.0,33.0,True,3.3
9eyrzpxgd18,2019-07-01,27.0,13.0,False,0.48148148148148145
9flv7bvuu5l,2019-07-01,23.0,12.0,False,0.5217391304347826
9fzozst5zaw,2019-07-01,21.0,2.0,False,0.09523809523809523
9g9x2ondr08,2019-07-01,34.0,0.0,False,0.0
9gcdarw1coe,2019-07-01,13.0,15.0,True,1.1538461538461537
9h560nek4qx,2019-07-01,45.0,4.0,False,0.08888888888888889
9hjdic4ksur,2019-07-01,60.0,0.0,False,0.0
9j1r3br04tf,2019-07-01,6.0,0.0,False,0.0
9jj7bhztgqe,2019-07-01,21.0,59.0,True,2.8095238095238093
9koqhazwsqh,2019-07-01,17.0,20.0,True,1.1764705882352942
9m32iatj338,2019-07-01,19.0,10.0,False,0.5263157894736842
9m3kkslq5m1,2019-07-01,19.0,10.0,False,0.5263157894736842
9mp1zwj8qb8,2019-07-01,71.0,78.0,True,1.0985915492957747
9na7kb2k64q,2019-07-01,0.0,1.0,False,100000000.0
9oayyetjggj,2019-07-01,29.0,0.0,False,0.0
9ps4eey2zym,2019-07-01,11.0,1.0,False,0.09090909090909091
9qtmz5prcla,2019-07-01,14.0,6.0,False,0.42857142857142855
9r9z92fkd55,2019-07-01,130.0,44.0,False,0.3384615384615385
9rm2m90cqvt,2019-07-01,10.0,11.0,True,1.1
9rrsvlcs0fv,2019-07-01,6.0,1.0,False,0.16666666666666666
9s0m2rtu56x,2019-07-01,0.0,1.0,False,100000000.0
9sagjexti3c,2019-07-01,54.0,3.0,False,0.05555555555555555
9sr05cnjih5,2019-07-01,15.0,1.0,False,0.06666666666666667
9t4w3b100fk,2019-07-01,-1.0,15.0,False,1500000000.0
9tos9lguxis,2019-07-01,19.0,2.0,False,0.10526315789473684
9tuykqrbufh,2019-07-01,377.0,707.0,True,1.8753315649867375
9u5l5bhm5gi,2019-07-01,182.0,322.0,True,1.7692307692307692
9u968s77sd9,2019-07-01,25.0,8.0,False,0.32
9v5mvcstm6n,2019-07-01,9.0,0.0,False,0.0
9v6sds53vjb,2019-07-01,0.0,0.0,False,0.0
9vkjxh57kxf,2019-07-01,0.0,33.0,False,3300000000.0
9vlda48wcex,2019-07-01,7.0,4.0,False,0.5714285714285714
9vz7t2jb80n,2019-07-01,43.0,6.0,False,0.13953488372093023
9wtmyoznwcu,2019-07-01,10.0,18.0,True,1.8
9xp8sjwl5q9,2019-07-01,28.0,17.0,False,0.6071428571428571
9zhii1lwnfz,2019-07-01,8.0,0.0,False,0.0
9zhmyl7qc2w,2019-07-01,7.0,2.0,False,0.2857142857142857
a0a2613kn7j,2019-07-01,0.0,0.0,False,0.0
a0pv7xf7xrj,2019-07-01,152.0,23.0,False,0.1513157894736842
a2aprflcy62,2019-07-01,13.0,39.0,True,3.0
a2t5ivou2dc,2019-07-01,49.0,34.0,False,0.6938775510204082
a37opb5gml5,2019-07-01,20.0,8.0,False,0.4
a3f4i5xcnyn,2019-07-01,0.0,2.0,False,200000000.0
a6gxcflv94j,2019-07-01,13.0,37.0,True,2.8461538461538463
a718jdm4vgv,2019-07-01,11.0,6.0,False,0.5454545454545454
a71ba6dvugx,2019-07-01,23.0,0.0,False,0.0
a7meglogdk8,2019-07-01,7.0,28.0,True,4.0
a7p1orrgi36,2019-07-01,16.0,1.0,False,0.0625
a80jota6w7k,2019-07-01,5.0,2.0,False,0.4
a87kqgt49j8,2019-07-01,193.0,63.0,False,0.32642487046632124
a88dsvnofn8,2019-07-01,6.0,1.0,False,0.16666666666666666
a8d0nxr5930,2019-07-01,40.0,288.0,True,7.2
a9lf6367bji,2019-07-01,4.0,4.0,True,1.0
aa02877zlkl,2019-07-01,5.0,17.0,True,3.4
aah6tel947v,2019-07-01,35.0,10.0,False,0.2857142857142857
abv6xm5kqs1,2019-07-01,36.0,0.0,False,0.0
abx2caf1la5,2019-07-01,24.0,1.0,False,0.041666666666666664
ad69581s7ru,2019-07-01,0.0,0.0,False,0.0
adqn5rxrzty,2019-07-01,0.0,0.0,False,0.0
ae0g1qdbevq,2019-07-01,3.0,212.0,True,70.66666666666667
af1oeikrz66,2019-07-01,14.0,3.0,False,0.21428571428571427
af4pzqa16f2,2019-07-01,51.0,18.0,False,0.35294117647058826
afp8tzx7m5e,2019-07-01,0.0,0.0,False,0.0
afu6fdj194k,2019-07-01,69.0,84.0,True,1.2173913043478262
ag3vrrlak6s,2019-07-01,0.0,0.0,False,0.0
agkftoewbsi,2019-07-01,10.0,1.0,False,0.1
ai15hez3yy3,2019-07-01,20.0,0.0,False,0.0
aiwulj3n74h,2019-07-01,0.0,29.0,False,2900000000.0
aj4gvef11xq,2019-07-01,25.0,31.0,True,1.24
ajrdo2stoup,2019-07-01,20.0,29.0,True,1.45
ak9a61ty9or,2019-07-01,6.0,5.0,False,0.8333333333333334
akgsdjlk0kp,2019-07-01,51.0,295.0,True,5.784313725490196
akikrb4o24w,2019-07-01,24.0,69.0,True,2.875
akyohk6pijf,2019-07-01,38.0,7.0,False,0.18421052631578946
am8hb366gd9,2019-07-01,4.0,0.0,False,0.0
amabggypbld,2019-07-01,68.0,124.0,True,1.8235294117647058
ambrhcezxqj,2019-07-01,1.0,45.0,True,45.0
anlfvaf1qyr,2019-07-01,10.0,0.0,False,0.0
anuojgmbxb6,2019-07-01,3.0,4.0,True,1.3333333333333333
ao043t52um1,2019-07-01,3.0,9.0,True,3.0
ap5xlsze0tl,2019-07-01,25.0,2.0,False,0.08
ap65ja0a6m4,2019-07-01,37.0,31.0,False,0.8378378378378378
aq8tzme59p8,2019-07-01,1.0,0.0,False,0.0
aqck303pn5e,2019-07-01,7.0,7.0,True,1.0
aqdijj39yet,2019-07-01,8.0,2.0,False,0.25
aqla1bqkftm,2019-07-01,0.0,0.0,False,0.0
aqop14xy7s3,2019-07-01,15.0,2.0,False,0.13333333333333333
ar1etjheucs,2019-07-01,10.0,1.0,False,0.1
aro3erfjydw,2019-07-01,3.0,2.0,False,0.6666666666666666
arwc0yykykg,2019-07-01,15.0,7.0,False,0.4666666666666667
asuh1bjc05f,2019-07-01,18.0,9.0,False,0.5
asz1fudnofn,2019-07-01,57.0,17.0,False,0.2982456140350877
at12tv26vta,2019-07-01,8.0,4.0,False,0.5
at9acbn90qs,2019-07-01,0.0,0.0,False,0.0
ava3gfoj79r,2019-07-01,10.0,11.0,True,1.1
axufgx7e5cq,2019-07-01,45.0,42.0,False,0.9333333333333333
axysnpepnxi,2019-07-01,59.0,76.0,True,1.2881355932203389
aybvbxx2mr1,2019-07-01,34.0,110.0,True,3.235294117647059
az0fdd8p02c,2019-07-01,21.0,87.0,True,4.142857142857143
az98ay96byf,2019-07-01,7.0,1.0,False,0.14285714285714285
azbghssxpcs,2019-07-01,108.0,106.0,False,0.9814814814814815
azjxa3hgp6z,2019-07-01,0.0,0.0,False,0.0
azxnnv0w7qu,2019-07-01,7.0,10.0,True,1.4285714285714286
b0j2bo900wr,2019-07-01,27.0,3.0,False,0.1111111111111111
b1fgm598ul1,2019-07-01,0.0,0.0,False,0.0
b1r8wy5lqnw,2019-07-01,58.0,40.0,False,0.6896551724137931
b1vstfa2ay5,2019-07-01,24.0,7.0,False,0.2916666666666667
b34xaiq2yhf,2019-07-01,22.0,1.0,False,0.045454545454545456
b42ja3lf85r,2019-07-01,0.0,0.0,False,0.0
b4x7lwcpw98,2019-07-01,15.0,17.0,True,1.1333333333333333
b7gilb8lttt,2019-07-01,23.0,16.0,False,0.6956521739130435
b7xhx1xlcsv,2019-07-01,36.0,4.0,False,0.1111111111111111
b89aanzfont,2019-07-01,34.0,71.0,True,2.088235294117647
b97ag9e5s3b,2019-07-01,10.0,0.0,False,0.0
b97eeb6z56c,2019-07-01,85.0,13.0,False,0.15294117647058825
b9dfvytymwa,2019-07-01,14.0,351.0,True,25.071428571428573
b9kgfvwt1tp,2019-07-01,11.0,3.0,False,0.2727272727272727
b9ne6xijsze,2019-07-01,15.0,1.0,False,0.06666666666666667
bah7ismk4mv,2019-07-01,19.0,9.0,False,0.47368421052631576
bao0t5vo2cs,2019-07-01,6.0,2.0,False,0.3333333333333333
bb9t7dc4y85,2019-07-01,0.0,0.0,False,0.0
bc2k842utv4,2019-07-01,7.0,7.0,True,1.0
bcmtxn0x8lw,2019-07-01,16.0,5.0,False,0.3125
bcwyuixcqr3,2019-07-01,49.0,23.0,False,0.46938775510204084
bdfttkech9o,2019-07-01,2.0,0.0,False,0.0
bdsfng6n9qo,2019-07-01,91.0,2.0,False,0.02197802197802198
bgyu47jhue4,2019-07-01,11.0,26.0,True,2.3636363636363638
bhfanhxs5s7,2019-07-01,48.0,7.0,False,0.14583333333333334
bhou6wpgltx,2019-07-01,7.0,1.0,False,0.14285714285714285
bji3tues20y,2019-07-01,10.0,0.0,False,0.0
bjnd5y6ott1,2019-07-01,6.0,24.0,True,4.0
bjx73a4mpdm,2019-07-01,3.0,1.0,False,0.3333333333333333
bktkcjet7cm,2019-07-01,12.0,60.0,True,5.0
bl3ecvf63ke,2019-07-01,57.0,348.0,True,6.105263157894737
bla68518xpi,2019-07-01,97.0,62.0,False,0.6391752577319587
blkvdn891oe,2019-07-01,16.0,84.0,True,5.25
bm66tirgnk8,2019-07-01,28.0,10.0,False,0.35714285714285715
bmw1h9dzqqi,2019-07-01,12.0,369.0,True,30.75
bqhmfbf1twh,2019-07-01,21.0,1.0,False,0.047619047619047616
bqsvfmfwi21,2019-07-01,11.0,9.0,False,0.8181818181818182
bqzkbxfjr09,2019-07-01,3.0,3.0,True,1.0
btatu9hppwg,2019-07-01,31.0,63.0,True,2.032258064516129
btisb4xz5vr,2019-07-01,0.0,5.0,False,500000000.0
bts68f5t90p,2019-07-01,32.0,24.0,False,0.75
btuksx82f9r,2019-07-01,7.0,2.0,False,0.2857142857142857
bysk8l8o369,2019-07-01,27.0,18.0,False,0.6666666666666666
bzlojfw1zqg,2019-07-01,13.0,6.0,False,0.46153846153846156
c13h9749oj0,2019-07-01,23.0,2.0,False,0.08695652173913043
c26zhppwwds,2019-07-01,27.0,5.0,False,0.18518518518518517
c3c2zo34lbl,2019-07-01,9.0,2.0,False,0.2222222222222222
c431xam0t74,2019-07-01,0.0,3.0,False,300000000.0
c4blfv5v77z,2019-07-01,0.0,0.0,False,0.0
c5qtaimpolb,2019-07-01,3.0,2.0,False,0.6666666666666666
c7hl2p10jpd,2019-07-01,13.0,8.0,False,0.6153846153846154
c7lwmgzm3p4,2019-07-01,0.0,2.0,False,200000000.0
c7un7ekzves,2019-07-01,2.0,2.0,True,1.0
c8xnt1ymysi,2019-07-01,70.0,103.0,True,1.4714285714285715
c9f3m0s61w0,2019-07-01,59.0,7.0,False,0.11864406779661017
c9t8qa72bff,2019-07-01,17.0,0.0,False,0.0
cca9y92msi3,2019-07-01,64.0,5.0,False,0.078125
ccd6u6cl25m,2019-07-01,20.0,0.0,False,0.0
ccpe3b9rfin,2019-07-01,10.0,9.0,False,0.9
ccz73eeplpn,2019-07-01,22.0,3.0,False,0.13636363636363635
cd4zmjiii6r,2019-07-01,77.0,396.0,True,5.142857142857143
cfqc0pwcrb6,2019-07-01,10.0,29.0,True,2.9
cgvgj4clu01,2019-07-01,12.0,10.0,False,0.8333333333333334
chazc5wslle,2019-07-01,8.0,22.0,True,2.75
ci7p1u42et2,2019-07-01,61.0,69.0,True,1.1311475409836065
ciclwawaf6m,2019-07-01,2.0,1.0,False,0.5
ckh34cz2zle,2019-07-01,6.0,3.0,False,0.5
ckpg3m95eie,2019-07-01,48.0,64.0,True,1.3333333333333333
ckredjkobv3,2019-07-01,8.0,4.0,False,0.5
cmszlocrjpu,2019-07-01,3.0,2.0,False,0.6666666666666666
cndujikhcm1,2019-07-01,17.0,39.0,True,2.2941176470588234
cnioqmcafz1,2019-07-01,10.0,0.0,False,0.0
cnk08d5rwgn,2019-07-01,16.0,4.0,False,0.25
cod642mdvo8,2019-07-01,11.0,9.0,False,0.8181818181818182
covu1b3tzi8,2019-07-01,22.0,1.0,False,0.045454545454545456
cpushi9fspr,2019-07-01,10.0,3.0,False,0.3
cq9f328b6fe,2019-07-01,19.0,1370.0,True,72.10526315789474
cr0hmmyqa23,2019-07-01,47.0,3.0,False,0.06382978723404255
cralkqoitah,2019-07-01,28.0,54.0,True,1.9285714285714286
csj00j5cyy8,2019-07-01,57.0,87.0,True,1.5263157894736843
ctgjuyml35y,2019-07-01,18.0,0.0,False,0.0
ctha9450vuo,2019-07-01,56.0,168.0,True,3.0
cu0pop3fv9p,2019-07-01,54.0,287.0,True,5.314814814814815
cutt9jrkfsu,2019-07-01,156.0,666.0,True,4.269230769230769
cvk1cwcbyyd,2019-07-01,30.0,5.0,False,0.16666666666666666
cvq63pcntny,2019-07-01,37.0,34.0,False,0.918918918918919
cx960ocou10,2019-07-01,30.0,37.0,True,1.2333333333333334
cy0i3hbjihz,2019-07-01,6.0,4.0,False,0.6666666666666666
cybiolyee8k,2019-07-01,12.0,0.0,False,0.0
cyiaeuvs4i9,2019-07-01,0.0,0.0,False,0.0
cyygzp5bjyi,2019-07-01,12.0,4.0,False,0.3333333333333333
czpo4r79eh7,2019-07-01,7.0,0.0,False,0.0
d0l7ptdjrnu,2019-07-01,0.0,0.0,False,0.0
d0z72i9ak4n,2019-07-01,27.0,138.0,True,5.111111111111111
d1rmduu2x9d,2019-07-01,8.0,0.0,False,0.0
d1vg77hvds2,2019-07-01,24.0,13.0,False,0.5416666666666666
d221sazi436,2019-07-01,11.0,2.0,False,0.18181818181818182
d28x1wo73m1,2019-07-01,25.0,2.0,False,0.08
d3jhwvz3244,2019-07-01,1.0,8.0,True,8.0
d426lh6i0hf,2019-07-01,15.0,11.0,False,0.7333333333333333
d4scrztmq5s,2019-07-01,42.0,27.0,False,0.6428571428571429
d4tr6ke724i,2019-07-01,26.0,5.0,False,0.19230769230769232
d6469u5odma,2019-07-01,0.0,0.0,False,0.0
d69ccfoytst,2019-07-01,0.0,0.0,False,0.0
d75fmdnma10,2019-07-01,481.0,324.0,False,0.6735966735966736
d7k2hzlr42b,2019-07-01,24.0,31.0,True,1.2916666666666667
d7t004i7zp3,2019-07-01,31.0,151.0,True,4.870967741935484
d7z7hv3jtdx,2019-07-01,3.0,3.0,True,1.0
d940rdumwze,2019-07-01,23.0,1.0,False,0.043478260869565216
dahte6zj1yl,2019-07-01,1.0,0.0,False,0.0
db65t6q0eyu,2019-07-01,24.0,4.0,False,0.16666666666666666
dbfbg6lg7f9,2019-07-01,30.0,6.0,False,0.2
dbotzlqwnp7,2019-07-01,6.0,0.0,False,0.0
dbskuwpvawv,2019-07-01,30.0,13.0,False,0.43333333333333335
dbvxs06mf3d,2019-07-01,12.0,39.0,True,3.25
dcmq7wk8trh,2019-07-01,166.0,172.0,True,1.036144578313253
debhwmtuen6,2019-07-01,26.0,22.0,False,0.8461538461538461
dfgz7b4lft7,2019-07-01,189.0,516.0,True,2.7301587301587302
dfr7p1hxxmo,2019-07-01,11.0,6.0,False,0.5454545454545454
dg926unz51o,2019-07-01,0.0,0.0,False,0.0
dgxzeiwnto3,2019-07-01,17.0,28.0,True,1.6470588235294117
djlsl6c8u6p,2019-07-01,8.0,12.0,True,1.5
djngkisx1kj,2019-07-01,28.0,8.0,False,0.2857142857142857
dkg3zp3pvkh,2019-07-01,16.0,4.0,False,0.25
dl8wt0ibzyp,2019-07-01,31.0,53.0,True,1.7096774193548387
dlr2psp1d79,2019-07-01,0.0,0.0,False,0.0
dn2ui8vbksl,2019-07-01,35.0,32.0,False,0.9142857142857143
dnbikcdyzep,2019-07-01,12.0,0.0,False,0.0
doewyteearz,2019-07-01,48.0,24.0,False,0.5
dp1qbzen4gk,2019-07-01,0.0,6.0,False,600000000.0
dqumrap9rhh,2019-07-01,17.0,32.0,True,1.8823529411764706
du0y90wirsh,2019-07-01,13.0,4.0,False,0.3076923076923077
dv60a5dhgy3,2019-07-01,16.0,9.0,False,0.5625
dvaay3mp9ln,2019-07-01,42.0,23.0,False,0.5476190476190477
dvbsbejhwem,2019-07-01,23.0,108.0,True,4.695652173913044
dweu7xaeco4,2019-07-01,6.0,6.0,True,1.0
dwgcs4ua3x9,2019-07-01,22.0,0.0,False,0.0
dwux6yulgvi,2019-07-01,12.0,0.0,False,0.0
dx5132et7w5,2019-07-01,20.0,20.0,True,1.0
dxad235xgvg,2019-07-01,11.0,4.0,False,0.36363636363636365
dyva3ojthh8,2019-07-01,1.0,2.0,True,2.0
e0bzu103ktd,2019-07-01,58.0,234.0,True,4.0344827586206895
e0ghojg20io,2019-07-01,8.0,0.0,False,0.0
e14elgbjnl0,2019-07-01,26.0,15.0,False,0.5769230769230769
e16xwvezjqg,2019-07-01,0.0,124.0,False,12400000000.0
e1wgcrjhmvl,2019-07-01,11.0,0.0,False,0.0
e24m6la3gpp,2019-07-01,12.0,7.0,False,0.5833333333333334
e26m1aor0b8,2019-07-01,7.0,2.0,False,0.2857142857142857
e2xl2j2hd84,2019-07-01,41.0,1.0,False,0.024390243902439025
e4okwlrkrb1,2019-07-01,4.0,2.0,False,0.5
e5x2f4v70yc,2019-07-01,24.0,4.0,False,0.16666666666666666
e7gbp5g8xzo,2019-07-01,0.0,1.0,False,100000000.0
e8mjd9qwqad,2019-07-01,16.0,7.0,False,0.4375
eag6536auen,2019-07-01,14.0,3.0,False,0.21428571428571427
ecb9a54unz8,2019-07-01,3.0,2.0,False,0.6666666666666666
edeslq6i0st,2019-07-01,27.0,13.0,False,0.48148148148148145
ediupxzb8z8,2019-07-01,4.0,2.0,False,0.5
edn68r3k7q9,2019-07-01,13.0,11.0,False,0.8461538461538461
edy9gwensq1,2019-07-01,63.0,46.0,False,0.7301587301587301
ee6yv9tb1et,2019-07-01,70.0,246.0,True,3.5142857142857142
eentj50e6yj,2019-07-01,24.0,0.0,False,0.0
eex08llutgy,2019-07-01,40.0,35.0,False,0.875
ef51m0b6qcr,2019-07-01,9.0,2.0,False,0.2222222222222222
efddexciiul,2019-07-01,14.0,9.0,False,0.6428571428571429
efgor6nu5ql,2019-07-01,14.0,1.0,False,0.07142857142857142
ei1nn7rdq8w,2019-07-01,19.0,94.0,True,4.947368421052632
eig79ki6vde,2019-07-01,33.0,9.0,False,0.2727272727272727
eip7plx49oz,2019-07-01,10.0,1.0,False,0.1
ejakd4gjtna,2019-07-01,4.0,0.0,False,0.0
eji8ly7ef7e,2019-07-01,26.0,4.0,False,0.15384615384615385
ejo2ff3sfhj,2019-07-01,14.0,40.0,True,2.857142857142857
ekr8yercjbx,2019-07-01,216.0,105.0,False,0.4861111111111111
el4fwdbom4z,2019-07-01,42.0,56.0,True,1.3333333333333333
eljswfux16i,2019-07-01,45.0,24.0,False,0.5333333333333333
eltvac34vdv,2019-07-01,6.0,0.0,False,0.0
emwqqg2xqhg,2019-07-01,35.0,40.0,True,1.1428571428571428
eosy64j501u,2019-07-01,2.0,2.0,True,1.0
epma12igj5p,2019-07-01,12.0,2.0,False,0.16666666666666666
eq5v6pbcwpv,2019-07-01,134.0,94.0,False,0.7014925373134329
eqh54fhhbzt,2019-07-01,61.0,35.0,False,0.5737704918032787
er3o43u9r81,2019-07-01,16.0,1.0,False,0.0625
er89wd8erb6,2019-07-01,24.0,46.0,True,1.9166666666666667
ernjpq2a1ps,2019-07-01,9.0,2.0,False,0.2222222222222222
es0sab3fv9i,2019-07-01,23.0,142.0,True,6.173913043478261
es57u7s4vuy,2019-07-01,52.0,91.0,True,1.75
eskpt0i7xcu,2019-07-01,81.0,48.0,False,0.5925925925925926
esypowoizv5,2019-07-01,9.0,0.0,False,0.0
eu1656xusft,2019-07-01,98.0,5.0,False,0.05102040816326531
eun611gksjz,2019-07-01,6.0,1.0,False,0.16666666666666666
ev8e9l7i89t,2019-07-01,4.0,3.0,False,0.75
evfirb33vvr,2019-07-01,182.0,122.0,False,0.6703296703296703
ew0lykrdajg,2019-07-01,3.0,6.0,True,2.0
ewf1pi10zc4,2019-07-01,62.0,39.0,False,0.6290322580645161
ews5jfqo5gi,2019-07-01,20.0,0.0,False,0.0
exhcuuebpou,2019-07-01,24.0,29.0,True,1.2083333333333333
eyk1i9sof30,2019-07-01,6.0,0.0,False,0.0
eynbrnbb1kj,2019-07-01,5.0,1.0,False,0.2
ezl2n9zh4oi,2019-07-01,52.0,11.0,False,0.21153846153846154
ezr1brecfcx,2019-07-01,11.0,1.0,False,0.09090909090909091
f0yi7qw2eou,2019-07-01,11.0,21.0,True,1.9090909090909092
f25fk1lcxos,2019-07-01,40.0,6.0,False,0.15
f2y6a7v8fh6,2019-07-01,28.0,40.0,True,1.4285714285714286
f34ri41qlrx,2019-07-01,11.0,7.0,False,0.6363636363636364
f3gjj12z9ed,2019-07-01,37.0,4.0,False,0.10810810810810811
f48e3xarx3h,2019-07-01,0.0,21.0,False,2100000000.0
f4f4dv3am27,2019-07-01,0.0,0.0,False,0.0
f6bmnl185od,2019-07-01,0.0,0.0,False,0.0
f6kz6p0dtoj,2019-07-01,35.0,12.0,False,0.34285714285714286
f7kv8blu6a6,2019-07-01,23.0,5.0,False,0.21739130434782608
f7ot60ya0ya,2019-07-01,57.0,18.0,False,0.3157894736842105
f7vkp9xukew,2019-07-01,11.0,4.0,False,0.36363636363636365
f8qzxzjgh0m,2019-07-01,41.0,0.0,False,0.0
f8z3lw8ix5x,2019-07-01,15.0,35.0,True,2.3333333333333335
faxed0yivgi,2019-07-01,6.0,0.0,False,0.0
fbk5ydky9zz,2019-07-01,31.0,25.0,False,0.8064516129032258
fbnprwwhmum,2019-07-01,14.0,2.0,False,0.14285714285714285
fbt4hxqtlhx,2019-07-01,18.0,0.0,False,0.0
fd3qogoph70,2019-07-01,0.0,0.0,False,0.0
fdmlsrf542m,2019-07-01,17.0,2.0,False,0.11764705882352941
fe8i6624c0r,2019-07-01,27.0,15.0,False,0.5555555555555556
fe8rb81x8u2,2019-07-01,21.0,17.0,False,0.8095238095238095
feunmp701vh,2019-07-01,0.0,0.0,False,0.0
fgbm8ba7w13,2019-07-01,6.0,0.0,False,0.0
fgrrk4mma0s,2019-07-01,16.0,3.0,False,0.1875
fgzfhbwgept,2019-07-01,7.0,5.0,False,0.7142857142857143
fh2g1i58l3i,2019-07-01,54.0,11.0,False,0.2037037037037037
fhetzba3i42,2019-07-01,14.0,23.0,True,1.6428571428571428
fhfbti924ur,2019-07-01,110.0,83.0,False,0.7545454545454545
fj1lz9pgiz7,2019-07-01,33.0,31.0,False,0.9393939393939394
fj1yzz6w7jj,2019-07-01,1.0,1.0,True,1.0
fjaicvo3m6o,2019-07-01,269.0,138.0,False,0.5130111524163569
fjb4si9ti44,2019-07-01,3.0,4.0,True,1.3333333333333333
fjkhabjo05v,2019-07-01,0.0,32.0,False,3200000000.0
fk801h4p9p3,2019-07-01,25.0,17.0,False,0.68
flopgcdgq3b,2019-07-01,5.0,0.0,False,0.0
flvqjqw0edr,2019-07-01,19.0,21.0,True,1.105263157894737
fn3u7g7qfuh,2019-07-01,0.0,0.0,False,0.0
fntorblhc5i,2019-07-01,0.0,0.0,False,0.0
fnwn5irge69,2019-07-01,56.0,19.0,False,0.3392857142857143
foc39m1jxmx,2019-07-01,75.0,6.0,False,0.08
foqww0v5oqc,2019-07-01,3.0,1.0,False,0.3333333333333333
foxvfl43n3s,2019-07-01,54.0,36.0,False,0.6666666666666666
fp5wjukx89b,2019-07-01,10.0,4.0,False,0.4
fq8vcp3mcav,2019-07-01,20.0,19.0,False,0.95
fqqbebd77ka,2019-07-01,8.0,1.0,False,0.125
fs60korfoff,2019-07-01,27.0,55.0,True,2.037037037037037
fs98wmkrryl,2019-07-01,18.0,22.0,True,1.2222222222222223
fswudsvv6az,2019-07-01,27.0,33.0,True,1.2222222222222223
ftukwswdnlp,2019-07-01,0.0,15.0,False,1500000000.0
fu2aygmjoov,2019-07-01,7.0,3.0,False,0.42857142857142855
fv476yt8ii4,2019-07-01,28.0,60.0,True,2.142857142857143
fvtn3i13i22,2019-07-01,52.0,141.0,True,2.7115384615384617
fvwl359l2fs,2019-07-01,72.0,66.0,False,0.9166666666666666
fwkimuo1z82,2019-07-01,70.0,154.0,True,2.2
fx67ve8sigk,2019-07-01,7.0,0.0,False,0.0
fxfanegtj9h,2019-07-01,87.0,52.0,False,0.5977011494252874
g1jboun5xqi,2019-07-01,0.0,0.0,False,0.0
g1qmlqg1voc,2019-07-01,72.0,18.0,False,0.25
g21vsixu8rd,2019-07-01,6.0,5.0,False,0.8333333333333334
g2smft3eewu,2019-07-01,12.0,2.0,False,0.16666666666666666
g33nxt14m4r,2019-07-01,8.0,1.0,False,0.125
g3lck0z0lmj,2019-07-01,11.0,4.0,False,0.36363636363636365
g4n3w5066zf,2019-07-01,13.0,33.0,True,2.5384615384615383
g4rrhel2hm2,2019-07-01,28.0,43.0,True,1.5357142857142858
g4ulv7cuvf8,2019-07-01,15.0,10.0,False,0.6666666666666666
g4ux0ohyyk2,2019-07-01,74.0,48.0,False,0.6486486486486487
g4yaj8xzlr9,2019-07-01,11.0,1.0,False,0.09090909090909091
g5i42hnht8x,2019-07-01,40.0,1.0,False,0.025
g5lg9a4uhjt,2019-07-01,10.0,13.0,True,1.3
g6610vybx2i,2019-07-01,12.0,0.0,False,0.0
g6612qkva9d,2019-07-01,15.0,4.0,False,0.26666666666666666
g7drdytl3pp,2019-07-01,14.0,7.0,False,0.5
g7yz3e43u6f,2019-07-01,1.0,0.0,False,0.0
ga3ihghjdms,2019-07-01,6.0,1.0,False,0.16666666666666666
gagt7jyp20c,2019-07-01,10.0,0.0,False,0.0
gc6jczdkqkm,2019-07-01,33.0,10.0,False,0.30303030303030304
gcs7rck28z1,2019-07-01,20.0,5.0,False,0.25
gdcxxdc528u,2019-07-01,130.0,80.0,False,0.6153846153846154
gdhrs1wugqw,2019-07-01,83.0,278.0,True,3.3493975903614457
gdksjmicc29,2019-07-01,91.0,6.0,False,0.06593406593406594
gevsxri4qb1,2019-07-01,95.0,9.0,False,0.09473684210526316
gfg0nb0z3m1,2019-07-01,62.0,0.0,False,0.0
gg8tanhwwa9,2019-07-01,48.0,148.0,True,3.0833333333333335
gg9m3sc9f0a,2019-07-01,0.0,0.0,False,0.0
ghg76sm1dei,2019-07-01,25.0,42.0,True,1.68
ghil83u4xm1,2019-07-01,18.0,1.0,False,0.05555555555555555
ghmvzwy5j9t,2019-07-01,16.0,2.0,False,0.125
gic79hjb0e5,2019-07-01,16.0,26.0,True,1.625
giqu6hyd9cj,2019-07-01,0.0,0.0,False,0.0
gj3vex6dgrk,2019-07-01,10.0,15.0,True,1.5
gjg3aembwj2,2019-07-01,0.0,2.0,False,200000000.0
gjlo6lwrp8r,2019-07-01,23.0,1.0,False,0.043478260869565216
gle3rg69aao,2019-07-01,0.0,0.0,False,0.0
glgqgwg9xg9,2019-07-01,15.0,13.0,False,0.8666666666666667
gn2djc1sc3a,2019-07-01,5.0,0.0,False,0.0
gnbubftk4y1,2019-07-01,36.0,23.0,False,0.6388888888888888
gohb60ofm5g,2019-07-01,2.0,2.0,True,1.0
gohyrasmyra,2019-07-01,0.0,54.0,False,5400000000.0
goqqsy50jae,2019-07-01,0.0,18.0,False,1800000000.0
gow4amej3d2,2019-07-01,81.0,21.0,False,0.25925925925925924
gp0wsye9zrb,2019-07-01,3.0,2.0,False,0.6666666666666666
gp4zwuq5ky2,2019-07-01,10.0,1.0,False,0.1
grtc6s1yi0b,2019-07-01,54.0,9.0,False,0.16666666666666666
grui4eqe2t3,2019-07-01,11.0,10.0,False,0.9090909090909091
gryk6rexav6,2019-07-01,44.0,16.0,False,0.36363636363636365
gryqpzwadsi,2019-07-01,25.0,8.0,False,0.32
gsjb7pk4v3n,2019-07-01,0.0,0.0,False,0.0
gtllzy2rig5,2019-07-01,4.0,2.0,False,0.5
guzhicxxbs0,2019-07-01,12.0,95.0,True,7.916666666666667
gvagic05m59,2019-07-01,47.0,28.0,False,0.5957446808510638
gvhabn93gs1,2019-07-01,7.0,0.0,False,0.0
gwk5azkntws,2019-07-01,7.0,0.0,False,0.0
gwktsdlmjkv,2019-07-01,0.0,4.0,False,400000000.0
gx1ft7tbkbe,2019-07-01,165.0,140.0,False,0.8484848484848485
gx2e90uo0qu,2019-07-01,29.0,17.0,False,0.5862068965517241
gxaty85nxjv,2019-07-01,22.0,0.0,False,0.0
gxjmx56k558,2019-07-01,224.0,75.0,False,0.33482142857142855
gxmcc0a3xft,2019-07-01,5.0,23.0,True,4.6
gxo1q5488mp,2019-07-01,15.0,7.0,False,0.4666666666666667
gy4wtt0r6xs,2019-07-01,22.0,8.0,False,0.36363636363636365
gy8baq0lz1w,2019-07-01,0.0,0.0,False,0.0
gz05rmty7yr,2019-07-01,96.0,0.0,False,0.0
gzooa64lf00,2019-07-01,6.0,4.0,False,0.6666666666666666
h05aziwtnku,2019-07-01,151.0,45.0,False,0.2980132450331126
h07cxxsx141,2019-07-01,17.0,5.0,False,0.29411764705882354
h1ow5u254rj,2019-07-01,68.0,4.0,False,0.058823529411764705
h1pxa8vhekc,2019-07-01,3.0,4.0,True,1.3333333333333333
h1zed5c90g4,2019-07-01,0.0,0.0,False,0.0
h2yrka3vc5y,2019-07-01,25.0,65.0,True,2.6
h3dw1xamicr,2019-07-01,35.0,36.0,True,1.0285714285714285
h3nznzmzy6g,2019-07-01,41.0,3.0,False,0.07317073170731707
h5pnjbka6z9,2019-07-01,5.0,7.0,True,1.4
h5xvo7trsaq,2019-07-01,0.0,0.0,False,0.0
h63yqa8rqqm,2019-07-01,24.0,22.0,False,0.9166666666666666
h7l4o4pl2hy,2019-07-01,11.0,193.0,True,17.545454545454547
h7mn7vtnswh,2019-07-01,12.0,16.0,True,1.3333333333333333
h882kvg9311,2019-07-01,22.0,31.0,True,1.4090909090909092
h9a87gyyl79,2019-07-01,12.0,5.0,False,0.4166666666666667
h9xoibpng2j,2019-07-01,15.0,24.0,True,1.6
ha38r8qi133,2019-07-01,49.0,38.0,False,0.7755102040816326
hamnjrcqtg1,2019-07-01,37.0,6.0,False,0.16216216216216217
hboisbzauu2,2019-07-01,48.0,30.0,False,0.625
hc5ou3kw2ac,2019-07-01,8.0,8.0,True,1.0
hchktpcwccf,2019-07-01,7.0,7.0,True,1.0
hclcmwpw27a,2019-07-01,85.0,25.0,False,0.29411764705882354
hdoknxs337q,2019-07-01,8.0,1.0,False,0.125
hdreiw5qrzv,2019-07-01,12.0,3.0,False,0.25
hej3moflzzb,2019-07-01,12.0,0.0,False,0.0
hejkt1h2tkh,2019-07-01,21.0,10.0,False,0.47619047619047616
het5s0nafqv,2019-07-01,19.0,2.0,False,0.10526315789473684
hf1stvjpyyh,2019-07-01,344.0,75.0,False,0.2180232558139535
hfuzhbm015y,2019-07-01,3.0,0.0,False,0.0
hggtg7og19c,2019-07-01,87.0,3.0,False,0.034482758620689655
hgl3njgb4qt,2019-07-01,58.0,188.0,True,3.2413793103448274
hgopbkse22f,2019-07-01,12.0,21.0,True,1.75
hgx0t1z0rfb,2019-07-01,165.0,5.0,False,0.030303030303030304
hhgt5qd8bc4,2019-07-01,20.0,6.0,False,0.3
hhodjphwph1,2019-07-01,138.0,36.0,False,0.2608695652173913
hibpg49sz73,2019-07-01,36.0,1.0,False,0.027777777777777776
hixpbq36zta,2019-07-01,201.0,147.0,False,0.7313432835820896
hj7cwxt3bbw,2019-07-01,18.0,12.0,False,0.6666666666666666
hknsn6zeprw,2019-07-01,2.0,151.0,True,75.5
hlor54dpgbk,2019-07-01,13.0,9.0,False,0.6923076923076923
hm2dt7uv7t7,2019-07-01,16.0,24.0,True,1.5
hm4dtnr1qst,2019-07-01,71.0,5.0,False,0.07042253521126761
hm6nvmvq1pd,2019-07-01,11.0,176.0,True,16.0
ho158j4bttv,2019-07-01,10.0,17.0,True,1.7
ho412tg4dcu,2019-07-01,9.0,6.0,False,0.6666666666666666
hq6x0msvel2,2019-07-01,29.0,8.0,False,0.27586206896551724
hqdj2gldorq,2019-07-01,10.0,134.0,True,13.4
hqnzvt55pad,2019-07-01,72.0,85.0,True,1.1805555555555556
hqo8tf50ndi,2019-07-01,166.0,52.0,False,0.3132530120481928
hr0a6a9x68s,2019-07-01,5.0,4.0,False,0.8
hr595hosrv7,2019-07-01,10.0,2.0,False,0.2
hr5en8fbf1w,2019-07-01,24.0,2.0,False,0.08333333333333333
hrdepx6xit6,2019-07-01,10.0,1.0,False,0.1
hri1rbtf8po,2019-07-01,12.0,0.0,False,0.0
hrsmacysh3y,2019-07-01,10.0,209.0,True,20.9
htuab127ahl,2019-07-01,16.0,13.0,False,0.8125
hu9teoqtjbg,2019-07-01,8.0,33.0,True,4.125
hw58ar9a1f9,2019-07-01,30.0,3.0,False,0.1
hwlbe9d203n,2019-07-01,103.0,103.0,True,1.0
hws42h1w34h,2019-07-01,181.0,146.0,False,0.8066298342541437
hx0xda995jy,2019-07-01,30.0,18.0,False,0.6
hxdm9yd0nog,2019-07-01,26.0,7.0,False,0.2692307692307692
hy2fxwtm8mv,2019-07-01,244.0,96.0,False,0.39344262295081966
hytnu1kwsbz,2019-07-01,7.0,2.0,False,0.2857142857142857
hz23wwsj11j,2019-07-01,281.0,499.0,True,1.7758007117437722
hz6wcfzc1x3,2019-07-01,19.0,8.0,False,0.42105263157894735
hzw2qnbkmpb,2019-07-01,2.0,2.0,True,1.0
i0kfvmovrkt,2019-07-01,2.0,30.0,True,15.0
i163req6qx1,2019-07-01,31.0,13.0,False,0.41935483870967744
i1naxuayrhr,2019-07-01,274.0,36.0,False,0.13138686131386862
i3cmp8wp1am,2019-07-01,21.0,4.0,False,0.19047619047619047
i4ve3o1uqrg,2019-07-01,12.0,4.0,False,0.3333333333333333
i5ccfh0w89x,2019-07-01,80.0,84.0,True,1.05
i72cbxw9f85,2019-07-01,5.0,2.0,False,0.4
i7ebaqpruqs,2019-07-01,0.0,0.0,False,0.0
i89bblr7wfl,2019-07-01,39.0,4.0,False,0.10256410256410256
i9ichf6q6pf,2019-07-01,24.0,7.0,False,0.2916666666666667
icaig2apant,2019-07-01,27.0,6.0,False,0.2222222222222222
iceelhxda1l,2019-07-01,50.0,36.0,False,0.72
id25eobi5ev,2019-07-01,774.0,3969.0,True,5.127906976744186
id82rujkgaz,2019-07-01,5.0,5.0,True,1.0
idkw8u4bd28,2019-07-01,21.0,18.0,False,0.8571428571428571
idrvan4xiza,2019-07-01,0.0,56.0,False,5600000000.0
idsazd7u6t4,2019-07-01,103.0,76.0,False,0.7378640776699029
ie6742hjfqc,2019-07-01,4.0,196.0,True,49.0
ie8iu7ezsht,2019-07-01,20.0,3.0,False,0.15
iejw2wacy70,2019-07-01,5.0,7.0,True,1.4
ifcju31jdou,2019-07-01,10.0,5.0,False,0.5
iflpnbk7xag,2019-07-01,29.0,46.0,True,1.5862068965517242
igx9kk97hnb,2019-07-01,4.0,1.0,False,0.25
ihf84qiz0ym,2019-07-01,29.0,17.0,False,0.5862068965517241
ihhiwucnbih,2019-07-01,4.0,4.0,True,1.0
ihiuzj9318s,2019-07-01,6.0,3.0,False,0.5
ihizgk4pgzt,2019-07-01,20.0,1.0,False,0.05
ihvr7wmldiu,2019-07-01,4.0,7.0,True,1.75
ihzykk9x2eg,2019-07-01,15.0,1.0,False,0.06666666666666667
ij9pyu3664e,2019-07-01,14.0,0.0,False,0.0
ijxka0tju1m,2019-07-01,27.0,111.0,True,4.111111111111111
ikc2rik8yuj,2019-07-01,80.0,86.0,True,1.075
ilh0v3cq7yu,2019-07-01,21.0,4.0,False,0.19047619047619047
iltqieugzoq,2019-07-01,13.0,81.0,True,6.230769230769231
imq95kvin2b,2019-07-01,46.0,11.0,False,0.2391304347826087
indn3gn8j2x,2019-07-01,4.0,1.0,False,0.25
innyejvr58k,2019-07-01,109.0,12.0,False,0.11009174311926606
inuv9oraz3w,2019-07-01,27.0,71.0,True,2.6296296296296298
io9thv2jcb4,2019-07-01,59.0,13.0,False,0.22033898305084745
ip07chrb69a,2019-07-01,6.0,0.0,False,0.0
ip46f2w7lya,2019-07-01,0.0,53.0,False,5300000000.0
ipkh5ilec7e,2019-07-01,7.0,10.0,True,1.4285714285714286
iqqf39gb7f7,2019-07-01,6.0,13.0,True,2.1666666666666665
is3k0n5svo3,2019-07-01,84.0,16.0,False,0.19047619047619047
ismrhtb54o4,2019-07-01,8.0,2.0,False,0.25
isotzi7cez9,2019-07-01,24.0,43.0,True,1.7916666666666667
itcyw70ewyc,2019-07-01,18.0,65.0,True,3.611111111111111
iw8yiunj1ys,2019-07-01,18.0,27.0,True,1.5
iwd545ht1l8,2019-07-01,6.0,4.0,False,0.6666666666666666
iwif46q5bd5,2019-07-01,16.0,1.0,False,0.0625
iyf6ygojdrp,2019-07-01,27.0,9.0,False,0.3333333333333333
j00w40bzeu2,2019-07-01,11.0,13.0,True,1.1818181818181819
j1e3o0x7ev6,2019-07-01,49.0,48.0,False,0.9795918367346939
j2bw5jrg1in,2019-07-01,12.0,79.0,True,6.583333333333333
j2watcvuun6,2019-07-01,19.0,5.0,False,0.2631578947368421
j47g1ubfunu,2019-07-01,19.0,114.0,True,6.0
j4r7m13zrcq,2019-07-01,4.0,12.0,True,3.0
j64h6zi1jk9,2019-07-01,18.0,6.0,False,0.3333333333333333
j6702x2ebkt,2019-07-01,34.0,4.0,False,0.11764705882352941
j75qozdwhon,2019-07-01,0.0,318.0,False,31800000000.0
j9kz0leml7f,2019-07-01,9.0,9.0,True,1.0
ja7bxbxp056,2019-07-01,70.0,92.0,True,1.3142857142857143
jay98tudcgj,2019-07-01,10.0,2.0,False,0.2
jb63d3zkzva,2019-07-01,10.0,3.0,False,0.3
jbxrtkb3uda,2019-07-01,2.0,9.0,True,4.5
jc03qezpap7,2019-07-01,1.0,6.0,True,6.0
jcjb48rf3cb,2019-07-01,3.0,0.0,False,0.0
jcsxc9iximj,2019-07-01,39.0,3.0,False,0.07692307692307693
jdv5v0fdl1i,2019-07-01,8.0,6.0,False,0.75
je9wnjpjlum,2019-07-01,67.0,3.0,False,0.04477611940298507
jeqkcjo6o7p,2019-07-01,10.0,1.0,False,0.1
jewgqhe7xjo,2019-07-01,10.0,71.0,True,7.1
jf4qmxcr8uf,2019-07-01,29.0,11.0,False,0.3793103448275862
jfkcwjsmy3z,2019-07-01,136.0,46.0,False,0.3382352941176471
ji0ddg388kq,2019-07-01,231.0,477.0,True,2.064935064935065
jk2mkzahnsa,2019-07-01,3.0,3.0,True,1.0
jks5h9948p4,2019-07-01,18.0,30.0,True,1.6666666666666667
jlbdz79ofm2,2019-07-01,106.0,85.0,False,0.8018867924528302
jlim3wn7xrn,2019-07-01,9.0,0.0,False,0.0
jlsufhxjbw5,2019-07-01,887.0,903.0,True,1.0180383314543404
jm0g1o7vq8k,2019-07-01,63.0,50.0,False,0.7936507936507936
jmmilql78m7,2019-07-01,3.0,0.0,False,0.0
jmqkgfv2f24,2019-07-01,0.0,0.0,False,0.0
jn8h8l1l0q3,2019-07-01,23.0,6.0,False,0.2608695652173913
jou4ycqp3fd,2019-07-01,0.0,0.0,False,0.0
jp35nsvuo8v,2019-07-01,0.0,38.0,False,3800000000.0
jpufyxtlljr,2019-07-01,14.0,19.0,True,1.3571428571428572
jqf0tht6v7z,2019-07-01,11.0,4.0,False,0.36363636363636365
jqk1fgh73ns,2019-07-01,18.0,2.0,False,0.1111111111111111
jqldvm92alx,2019-07-01,52.0,147.0,True,2.826923076923077
jqotiduuaxt,2019-07-01,17.0,2.0,False,0.11764705882352941
jqpusjb5omt,2019-07-01,13.0,5.0,False,0.38461538461538464
jrmombthcjc,2019-07-01,4.0,0.0,False,0.0
js3xkv489g5,2019-07-01,41.0,22.0,False,0.5365853658536586
js6s44zmqzh,2019-07-01,18.0,2.0,False,0.1111111111111111
jt9i91dgg2y,2019-07-01,94.0,39.0,False,0.4148936170212766
ju025r5o7ek,2019-07-01,24.0,51.0,True,2.125
juz35lhcx40,2019-07-01,34.0,37.0,True,1.088235294117647
jv21m25w7wm,2019-07-01,0.0,0.0,False,0.0
jv52k8mpa3g,2019-07-01,5.0,11.0,True,2.2
jvcdlc81ock,2019-07-01,7.0,2.0,False,0.2857142857142857
jw9z5eogoju,2019-07-01,4.0,4.0,True,1.0
jx3fay60f8a,2019-07-01,21.0,0.0,False,0.0
jx6h9utb8x2,2019-07-01,12.0,29.0,True,2.4166666666666665
jyr3zcd2get,2019-07-01,24.0,13.0,False,0.5416666666666666
jzeofrdrbd5,2019-07-01,7.0,17.0,True,2.4285714285714284
k0203yil188,2019-07-01,4.0,10.0,True,2.5
k1c0nil87gw,2019-07-01,22.0,6.0,False,0.2727272727272727
k26g3u44fsk,2019-07-01,34.0,3.0,False,0.08823529411764706
k42xe298v70,2019-07-01,4.0,2.0,False,0.5
k4c2yssgzpo,2019-07-01,44.0,20.0,False,0.45454545454545453
k4ubnbz0pgz,2019-07-01,2.0,6.0,True,3.0
k5vke7slcl2,2019-07-01,27.0,1.0,False,0.037037037037037035
k6gqgdg3ely,2019-07-01,41.0,30.0,False,0.7317073170731707
k6j24jyq8ss,2019-07-01,39.0,0.0,False,0.0
k6ydegcktbi,2019-07-01,21.0,19.0,False,0.9047619047619048
k7t6flwh3yb,2019-07-01,9.0,0.0,False,0.0
k7zvo4whpbw,2019-07-01,0.0,0.0,False,0.0
k8reqia4v7j,2019-07-01,17.0,29.0,True,1.7058823529411764
k8uxbr6f1ze,2019-07-01,115.0,936.0,True,8.139130434782608
k9asy3gc69e,2019-07-01,78.0,17.0,False,0.21794871794871795
ka1pxb59ycv,2019-07-01,5.0,2.0,False,0.4
kayfdxz6ovn,2019-07-01,44.0,63.0,True,1.4318181818181819
kb3mkt5fgid,2019-07-01,10.0,1.0,False,0.1
kbf4b5a0xkk,2019-07-01,8.0,0.0,False,0.0
kbfiv65comk,2019-07-01,8.0,4.0,False,0.5
kblhpflwp54,2019-07-01,21.0,5.0,False,0.23809523809523808
kbqpnnxe1rk,2019-07-01,37.0,14.0,False,0.3783783783783784
kcu9lpo7ogm,2019-07-01,15.0,5.0,False,0.3333333333333333
kcwacvzk4xg,2019-07-01,6.0,2.0,False,0.3333333333333333
kdnygv7lkhx,2019-07-01,0.0,0.0,False,0.0
kegyr9qtuow,2019-07-01,0.0,9.0,False,900000000.0
kgn3nvddv27,2019-07-01,27.0,2.0,False,0.07407407407407407
khdbnk30q6s,2019-07-01,16.0,10.0,False,0.625
kiih6e3zua6,2019-07-01,6.0,1.0,False,0.16666666666666666
kjx12gxxwvn,2019-07-01,76.0,645.0,True,8.486842105263158
kky8l1rjvva,2019-07-01,50.0,169.0,True,3.38
kl2qstba35y,2019-07-01,0.0,0.0,False,0.0
kmdsuk4kt4j,2019-07-01,104.0,5.0,False,0.04807692307692308
kn9svozrb9y,2019-07-01,52.0,1.0,False,0.019230769230769232
knhzj1c7y1j,2019-07-01,53.0,1.0,False,0.018867924528301886
kovfesgpi8z,2019-07-01,15.0,2.0,False,0.13333333333333333
kpqpumuqqmk,2019-07-01,12.0,31.0,True,2.5833333333333335
kpy662b60xz,2019-07-01,14.0,2.0,False,0.14285714285714285
kqo651ud3v4,2019-07-01,3.0,1.0,False,0.3333333333333333
kr474c9rp1c,2019-07-01,9.0,7.0,False,0.7777777777777778
kr4lnuri2ge,2019-07-01,3.0,0.0,False,0.0
krag1z1o3bw,2019-07-01,42.0,23.0,False,0.5476190476190477
kt23iq8umee,2019-07-01,36.0,1.0,False,0.027777777777777776
ktqccudxhit,2019-07-01,10.0,12.0,True,1.2
ktvirkbvw4r,2019-07-01,14.0,0.0,False,0.0
ku3bp9hby3u,2019-07-01,16.0,23.0,True,1.4375
ku4jawvr3zx,2019-07-01,0.0,3.0,False,300000000.0
kuluvv8ll25,2019-07-01,14.0,14.0,True,1.0
kuq2hr010tw,2019-07-01,14.0,9.0,False,0.6428571428571429
kuxzpwwhhb2,2019-07-01,27.0,104.0,True,3.8518518518518516
kv7vv5uriun,2019-07-01,15.0,1.0,False,0.06666666666666667
kvi0e6g1zyv,2019-07-01,2.0,1.0,False,0.5
kvplg7ji2k7,2019-07-01,27.0,14.0,False,0.5185185185185185
kvqilywiv8c,2019-07-01,36.0,241.0,True,6.694444444444445
kw024u5i8i9,2019-07-01,20.0,18.0,False,0.9
kw3vwd9gj9a,2019-07-01,15.0,7.0,False,0.4666666666666667
kwf5bxgo1on,2019-07-01,21.0,18.0,False,0.8571428571428571
kx0toxepbb8,2019-07-01,4.0,145.0,True,36.25
ky72bqd9lct,2019-07-01,7.0,4.0,False,0.5714285714285714
kykc1g3xw8r,2019-07-01,44.0,57.0,True,1.2954545454545454
kyp6zv55umo,2019-07-01,48.0,28.0,False,0.5833333333333334
kzixvabpr9k,2019-07-01,51.0,31.0,False,0.6078431372549019
kzjg0cxt4ee,2019-07-01,44.0,27.0,False,0.6136363636363636
l05bk6nmdzz,2019-07-01,0.0,0.0,False,0.0
l09hhltwzfq,2019-07-01,8.0,5.0,False,0.625
l10rc5yrx7v,2019-07-01,47.0,2.0,False,0.0425531914893617
l2csifc1lzv,2019-07-01,346.0,111.0,False,0.3208092485549133
l3cwx3vnl8z,2019-07-01,1.0,0.0,False,0.0
l3x2a2vsnrh,2019-07-01,14.0,37.0,True,2.642857142857143
l421p9m57ue,2019-07-01,15.0,2.0,False,0.13333333333333333
l5w8hi9cjkb,2019-07-01,5.0,4.0,False,0.8
l60d1qn3wdl,2019-07-01,154.0,7.0,False,0.045454545454545456
l752fp2cjhx,2019-07-01,47.0,13.0,False,0.2765957446808511
l7tkq0e424p,2019-07-01,10.0,9.0,False,0.9
l83vs3957fz,2019-07-01,17.0,5.0,False,0.29411764705882354
l880gquvl2g,2019-07-01,14.0,9.0,False,0.6428571428571429
l9wur12a5hr,2019-07-01,22.0,3.0,False,0.13636363636363635
lb12lnap4gf,2019-07-01,20.0,45.0,True,2.25
lcoxyvvp67j,2019-07-01,43.0,0.0,False,0.0
lef9j2013im,2019-07-01,4.0,5.0,True,1.25
lglbxjgr8a0,2019-07-01,28.0,14.0,False,0.5
lgqmrqlwdfc,2019-07-01,22.0,43.0,True,1.9545454545454546
lh2otld7y76,2019-07-01,44.0,0.0,False,0.0
lhgydgzida8,2019-07-01,36.0,1.0,False,0.027777777777777776
lio0l784362,2019-07-01,0.0,0.0,False,0.0
ljm722fqjw2,2019-07-01,50.0,18.0,False,0.36
ljon9fubuz2,2019-07-01,27.0,1.0,False,0.037037037037037035
ljqz9dy7hou,2019-07-01,6.0,9.0,True,1.5
lkx9r6qzoqh,2019-07-01,36.0,26.0,False,0.7222222222222222
lmjth7hw93i,2019-07-01,10.0,2.0,False,0.2
lmkf6127ldq,2019-07-01,116.0,11.0,False,0.09482758620689655
lmoepu5rebq,2019-07-01,2.0,2.0,True,1.0
ln75f6s19ik,2019-07-01,6.0,2.0,False,0.3333333333333333
lnhseuol4jx,2019-07-01,15.0,0.0,False,0.0
lnywjz24l2v,2019-07-01,49.0,4.0,False,0.08163265306122448
lo31cd8fidc,2019-07-01,52.0,5.0,False,0.09615384615384616
lq9j9mt1hsy,2019-07-01,7.0,2.0,False,0.2857142857142857
lr8o9s9v1b6,2019-07-01,24.0,0.0,False,0.0
lrxnyk3hs7a,2019-07-01,5.0,1.0,False,0.2
lsn97uhhpkk,2019-07-01,135.0,135.0,True,1.0
lsz6j7maftp,2019-07-01,7.0,2.0,False,0.2857142857142857
lt6dbjoa8ik,2019-07-01,8.0,0.0,False,0.0
lttjpgyenxs,2019-07-01,8.0,4.0,False,0.5
ltvexvsc2a3,2019-07-01,67.0,129.0,True,1.9253731343283582
ludcf5ivyhx,2019-07-01,3.0,0.0,False,0.0
lv7gmha4ku6,2019-07-01,6.0,25.0,True,4.166666666666667
lvd60kgva69,2019-07-01,107.0,4.0,False,0.037383177570093455
lwbalio8six,2019-07-01,1.0,15.0,True,15.0
lwng1mi4g3u,2019-07-01,26.0,106.0,True,4.076923076923077
lxyzrlg15uj,2019-07-01,30.0,53.0,True,1.7666666666666666
lzq1mskqwnf,2019-07-01,10.0,1.0,False,0.1
lzwjoihxreu,2019-07-01,0.0,2.0,False,200000000.0
m0hdrnx0m2p,2019-07-01,58.0,3.0,False,0.05172413793103448
m1557pjmxfr,2019-07-01,40.0,15.0,False,0.375
m19nafd9h5z,2019-07-01,19.0,2.0,False,0.10526315789473684
m1v10ljv7b5,2019-07-01,0.0,3.0,False,300000000.0
m2z3ljufrb0,2019-07-01,31.0,165.0,True,5.32258064516129
m301wxhzx3n,2019-07-01,9.0,2.0,False,0.2222222222222222
m3g5uw9o9hq,2019-07-01,1258.0,1015.0,False,0.8068362480127186
m65aj3j06ss,2019-07-01,25.0,15.0,False,0.6
m68ot740grk,2019-07-01,0.0,0.0,False,0.0
m6fc75q2iun,2019-07-01,23.0,45.0,True,1.9565217391304348
m7787awld2l,2019-07-01,84.0,93.0,True,1.1071428571428572
m7npt7nuiel,2019-07-01,24.0,17.0,False,0.7083333333333334
m8k7iht95bm,2019-07-01,36.0,3.0,False,0.08333333333333333
m8wjtnbnjkq,2019-07-01,18.0,17.0,False,0.9444444444444444
m9vnyxw21i5,2019-07-01,3.0,10.0,True,3.3333333333333335
machsjjup71,2019-07-01,0.0,0.0,False,0.0
mat9b4lvdy1,2019-07-01,17.0,1.0,False,0.058823529411764705
mbbbgz0hup9,2019-07-01,4.0,18.0,True,4.5
mbh9xlfro55,2019-07-01,26.0,21.0,False,0.8076923076923077
mcqub0x8faz,2019-07-01,31.0,26.0,False,0.8387096774193549
mdwyny7ulz3,2019-07-01,36.0,12.0,False,0.3333333333333333
mef2eh85jdk,2019-07-01,25.0,1.0,False,0.04
methibl1o7o,2019-07-01,11.0,9.0,False,0.8181818181818182
mf6lerb825l,2019-07-01,12.0,3.0,False,0.25
mflopzwre5j,2019-07-01,33.0,20.0,False,0.6060606060606061
mg0rxdjla29,2019-07-01,22.0,11.0,False,0.5
mgj604sw6ri,2019-07-01,23.0,3.0,False,0.13043478260869565
mgmuh7xpfu6,2019-07-01,5.0,5.0,True,1.0
mgvij1p7wn5,2019-07-01,9.0,1.0,False,0.1111111111111111
mhykdya3wti,2019-07-01,2.0,1.0,False,0.5
miquop68vzi,2019-07-01,46.0,2.0,False,0.043478260869565216
mir87gqxkal,2019-07-01,3.0,1.0,False,0.3333333333333333
mj0dt9zefjd,2019-07-01,63.0,88.0,True,1.3968253968253967
mlih7881llh,2019-07-01,0.0,4.0,False,400000000.0
mmi6chfchff,2019-07-01,12.0,3.0,False,0.25
mmk6h854290,2019-07-01,0.0,0.0,False,0.0
mmprt7ke058,2019-07-01,14.0,8.0,False,0.5714285714285714
mnozildzdqr,2019-07-01,6.0,1.0,False,0.16666666666666666
mnpzyjyyzmd,2019-07-01,0.0,82.0,False,8200000000.0
mq9w8389fv8,2019-07-01,3.0,1.0,False,0.3333333333333333
mrliyrkmjpo,2019-07-01,246.0,988.0,True,4.016260162601626
mtno3p0bun7,2019-07-01,3.0,18.0,True,6.0
mwqdrn1i19v,2019-07-01,59.0,284.0,True,4.813559322033898
mxc9yjictd8,2019-07-01,25.0,13.0,False,0.52
mzo3jomb0mk,2019-07-01,30.0,19.0,False,0.6333333333333333
mzqd24hnb7r,2019-07-01,5.0,2.0,False,0.4
n0ewao2z0va,2019-07-01,16.0,72.0,True,4.5
n0oqm3lgwuh,2019-07-01,101.0,65.0,False,0.6435643564356436
n0p9f3czuvo,2019-07-01,8.0,11.0,True,1.375
n0xoyyvrx2b,2019-07-01,24.0,14.0,False,0.5833333333333334
n3w3r0gbie6,2019-07-01,6.0,6.0,True,1.0
n42kd52zv55,2019-07-01,9.0,1.0,False,0.1111111111111111
n4iachduehr,2019-07-01,7.0,27.0,True,3.857142857142857
n4o2yfie18b,2019-07-01,30.0,17.0,False,0.5666666666666667
n4yg5fubk7i,2019-07-01,42.0,41.0,False,0.9761904761904762
n54vd54uvn5,2019-07-01,12.0,13.0,True,1.0833333333333333
n5n0etwp6rk,2019-07-01,5.0,0.0,False,0.0
n6bzv1ag23f,2019-07-01,-4.0,99.0,False,9900000000.0
n6dba44xvtb,2019-07-01,40.0,2.0,False,0.05
n6hjo23l37u,2019-07-01,0.0,0.0,False,0.0
n6zt84gdj59,2019-07-01,9.0,4.0,False,0.4444444444444444
n76vwggrg60,2019-07-01,1.0,1.0,True,1.0
n7xab1ydmek,2019-07-01,48.0,14.0,False,0.2916666666666667
n9mglnclcg2,2019-07-01,16.0,7.0,False,0.4375
nas68j2w11a,2019-07-01,0.0,0.0,False,0.0
nb09trle6tn,2019-07-01,18.0,37.0,True,2.0555555555555554
nc26qytk491,2019-07-01,40.0,33.0,False,0.825
ncfxillitsl,2019-07-01,112.0,87.0,False,0.7767857142857143
nctpirbyghw,2019-07-01,7.0,1.0,False,0.14285714285714285
nd43qn4hlak,2019-07-01,156.0,36.0,False,0.23076923076923078
ne823mbdnh9,2019-07-01,38.0,2.0,False,0.05263157894736842
nehqz3ngayz,2019-07-01,60.0,0.0,False,0.0
nerxxxyubnr,2019-07-01,30.0,38.0,True,1.2666666666666666
nf5zs9cxp3h,2019-07-01,8.0,0.0,False,0.0
nfd0bzmi7vx,2019-07-01,31.0,26.0,False,0.8387096774193549
ng2sc1vdl73,2019-07-01,23.0,9.0,False,0.391304347826087
nghk0vqggg2,2019-07-01,11.0,8.0,False,0.7272727272727273
ngl05qt2q53,2019-07-01,0.0,0.0,False,0.0
ni6kbz1ocug,2019-07-01,13.0,6.0,False,0.46153846153846156
njhnwdh3na5,2019-07-01,3.0,9.0,True,3.0
njkrduqiqii,2019-07-01,3.0,0.0,False,0.0
njnjw1b3zp8,2019-07-01,20.0,27.0,True,1.35
nklriogawhs,2019-07-01,-1.0,29.0,False,2900000000.0
nlj9otzrbq3,2019-07-01,63.0,6.0,False,0.09523809523809523
nlsiso1vdgi,2019-07-01,30.0,2.0,False,0.06666666666666667
nlxg1gbw481,2019-07-01,11.0,2.0,False,0.18181818181818182
nm3ebnrk6km,2019-07-01,7.0,0.0,False,0.0
nm4eo5iaekj,2019-07-01,46.0,3.0,False,0.06521739130434782
nm660f4nzpv,2019-07-01,105.0,66.0,False,0.6285714285714286
nndflf3bsrw,2019-07-01,8.0,1.0,False,0.125
nnyseqxlirm,2019-07-01,1.0,30.0,True,30.0
nnzufyper7d,2019-07-01,10.0,25.0,True,2.5
no4tqoqh4gj,2019-07-01,105.0,13.0,False,0.12380952380952381
no8wqed2sr9,2019-07-01,22.0,2.0,False,0.09090909090909091
no9neukmuye,2019-07-01,31.0,34.0,True,1.096774193548387
nomsg6nclj6,2019-07-01,49.0,9.0,False,0.1836734693877551
nq2me3svf87,2019-07-01,45.0,7.0,False,0.15555555555555556
nqk59gqgwoq,2019-07-01,5.0,3.0,False,0.6
nqlerge2dbg,2019-07-01,19.0,0.0,False,0.0
nqxoar8arrw,2019-07-01,9.0,25.0,True,2.7777777777777777
nr3jz3uldca,2019-07-01,40.0,185.0,True,4.625
nrgvi96wb5p,2019-07-01,37.0,36.0,False,0.972972972972973
nryo6vo0t0g,2019-07-01,41.0,19.0,False,0.4634146341463415
nt4gi3se760,2019-07-01,0.0,7.0,False,700000000.0
ntp8lfp9kjv,2019-07-01,7.0,0.0,False,0.0
nu99og6nuu0,2019-07-01,0.0,0.0,False,0.0
nubjnkgini3,2019-07-01,61.0,4.0,False,0.06557377049180328
nult4xo86g2,2019-07-01,5.0,2.0,False,0.4
nuraejg9ce5,2019-07-01,19.0,7.0,False,0.3684210526315789
nv8ngxv9g1x,2019-07-01,343.0,92.0,False,0.26822157434402333
nvhlb3fzisd,2019-07-01,47.0,16.0,False,0.3404255319148936
nw31419v44a,2019-07-01,9.0,1.0,False,0.1111111111111111
nyavrgocvhn,2019-07-01,7.0,0.0,False,0.0
nyk3kni1o7f,2019-07-01,2.0,42.0,True,21.0
o150r2wrpwn,2019-07-01,16.0,6.0,False,0.375
o1ni218wkiy,2019-07-01,38.0,53.0,True,1.394736842105263
o3ve6acn0xx,2019-07-01,24.0,6.0,False,0.25
o524fogvojv,2019-07-01,4.0,13.0,True,3.25
o57bgjalx1j,2019-07-01,129.0,330.0,True,2.558139534883721
o5x22w26x43,2019-07-01,1.0,1.0,True,1.0
o6xktsez0dm,2019-07-01,178.0,54.0,False,0.30337078651685395
o77lqcki0a9,2019-07-01,2.0,13.0,True,6.5
o77pu640cir,2019-07-01,323.0,7.0,False,0.021671826625386997
o7asxz6e0fv,2019-07-01,15.0,0.0,False,0.0
o7nmqzuvl78,2019-07-01,6.0,6.0,True,1.0
o8xvetnn8cp,2019-07-01,25.0,48.0,True,1.92
o95japtta0b,2019-07-01,38.0,17.0,False,0.4473684210526316
obq8a4g841c,2019-07-01,77.0,167.0,True,2.168831168831169
ocp68dhzbfo,2019-07-01,1.0,0.0,False,0.0
odurvbu5jsg,2019-07-01,26.0,81.0,True,3.1153846153846154
ofuyt56i03g,2019-07-01,40.0,37.0,False,0.925
oggfpzs57ip,2019-07-01,10.0,12.0,True,1.2
ohhwcr7eibt,2019-07-01,0.0,2.0,False,200000000.0
ohtvats82i5,2019-07-01,0.0,0.0,False,0.0
oi0yvwhpy37,2019-07-01,29.0,81.0,True,2.793103448275862
oja7lsryb2l,2019-07-01,22.0,7.0,False,0.3181818181818182
okqlb70k3nd,2019-07-01,34.0,10.0,False,0.29411764705882354
ol5frwtcbio,2019-07-01,1.0,66.0,True,66.0
omtfs7c7xtj,2019-07-01,33.0,7.0,False,0.21212121212121213
ondhd1lvs83,2019-07-01,0.0,0.0,False,0.0
onna7quwpb6,2019-07-01,27.0,4.0,False,0.14814814814814814
oo86qgxgs7m,2019-07-01,14.0,1.0,False,0.07142857142857142
ooxvzf3esbh,2019-07-01,15.0,22.0,True,1.4666666666666666
oq3lodvtasu,2019-07-01,14.0,0.0,False,0.0
oqlax65uebn,2019-07-01,8.0,4.0,False,0.5
oqrl6eew4cp,2019-07-01,32.0,23.0,False,0.71875
orltcqtisqk,2019-07-01,6.0,0.0,False,0.0
os1kehjm8qi,2019-07-01,68.0,53.0,False,0.7794117647058824
ot8y037fhvz,2019-07-01,85.0,298.0,True,3.5058823529411764
outz8ms8vdw,2019-07-01,1.0,2.0,True,2.0
ov5jds1xfak,2019-07-01,21.0,10.0,False,0.47619047619047616
ovodf94e7wt,2019-07-01,33.0,8.0,False,0.24242424242424243
ovqxlm6q9me,2019-07-01,52.0,27.0,False,0.5192307692307693
oxpcfncpr9p,2019-07-01,45.0,24.0,False,0.5333333333333333
oxtz60tzksq,2019-07-01,43.0,15.0,False,0.3488372093023256
oy9s63wnr3v,2019-07-01,9.0,2.0,False,0.2222222222222222
oyd7s9cdj8w,2019-07-01,0.0,0.0,False,0.0
oyis9f6lzre,2019-07-01,0.0,42.0,False,4200000000.0
oyvdj2msvnb,2019-07-01,2.0,1.0,False,0.5
ozd9l7qid2z,2019-07-01,10.0,141.0,True,14.1
ozgh1ow32nd,2019-07-01,31.0,18.0,False,0.5806451612903226
ozhvb70kp42,2019-07-01,7.0,61.0,True,8.714285714285714
ozmg21l1s2f,2019-07-01,7.0,1.0,False,0.14285714285714285
ozu80hgo7mn,2019-07-01,24.0,13.0,False,0.5416666666666666
p0thd2vng07,2019-07-01,43.0,25.0,False,0.5813953488372093
p1gsqzl6lvj,2019-07-01,24.0,3.0,False,0.125
p33yr35x3t6,2019-07-01,169.0,29.0,False,0.17159763313609466
p3btr17w4wu,2019-07-01,29.0,26.0,False,0.896551724137931
p4sx5wjiv90,2019-07-01,76.0,55.0,False,0.7236842105263158
p4xfpntn3aw,2019-07-01,19.0,21.0,True,1.105263157894737
p5rtc8t4wdy,2019-07-01,0.0,0.0,False,0.0
p5u6pt2310q,2019-07-01,37.0,37.0,True,1.0
p63ivgs50xx,2019-07-01,2.0,2.0,True,1.0
p6wh68gayg2,2019-07-01,11.0,6.0,False,0.5454545454545454
p73sdroz103,2019-07-01,27.0,4.0,False,0.14814814814814814
p77hs8twbna,2019-07-01,8.0,19.0,True,2.375
p8wms4y0o8j,2019-07-01,41.0,649.0,True,15.829268292682928
pakkp9f3k97,2019-07-01,4.0,0.0,False,0.0
pb0za1vrto9,2019-07-01,7.0,4.0,False,0.5714285714285714
pb9m0wee6e6,2019-07-01,17.0,25.0,True,1.4705882352941178
pc8ktsdugru,2019-07-01,0.0,0.0,False,0.0
pc9a73jeb6j,2019-07-01,14.0,1.0,False,0.07142857142857142
pdhk5727fex,2019-07-01,20.0,14.0,False,0.7
pdndf3bcs86,2019-07-01,8.0,47.0,True,5.875
petc6890w34,2019-07-01,0.0,12.0,False,1200000000.0
pfcpa3chvsr,2019-07-01,3.0,8.0,True,2.6666666666666665
pfcpcdm2m4s,2019-07-01,0.0,35.0,False,3500000000.0
pfpj8uizwiw,2019-07-01,1.0,0.0,False,0.0
pgiyqxk8j7d,2019-07-01,12.0,5.0,False,0.4166666666666667
phh04zpphls,2019-07-01,315.0,3.0,False,0.009523809523809525
pik7y0j4kll,2019-07-01,23.0,9.0,False,0.391304347826087
pimd3p7orbx,2019-07-01,6.0,2.0,False,0.3333333333333333
pjat8xoxafz,2019-07-01,80.0,3.0,False,0.0375
pjxz820hcxv,2019-07-01,0.0,0.0,False,0.0
pkm7tneql4o,2019-07-01,0.0,128.0,False,12800000000.0
pl7ap49lv9q,2019-07-01,42.0,5.0,False,0.11904761904761904
plrbjog62pb,2019-07-01,51.0,8.0,False,0.1568627450980392
plsqisank6b,2019-07-01,11.0,8.0,False,0.7272727272727273
pmx3rqy88zf,2019-07-01,25.0,33.0,True,1.32
po27f14pffa,2019-07-01,38.0,3.0,False,0.07894736842105263
poszmpcoaey,2019-07-01,0.0,3.0,False,300000000.0
pp8oxan4pzi,2019-07-01,5.0,0.0,False,0.0
pptiu6s6dop,2019-07-01,0.0,34.0,False,3400000000.0
ppv5637qln0,2019-07-01,22.0,9.0,False,0.4090909090909091
prncvnpk5mf,2019-07-01,2.0,90.0,True,45.0
prx35jido8k,2019-07-01,19.0,29.0,True,1.5263157894736843
psg53lt2kiw,2019-07-01,6.0,0.0,False,0.0
psxvnbu6i43,2019-07-01,0.0,646.0,False,64600000000.0
pszh69dofcb,2019-07-01,176.0,119.0,False,0.6761363636363636
ptwbfomvd91,2019-07-01,19.0,1.0,False,0.05263157894736842
punwvsbh1ed,2019-07-01,379.0,0.0,False,0.0
pvj1m6jz703,2019-07-01,0.0,0.0,False,0.0
pvmach777p1,2019-07-01,4.0,0.0,False,0.0
pway6196sbe,2019-07-01,0.0,0.0,False,0.0
pwedvu96tnj,2019-07-01,18.0,2.0,False,0.1111111111111111
pxfau1k4udf,2019-07-01,33.0,7.0,False,0.21212121212121213
pxqb1hyo6p6,2019-07-01,9.0,5.0,False,0.5555555555555556
pz1hllpr7m0,2019-07-01,8.0,0.0,False,0.0
q0kcul43mob,2019-07-01,13.0,14.0,True,1.0769230769230769
q1fdroz4t17,2019-07-01,0.0,0.0,False,0.0
q2k1otyfuwy,2019-07-01,27.0,4.0,False,0.14814814814814814
q2up27z0xz7,2019-07-01,20.0,5.0,False,0.25
q3jk4myhctr,2019-07-01,22.0,3.0,False,0.13636363636363635
q3oi1kdnfq2,2019-07-01,24.0,200.0,True,8.333333333333334
q3yyjblgx0e,2019-07-01,36.0,23.0,False,0.6388888888888888
q4ryuxkumhl,2019-07-01,3.0,0.0,False,0.0
q6e0yhjo8na,2019-07-01,6.0,0.0,False,0.0
q6p4tb5e2sw,2019-07-01,8.0,9.0,True,1.125
q73ay0d4lz9,2019-07-01,0.0,0.0,False,0.0
q7w21kvuzcg,2019-07-01,1.0,1.0,True,1.0
q8535gsccia,2019-07-01,98.0,82.0,False,0.8367346938775511
q8d02qcht5w,2019-07-01,0.0,0.0,False,0.0
q9bx4ma53fo,2019-07-01,57.0,16.0,False,0.2807017543859649
qbf3b52q074,2019-07-01,47.0,3.0,False,0.06382978723404255
qclxtalzrih,2019-07-01,44.0,9.0,False,0.20454545454545456
qdz5lrrmlqw,2019-07-01,3.0,0.0,False,0.0
qfuevqhvscb,2019-07-01,15.0,1.0,False,0.06666666666666667
qfyykfkh498,2019-07-01,17.0,58.0,True,3.411764705882353
qij63gh3k4e,2019-07-01,0.0,2.0,False,200000000.0
qirbrbyfx24,2019-07-01,16.0,4.0,False,0.25
qj7600cur0f,2019-07-01,0.0,6.0,False,600000000.0
qja475ou9i4,2019-07-01,8.0,3.0,False,0.375
qjfcrdtmsrh,2019-07-01,451.19,135.97,False,0.3013586294022474
qkkcjll6act,2019-07-01,6.0,1.0,False,0.16666666666666666
qkm24vsqhuf,2019-07-01,66.0,35.0,False,0.5303030303030303
qkrp6jrj4aa,2019-07-01,18.0,24.0,True,1.3333333333333333
qktgyk1564n,2019-07-01,22.0,11.0,False,0.5
qlpfuzislfz,2019-07-01,24.0,11.0,False,0.4583333333333333
qltuhbqe0vb,2019-07-01,7.0,4.0,False,0.5714285714285714
qm11nzjz0oy,2019-07-01,7.0,5.0,False,0.7142857142857143
qmzj8bpqal5,2019-07-01,104.0,108.0,True,1.0384615384615385
qnhlb3zqucp,2019-07-01,16.0,6.0,False,0.375
qnxa68cg7qo,2019-07-01,64.0,11.0,False,0.171875
qnzz3hh4jej,2019-07-01,35.0,0.0,False,0.0
qo1romwc2f2,2019-07-01,0.0,0.0,False,0.0
qp23rykghp2,2019-07-01,4.0,8.0,True,2.0
qpx7fvn2gwr,2019-07-01,2.0,1.0,False,0.5
qq3ikd28qf8,2019-07-01,4.0,3.0,False,0.75
qqcjkjbh4wx,2019-07-01,5.0,1.0,False,0.2
qqqkf0u2u55,2019-07-01,13.0,0.0,False,0.0
qqurosa4ee3,2019-07-01,6.0,2.0,False,0.3333333333333333
qscfwj0tdht,2019-07-01,13.0,6.0,False,0.46153846153846156
qtekfijfr87,2019-07-01,58.0,17.0,False,0.29310344827586204
qwhpv606396,2019-07-01,7.0,2.0,False,0.2857142857142857
qwz7wucr5zy,2019-07-01,7.0,0.0,False,0.0
qxmzhs8ac4c,2019-07-01,4.0,2.0,False,0.5
qxs7xw7ogqs,2019-07-01,13.0,10.0,False,0.7692307692307693
qyip6iai67s,2019-07-01,29.0,6.0,False,0.20689655172413793
qzin2ahgksv,2019-07-01,33.0,21.0,False,0.6363636363636364
r0bsmqc1ppy,2019-07-01,24.0,42.0,True,1.75
r0vyb1jdw4n,2019-07-01,10.0,10.0,True,1.0
r1xh37labnq,2019-07-01,25.0,4.0,False,0.16
r298qnh1vp7,2019-07-01,12.0,7.0,False,0.5833333333333334
r2e6ucxfd15,2019-07-01,21.0,46.0,True,2.1904761904761907
r3i3i7tazh2,2019-07-01,22.0,0.0,False,0.0
r3ibo0orboi,2019-07-01,11.0,103.0,True,9.363636363636363
r5w4qk6ynix,2019-07-01,2.0,31.0,True,15.5
r5wd9k0azok,2019-07-01,29.0,12.0,False,0.41379310344827586
r6gtxjl6iug,2019-07-01,1.0,1.0,True,1.0
r7lfcl63dlc,2019-07-01,1.0,11.0,True,11.0
r7n15vej0cd,2019-07-01,29.0,3.0,False,0.10344827586206896
r8dwysl6m4d,2019-07-01,20.0,1.0,False,0.05
r8uymqq4gyv,2019-07-01,13.0,1.0,False,0.07692307692307693
r96zz2ebndx,2019-07-01,0.0,0.0,False,0.0
r9d2c7eefsy,2019-07-01,12.0,3.0,False,0.25
ra2zo1dzt17,2019-07-01,12.0,4.0,False,0.3333333333333333
ragxnfurw1c,2019-07-01,0.0,6.0,False,600000000.0
rays16href4,2019-07-01,11.0,39.0,True,3.5454545454545454
rbk4hsfccr4,2019-07-01,34.0,4.0,False,0.11764705882352941
rbzgsdg0ryt,2019-07-01,31.0,1.0,False,0.03225806451612903
rc378u6xaqj,2019-07-01,20.0,0.0,False,0.0
rcenzc3ev7z,2019-07-01,33.0,69.0,True,2.090909090909091
rcu2hwo0v4n,2019-07-01,10.0,1.0,False,0.1
rcw5vyziwq7,2019-07-01,38.0,14.0,False,0.3684210526315789
rex0qguzmpq,2019-07-01,0.0,0.0,False,0.0
rf31xi3vvk3,2019-07-01,14.0,2.0,False,0.14285714285714285
rfsisyfyu1f,2019-07-01,61.0,1.0,False,0.01639344262295082
rfwburmkfdy,2019-07-01,58.0,277.0,True,4.775862068965517
rh9q7gwbs0r,2019-07-01,39.0,54.0,True,1.3846153846153846
rilt8nrf54t,2019-07-01,8.0,2.0,False,0.25
riw6k8n8me4,2019-07-01,22.0,30.0,True,1.3636363636363635
rizblmtg1lt,2019-07-01,3.0,81.0,True,27.0
rjzd6eva3zv,2019-07-01,0.0,1.0,False,100000000.0
rliwjw1d7yz,2019-07-01,10.0,24.0,True,2.4
rn4cmxkc4oa,2019-07-01,57.0,86.0,True,1.5087719298245614
rn7g2k07poc,2019-07-01,11.0,3.0,False,0.2727272727272727
rnbvvc4kkw3,2019-07-01,52.0,92.0,True,1.7692307692307692
ro3olpa58a4,2019-07-01,1.0,32.0,True,32.0
ro450z22pw2,2019-07-01,13.0,19.0,True,1.4615384615384615
rojanfalp4n,2019-07-01,9.0,0.0,False,0.0
ronjg6rk8o7,2019-07-01,0.0,0.0,False,0.0
rprxjn12bsb,2019-07-01,28.0,28.0,True,1.0
rq25y2ei1qw,2019-07-01,5.0,16.0,True,3.2
rq2lbqjhwae,2019-07-01,3.0,0.0,False,0.0
rqbgvpzzxye,2019-07-01,25.0,2.0,False,0.08
rqyv4g3cz63,2019-07-01,0.0,0.0,False,0.0
rr4gzpoej32,2019-07-01,9.0,5.0,False,0.5555555555555556
rrq3kvbh7me,2019-07-01,17.0,25.0,True,1.4705882352941178
rsexscycgjd,2019-07-01,0.0,0.0,False,0.0
rswl3bfbx1w,2019-07-01,11.0,19.0,True,1.7272727272727273
rt3k6xlj9nf,2019-07-01,46.0,106.0,True,2.3043478260869565
rtc397hfp5z,2019-07-01,8.0,11.0,True,1.375
rtdzwzv1f7w,2019-07-01,73.0,15.0,False,0.2054794520547945
rul1m3snoy2,2019-07-01,6.0,2.0,False,0.3333333333333333
rv3low0g1s5,2019-07-01,10.0,52.0,True,5.2
rvy1hx9r1ky,2019-07-01,18.0,46.0,True,2.5555555555555554
rx6yxaegf7t,2019-07-01,51.0,4.0,False,0.0784313725490196
ry6f4l0w6qf,2019-07-01,1.0,0.0,False,0.0
ryfuu3gzva5,2019-07-01,18.0,48.0,True,2.6666666666666665
rypo8y0fjbo,2019-07-01,20.0,12.0,False,0.6
ryv2hoyhz9a,2019-07-01,193.0,21.0,False,0.10880829015544041
ryzmgat3by0,2019-07-01,38.0,80.0,True,2.1052631578947367
s0rh3nq7ipa,2019-07-01,11.0,1.0,False,0.09090909090909091
s180qe7oipc,2019-07-01,1.0,0.0,False,0.0
s2e8ub1p20e,2019-07-01,91.0,171.0,True,1.879120879120879
s2qa3zl2ixs,2019-07-01,5.0,3.0,False,0.6
s3dtch31hq0,2019-07-01,14.0,7.0,False,0.5
s47qaw7vnqs,2019-07-01,4.0,0.0,False,0.0
s5i3i2zojie,2019-07-01,28.0,1.0,False,0.03571428571428571
s64mpfnqqdt,2019-07-01,10.0,27.0,True,2.7
s69lqzjhum5,2019-07-01,3.0,3.0,True,1.0
s6im8utal75,2019-07-01,8.0,17.0,True,2.125
s6nmf9ncaiq,2019-07-01,29.0,5.0,False,0.1724137931034483
s6xlflk7b6g,2019-07-01,18.0,0.0,False,0.0
s6z0gmdbfnl,2019-07-01,20.0,5.0,False,0.25
s72am8azm8f,2019-07-01,45.0,243.0,True,5.4
s78v6egrkk8,2019-07-01,2.0,0.0,False,0.0
s7ay25e1v5l,2019-07-01,25.0,1.0,False,0.04
s7cihvs286n,2019-07-01,64.0,31.0,False,0.484375
s7usauuogef,2019-07-01,7.0,8.0,True,1.1428571428571428
s7vwnx2a6j4,2019-07-01,15.0,11.0,False,0.7333333333333333
s85dr4p55d8,2019-07-01,9.0,3.0,False,0.3333333333333333
s8g9xr31doc,2019-07-01,57.0,9.0,False,0.15789473684210525
s8ucardnyek,2019-07-01,33.0,19.0,False,0.5757575757575758
s95pn2fup9z,2019-07-01,3.0,0.0,False,0.0
s9dhkmhe470,2019-07-01,4.0,4.0,True,1.0
s9onhvwl53e,2019-07-01,2.0,3.0,True,1.5
sbi9czyvrc2,2019-07-01,29.0,5.0,False,0.1724137931034483
sblmz64pokl,2019-07-01,17.0,3.0,False,0.17647058823529413
sbpiox2admu,2019-07-01,14.0,58.0,True,4.142857142857143
sc47h88jxdh,2019-07-01,81.0,44.0,False,0.5432098765432098
sc8h9brb1l7,2019-07-01,26.0,22.0,False,0.8461538461538461
scv3m02vo2j,2019-07-01,18.0,17.0,False,0.9444444444444444
sdpmbq9univ,2019-07-01,4.0,7.0,True,1.75
sdquri9k6xw,2019-07-01,17.0,30.0,True,1.7647058823529411
sezh6rikrqk,2019-07-01,16.0,8.0,False,0.5
sfzuual4byl,2019-07-01,37.0,6.0,False,0.16216216216216217
sh5tbw1ugx5,2019-07-01,2.0,17.0,True,8.5
shemso7s7xy,2019-07-01,57.0,1.0,False,0.017543859649122806
shq45r9mexm,2019-07-01,10.0,11.0,True,1.1
shq68xeyh1k,2019-07-01,39.0,29.0,False,0.7435897435897436
shxywzq3suv,2019-07-01,0.0,45.0,False,4500000000.0
sindmz0kc3l,2019-07-01,370.0,568.0,True,1.5351351351351352
sirghdeuuae,2019-07-01,0.0,72.0,False,7200000000.0
siwf0wjg4vg,2019-07-01,7.0,0.0,False,0.0
skiu1sgj04s,2019-07-01,20.0,0.0,False,0.0
skp62px8eii,2019-07-01,79.0,11.0,False,0.13924050632911392
sldylog4xuq,2019-07-01,281.0,145.0,False,0.5160142348754448
sltbzns1ozr,2019-07-01,24.0,6.0,False,0.25
slwf3djr1aq,2019-07-01,10.0,0.0,False,0.0
smkug2a1k4b,2019-07-01,18.0,4.0,False,0.2222222222222222
sn4vie0qo2o,2019-07-01,0.0,2.0,False,200000000.0
snuqs2jp7cj,2019-07-01,14.0,5.0,False,0.35714285714285715
sojguzn5n1y,2019-07-01,139.0,8.0,False,0.05755395683453238
spnvnr14hl0,2019-07-01,8.0,2.0,False,0.25
sqerjw0a7vo,2019-07-01,47.0,1.0,False,0.02127659574468085
srmsqmx55m3,2019-07-01,27.0,14.0,False,0.5185185185185185
srpuhjgxqiy,2019-07-01,0.0,0.0,False,0.0
ss5hlqjr2fq,2019-07-01,29.0,1.0,False,0.034482758620689655
ss7o9g5aqsr,2019-07-01,22.0,7.0,False,0.3181818181818182
ssxm8lq45hq,2019-07-01,9.0,5.0,False,0.5555555555555556
stezuqbtana,2019-07-01,77.0,2.0,False,0.025974025974025976
stkb6rb642u,2019-07-01,4.0,0.0,False,0.0
sutn2jnovny,2019-07-01,9.0,9.0,True,1.0
suwqatx0vf6,2019-07-01,15.0,0.0,False,0.0
svm0guwd0lt,2019-07-01,10.0,2.0,False,0.2
swii99814mc,2019-07-01,0.0,38.0,False,3800000000.0
swzk6llhuv9,2019-07-01,19.0,0.0,False,0.0
sz1e58xaur4,2019-07-01,18.0,34.0,True,1.8888888888888888
t0chze7rg87,2019-07-01,160.0,86.0,False,0.5375
t2jllg00mz4,2019-07-01,2.0,19.0,True,9.5
t2uqrxpbuvs,2019-07-01,45.0,20.0,False,0.4444444444444444
t3axqjpe43j,2019-07-01,13.0,7.0,False,0.5384615384615384
t3c0l57vbsl,2019-07-01,23.0,8.0,False,0.34782608695652173
t4aer637pyn,2019-07-01,3.0,1.0,False,0.3333333333333333
t4ckhrmhvlo,2019-07-01,8.0,2.0,False,0.25
t4d6zu1vn7u,2019-07-01,9.0,0.0,False,0.0
t50ayjodadx,2019-07-01,0.0,0.0,False,0.0
t677dcse8ah,2019-07-01,6.0,1.0,False,0.16666666666666666
t68wp8ymln4,2019-07-01,54.0,19.0,False,0.35185185185185186
t720w7d086c,2019-07-01,16.0,3.0,False,0.1875
t7wuhurc687,2019-07-01,5.0,2.0,False,0.4
t8aiukrs5pu,2019-07-01,19.0,4.0,False,0.21052631578947367
t97wb22pj22,2019-07-01,103.0,304.0,True,2.9514563106796117
t9x3es1voil,2019-07-01,56.0,4.0,False,0.07142857142857142
ta27ixzajeh,2019-07-01,0.0,0.0,False,0.0
tb6j750klhi,2019-07-01,29.0,4.0,False,0.13793103448275862
tbkm3958fuc,2019-07-01,176.0,0.0,False,0.0
tc8oirgjnfl,2019-07-01,15.0,2.0,False,0.13333333333333333
tfbyp40lgp1,2019-07-01,26.0,18.0,False,0.6923076923076923
tfo7a2metru,2019-07-01,235.0,1.0,False,0.00425531914893617
tgn6vp71zjp,2019-07-01,0.0,1.0,False,100000000.0
th208c83pi6,2019-07-01,8.0,24.0,True,3.0
thccwkmpimv,2019-07-01,9.0,4.0,False,0.4444444444444444
thw7rnsb945,2019-07-01,2.0,18.0,True,9.0
tjedn3yimkr,2019-07-01,51.0,5.0,False,0.09803921568627451
tjindtgn33w,2019-07-01,0.0,0.0,False,0.0
tm0p3mp73v0,2019-07-01,37.0,10.0,False,0.2702702702702703
tm619ssrzlk,2019-07-01,722.0,679.0,False,0.9404432132963989
tn2edk9v92u,2019-07-01,60.0,41.0,False,0.6833333333333333
tn7kpv3uwjc,2019-07-01,12.0,2.0,False,0.16666666666666666
tnoecascpht,2019-07-01,134.0,34.0,False,0.2537313432835821
todkyo1ob5y,2019-07-01,6.0,8.0,True,1.3333333333333333
toh0js3ogld,2019-07-01,37.0,4.0,False,0.10810810810810811
tot26zadpk0,2019-07-01,16.0,6.0,False,0.375
tp8xqpd3i44,2019-07-01,14.0,15.0,True,1.0714285714285714
tpgt6yn0dfs,2019-07-01,15.0,1.0,False,0.06666666666666667
tqe3h8lyds3,2019-07-01,9.0,5.0,False,0.5555555555555556
tqvs671336m,2019-07-01,37.0,139.0,True,3.7567567567567566
tw8vdxuucyv,2019-07-01,10.0,5.0,False,0.5
twqome2qm6r,2019-07-01,33.0,7.0,False,0.21212121212121213
twv78lpndoz,2019-07-01,3.0,2.0,False,0.6666666666666666
txklxxdmssp,2019-07-01,40.0,67.0,True,1.675
txyavvgans3,2019-07-01,9.0,10.0,True,1.1111111111111112
ty2n54rqne9,2019-07-01,26.0,12.0,False,0.46153846153846156
tyfoaw4287i,2019-07-01,7.0,1.0,False,0.14285714285714285
tyk3hme559h,2019-07-01,58.0,66.0,True,1.1379310344827587
tztah005p7c,2019-07-01,15.0,7.0,False,0.4666666666666667
u0tonkcx9rf,2019-07-01,160.0,20.0,False,0.125
u0vdh6oyaid,2019-07-01,15.0,3.0,False,0.2
u0wojhnn21v,2019-07-01,0.0,84.0,False,8400000000.0
u1iuh965rmf,2019-07-01,30.0,18.0,False,0.6
u1l5zhwy7dd,2019-07-01,144.0,105.0,False,0.7291666666666666
u206llze4bo,2019-07-01,16.0,1.0,False,0.0625
u3bota62cms,2019-07-01,30.0,17.0,False,0.5666666666666667
u3jnupya6kz,2019-07-01,4.0,1.0,False,0.25
u3w6lbh4fnq,2019-07-01,34.0,5.0,False,0.14705882352941177
u53nivr9avc,2019-07-01,23.0,7.0,False,0.30434782608695654
u53qppx0nff,2019-07-01,26.0,8.0,False,0.3076923076923077
u69qzkart1g,2019-07-01,22.0,2.0,False,0.09090909090909091
u7uqt1wi7l8,2019-07-01,27.0,2.0,False,0.07407407407407407
u8l816re9hj,2019-07-01,14.0,0.0,False,0.0
u8nedw0cbhp,2019-07-01,262.0,458.0,True,1.748091603053435
u97zonp79w7,2019-07-01,7.0,0.0,False,0.0
ubm9yjwk73o,2019-07-01,43.0,289.0,True,6.72093023255814
ubsxsrkaqfv,2019-07-01,0.0,2.0,False,200000000.0
ucrnqkwqbpz,2019-07-01,12.0,2.0,False,0.16666666666666666
ucu0imafh5q,2019-07-01,18.0,2.0,False,0.1111111111111111
udbr9q44r38,2019-07-01,6.0,47.0,True,7.833333333333333
ueih6474iy7,2019-07-01,0.0,0.0,False,0.0
ufkyenqooxb,2019-07-01,0.0,13.0,False,1300000000.0
ug070971an5,2019-07-01,20.0,20.0,True,1.0
ug39cj2kulu,2019-07-01,36.0,43.0,True,1.1944444444444444
ug70m9vq8ke,2019-07-01,8.0,6.0,False,0.75
ug9p0s2splh,2019-07-01,67.0,2.0,False,0.029850746268656716
ugi065x2msa,2019-07-01,18.0,34.0,True,1.8888888888888888
uhmrrrgrgr1,2019-07-01,5.0,7.0,True,1.4
uisr8vl59gb,2019-07-01,34.0,3.0,False,0.08823529411764706
ukdxyl18d6i,2019-07-01,6.0,4.0,False,0.6666666666666666
ukgzjwr1qj2,2019-07-01,8.0,12.0,True,1.5
unitkt5meko,2019-07-01,0.0,0.0,False,0.0
uod9q42v804,2019-07-01,3.0,1.0,False,0.3333333333333333
uognid1ur24,2019-07-01,38.0,0.0,False,0.0
up48m1pqqaj,2019-07-01,74.0,127.0,True,1.7162162162162162
upk1rhppqw6,2019-07-01,14.0,10.0,False,0.7142857142857143
uq3ofy0qifi,2019-07-01,54.0,15.0,False,0.2777777777777778
uqjmjluta5u,2019-07-01,3.0,5.0,True,1.6666666666666667
uqvpgx61azu,2019-07-01,80.0,41.0,False,0.5125
urceg4zzb8u,2019-07-01,17.0,16.0,False,0.9411764705882353
usxvxj65tfg,2019-07-01,30.0,22.0,False,0.7333333333333333
utc5vlr81gm,2019-07-01,15.0,1.0,False,0.06666666666666667
uu8htwli71a,2019-07-01,31.0,3.0,False,0.0967741935483871
uutkkj4n9sn,2019-07-01,21.0,3.0,False,0.14285714285714285
uv10gf491qg,2019-07-01,7.0,2.0,False,0.2857142857142857
uvg4dfa5yux,2019-07-01,8.0,0.0,False,0.0
uw6h52qy2mo,2019-07-01,48.0,24.0,False,0.5
uysrpegkkax,2019-07-01,58.0,97.0,True,1.6724137931034482
uyxuwmc8a8h,2019-07-01,36.0,27.0,False,0.75
v08j1y4sjq9,2019-07-01,24.0,154.0,True,6.416666666666667
v0p9ge9vdnd,2019-07-01,10.0,0.0,False,0.0
v209gli552i,2019-07-01,41.0,2.0,False,0.04878048780487805
v3nnv8mr259,2019-07-01,23.0,44.0,True,1.9130434782608696
v4hz3n608zf,2019-07-01,25.0,24.0,False,0.96
v57yc9sslod,2019-07-01,7.0,3.0,False,0.42857142857142855
v5erxhi28m0,2019-07-01,19.0,218.0,True,11.473684210526315
v6zt9egdxu5,2019-07-01,14.0,1.0,False,0.07142857142857142
v7zk1zh72vj,2019-07-01,27.0,307.0,True,11.37037037037037
v95g54i3mn0,2019-07-01,7.0,0.0,False,0.0
vb8w9ra48df,2019-07-01,10.0,7.0,False,0.7
vbc3rqjnqg0,2019-07-01,0.0,0.0,False,0.0
vbe22x8cxm8,2019-07-01,43.0,55.0,True,1.2790697674418605
vbvmk9ope2l,2019-07-01,68.0,57.0,False,0.8382352941176471
vdm8c866ui7,2019-07-01,9.0,0.0,False,0.0
vei7nch8dgm,2019-07-01,13.0,13.0,True,1.0
vfay9jbgjem,2019-07-01,24.0,9.0,False,0.375
vgy2kd0p4wl,2019-07-01,29.0,82.0,True,2.8275862068965516
vgzzt6m1274,2019-07-01,19.0,4.0,False,0.21052631578947367
vh9ye31b0fd,2019-07-01,32.0,0.0,False,0.0
vjizmsw9fji,2019-07-01,6.0,0.0,False,0.0
vjlohs8bd1c,2019-07-01,10.0,0.0,False,0.0
vkpej513yph,2019-07-01,5.0,0.0,False,0.0
vlrn3qicryw,2019-07-01,11.0,24.0,True,2.1818181818181817
vlverirxc1z,2019-07-01,59.0,42.0,False,0.711864406779661
vlxl5ihr3pl,2019-07-01,16.0,13.0,False,0.8125
vm2p8db58an,2019-07-01,59.0,34.0,False,0.576271186440678
vnezlsd6e32,2019-07-01,16.0,0.0,False,0.0
vo1y10qjcu5,2019-07-01,10.0,2.0,False,0.2
voe6xpv89uh,2019-07-01,89.0,23.0,False,0.25842696629213485
vooeltwk2r8,2019-07-01,22.0,1.0,False,0.045454545454545456
voryhkspcda,2019-07-01,10.0,1.0,False,0.1
vp7fhklesec,2019-07-01,15.0,5.0,False,0.3333333333333333
vpx3d13rjnz,2019-07-01,45.0,2.0,False,0.044444444444444446
vsbvikzudaf,2019-07-01,0.0,0.0,False,0.0
vt73tnxwzp4,2019-07-01,52.0,19.0,False,0.36538461538461536
vu5zkybdr3z,2019-07-01,15.0,2.0,False,0.13333333333333333
vujco18pgzx,2019-07-01,95.0,41.0,False,0.43157894736842106
vuuooqmimfm,2019-07-01,28.0,1.0,False,0.03571428571428571
vvcfsh674m7,2019-07-01,23.0,9.0,False,0.391304347826087
vvck8ovelhn,2019-07-01,1.0,1.0,True,1.0
vx9nsdciqsw,2019-07-01,22.0,33.0,True,1.5
vym705m6y8l,2019-07-01,68.0,226.0,True,3.323529411764706
vz6dqdtt943,2019-07-01,15.0,2.0,False,0.13333333333333333
vzfrvw2z8m8,2019-07-01,85.0,16.0,False,0.18823529411764706
vzh8b26iuaz,2019-07-01,28.0,2.0,False,0.07142857142857142
w100iwcx1w0,2019-07-01,9.0,69.0,True,7.666666666666667
w1uociq1edt,2019-07-01,3.0,7.0,True,2.3333333333333335
w2k9og4qtp9,2019-07-01,3.0,5.0,True,1.6666666666666667
w2r7qwk03in,2019-07-01,9.0,1.0,False,0.1111111111111111
w2t6knpb9hb,2019-07-01,12.0,0.0,False,0.0
w33v3ov1fbf,2019-07-01,20.0,39.0,True,1.95
w3hs0mki34h,2019-07-01,4.0,0.0,False,0.0
w3w4f43ldg2,2019-07-01,0.0,2.0,False,200000000.0
w4lyq806a7i,2019-07-01,15.0,152.0,True,10.133333333333333
w4r2d9xzixg,2019-07-01,26.0,5.0,False,0.19230769230769232
w4tka38pljn,2019-07-01,9.0,8.0,False,0.8888888888888888
w51tiu2mufb,2019-07-01,2.0,0.0,False,0.0
w559l2ke1oe,2019-07-01,76.0,4.0,False,0.05263157894736842
w5hx4nweg13,2019-07-01,24.0,4.0,False,0.16666666666666666
w5jwspwzl8j,2019-07-01,23.0,3.0,False,0.13043478260869565
w5qudraeyss,2019-07-01,8.0,2.0,False,0.25
w6782xxl0jm,2019-07-01,7.0,1.0,False,0.14285714285714285
w6pm5idorba,2019-07-01,24.0,40.0,True,1.6666666666666667
w8u6k7s1vlp,2019-07-01,7.0,7.0,True,1.0
w8wdxeoetij,2019-07-01,0.0,0.0,False,0.0
w9b0ecuusma,2019-07-01,14.0,5.0,False,0.35714285714285715
w9qi2f8pjnc,2019-07-01,6.0,9.0,True,1.5
wa289ui9h06,2019-07-01,0.0,0.0,False,0.0
waeo6ri8q6l,2019-07-01,5.0,5.0,True,1.0
warlocs31xy,2019-07-01,1.0,23.0,True,23.0
wb201qxh4yi,2019-07-01,10.0,5.0,False,0.5
wbvnd3cabnu,2019-07-01,10.0,9.0,False,0.9
wc7bxbot7x5,2019-07-01,12.0,0.0,False,0.0
wc7jdskd4ac,2019-07-01,5.0,15.0,True,3.0
wdamlpmiwoi,2019-07-01,23.0,124.0,True,5.391304347826087
we3i97h5djq,2019-07-01,7.0,7.0,True,1.0
we47isivdpw,2019-07-01,0.0,0.0,False,0.0
wfrygitmguf,2019-07-01,2.0,1.0,False,0.5
wgl3qh2v29n,2019-07-01,11.0,8.0,False,0.7272727272727273
whdxdue80xd,2019-07-01,124.0,26.0,False,0.20967741935483872
wibkrt1yi5i,2019-07-01,97.0,216.0,True,2.2268041237113403
wjo52sq7blu,2019-07-01,48.0,2.0,False,0.041666666666666664
wkb83kgdl14,2019-07-01,6.0,6.0,True,1.0
wl0b636f8gl,2019-07-01,140.0,224.0,True,1.6
wl6cv8snt3e,2019-07-01,3.0,4.0,True,1.3333333333333333
wlqtzpp761t,2019-07-01,29.0,10.0,False,0.3448275862068966
wm1cj918y2k,2019-07-01,78.0,63.0,False,0.8076923076923077
wm9u7im1255,2019-07-01,16.0,0.0,False,0.0
wmzvlb4djog,2019-07-01,4.0,94.0,True,23.5
wn7c3or5qkr,2019-07-01,4.0,8.0,True,2.0
woc4f7fud6m,2019-07-01,24.0,61.0,True,2.5416666666666665
wpnoiy25rl1,2019-07-01,10.0,0.0,False,0.0
wre6nxdfczi,2019-07-01,7.0,0.0,False,0.0
wrtx9bnv1zz,2019-07-01,28.0,11.0,False,0.39285714285714285
ws3lecwsfij,2019-07-01,5.0,2.0,False,0.4
wsrzu5k65n6,2019-07-01,97.0,10.0,False,0.10309278350515463
wssik3ikgy4,2019-07-01,41.0,3.0,False,0.07317073170731707
wtds2lxd79i,2019-07-01,20.0,3.0,False,0.15
wtjfhdeut98,2019-07-01,2.0,1.0,False,0.5
wus2r1o6qzo,2019-07-01,174.0,162.0,False,0.9310344827586207
wuz1spxgrsv,2019-07-01,10.0,0.0,False,0.0
wv7uyjvhvfe,2019-07-01,9.0,6.0,False,0.6666666666666666
wvse8p3mnj5,2019-07-01,156.0,8.0,False,0.05128205128205128
wvt1yg5g411,2019-07-01,151.0,2.0,False,0.013245033112582781
wxe8fuwwtps,2019-07-01,26.0,15.0,False,0.5769230769230769
wxh1mxlln9j,2019-07-01,173.0,63.0,False,0.36416184971098264
x0nqperb7tk,2019-07-01,29.0,5.0,False,0.1724137931034483
x102yn1bn6n,2019-07-01,19.0,0.0,False,0.0
x1ex3wdkw40,2019-07-01,122.0,12.0,False,0.09836065573770492
x1mbwsfgl6k,2019-07-01,5.0,26.0,True,5.2
x1nvy65u8ly,2019-07-01,32.0,126.0,True,3.9375
x3e7azkbsxo,2019-07-01,0.0,0.0,False,0.0
x485ruva4x3,2019-07-01,62.0,21.0,False,0.3387096774193548
x49nmlsrr4n,2019-07-01,0.0,0.0,False,0.0
x4w86ey0qqe,2019-07-01,4.0,1.0,False,0.25
x5f8l523mga,2019-07-01,5.0,0.0,False,0.0
x70d9x20dcv,2019-07-01,103.0,229.0,True,2.2233009708737863
x7vvmxcu251,2019-07-01,6.0,6.0,True,1.0
x8t3qlxkrnp,2019-07-01,31.0,10.0,False,0.3225806451612903
x9ka25cfu39,2019-07-01,14.0,4.0,False,0.2857142857142857
xbo6wsqwxi9,2019-07-01,1.0,7.0,True,7.0
xccfjiwu62l,2019-07-01,2.0,0.0,False,0.0
xczm7pyalvw,2019-07-01,71.0,187.0,True,2.6338028169014085
xd3qdxm3g7a,2019-07-01,0.0,0.0,False,0.0
xdoxpbm2fnz,2019-07-01,111.0,1741.0,True,15.684684684684685
xf5823pj4m4,2019-07-01,35.0,11.0,False,0.3142857142857143
xflt91tw5v9,2019-07-01,22.0,1.0,False,0.045454545454545456
xfsmlkbyxb7,2019-07-01,4.0,1.0,False,0.25
xgjhxu000j1,2019-07-01,9.0,5.0,False,0.5555555555555556
xgxdvt9dbdz,2019-07-01,24.0,3.0,False,0.125
xhflot9enjm,2019-07-01,2.0,3.0,True,1.5
xicngem0hkt,2019-07-01,5.0,4.0,False,0.8
xk4p13koqek,2019-07-01,24.0,7.0,False,0.2916666666666667
xlt7gtarjm4,2019-07-01,0.0,0.0,False,0.0
xlubaegy192,2019-07-01,267.0,610.0,True,2.284644194756554
xm0rwhl8g72,2019-07-01,9.0,1.0,False,0.1111111111111111
xm0t40fn0d2,2019-07-01,17.0,12.0,False,0.7058823529411765
xmifwrdj5rq,2019-07-01,12.0,4.0,False,0.3333333333333333
xn2riivstct,2019-07-01,1.0,26.0,True,26.0
xnwo864pd91,2019-07-01,0.0,10.0,False,1000000000.0
xodf4svefyo,2019-07-01,75.0,263.0,True,3.506666666666667
xpm0vrt6bzv,2019-07-01,125.0,154.0,True,1.232
xpnonldjipn,2019-07-01,14.0,3.0,False,0.21428571428571427
xqbs1za2cb4,2019-07-01,47.0,21.0,False,0.44680851063829785
xqhi6xc2qq9,2019-07-01,7.0,2.0,False,0.2857142857142857
xrarie1qtml,2019-07-01,47.0,2.0,False,0.0425531914893617
xsfdz3lwejr,2019-07-01,12.0,21.0,True,1.75
xtfyj3mm5ic,2019-07-01,40.0,18.0,False,0.45
xtq3dgtp14v,2019-07-01,25.0,60.0,True,2.4
xw4kn0qjjhr,2019-07-01,16.0,2.0,False,0.125
xw6gyb03t51,2019-07-01,28.0,2.0,False,0.07142857142857142
xx1lnqmefcj,2019-07-01,29.0,5.0,False,0.1724137931034483
xy7glptspa6,2019-07-01,8.0,5.0,False,0.625
xyht7jc8hw6,2019-07-01,8.0,3.0,False,0.375
y0cubv0jqf0,2019-07-01,0.0,0.0,False,0.0
y0ejft161x4,2019-07-01,16.0,21.0,True,1.3125
y0wc7qhm4mx,2019-07-01,42.0,128.0,True,3.0476190476190474
y2m3zucxnvk,2019-07-01,12.0,35.0,True,2.9166666666666665
y31qjeg50rz,2019-07-01,18.0,17.0,False,0.9444444444444444
y3lt5qedz8r,2019-07-01,65.0,4.0,False,0.06153846153846154
y3o5p7sj6z9,2019-07-01,31.0,2.0,False,0.06451612903225806
y43chrd6xet,2019-07-01,29.0,48.0,True,1.6551724137931034
y5jzwlhh5ou,2019-07-01,0.0,0.0,False,0.0
y5wr99g8h28,2019-07-01,6.0,55.0,True,9.166666666666666
y6fbfm77r5h,2019-07-01,16.0,45.0,True,2.8125
y6fwcndm2rq,2019-07-01,21.0,8.0,False,0.38095238095238093
y7uhveklh64,2019-07-01,51.0,43.0,False,0.8431372549019608
y89gzj21b2d,2019-07-01,15.0,2.0,False,0.13333333333333333
y96coqb8e1d,2019-07-01,3.0,0.0,False,0.0
y970ddunupm,2019-07-01,30.0,21.0,False,0.7
yabh7x78vjq,2019-07-01,13.0,2.0,False,0.15384615384615385
yanfpuibx5g,2019-07-01,24.0,4.0,False,0.16666666666666666
ydb1otb4wn7,2019-07-01,13.0,6.0,False,0.46153846153846156
ydgof2k52hc,2019-07-01,100.0,14.0,False,0.14
yebbpufdsed,2019-07-01,0.0,2.0,False,200000000.0
yect3j5w5xh,2019-07-01,0.0,0.0,False,0.0
yeel2kmtoj1,2019-07-01,22.0,2.0,False,0.09090909090909091
yeozh4nge1f,2019-07-01,18.0,11.0,False,0.6111111111111112
yfhw8icykso,2019-07-01,16.0,0.0,False,0.0
yfnf49wf8wk,2019-07-01,16.0,7.0,False,0.4375
yfqc962elbg,2019-07-01,59.0,183.0,True,3.1016949152542375
yh7xf4dfin6,2019-07-01,18.0,0.0,False,0.0
yh8f768i2ad,2019-07-01,18.0,18.0,True,1.0
yju9nzai98z,2019-07-01,21.0,2.0,False,0.09523809523809523
yk28ly5j4yx,2019-07-01,19.0,9.0,False,0.47368421052631576
yl1wzuvyuzn,2019-07-01,144.0,238.0,True,1.6527777777777777
yljakhncsy7,2019-07-01,22.0,1.0,False,0.045454545454545456
ymchqlifrcr,2019-07-01,64.0,3.0,False,0.046875
ynogs6ql1l6,2019-07-01,68.0,12.0,False,0.17647058823529413
yoew9py4msz,2019-07-01,0.0,28.0,False,2800000000.0
yp7jihwm9mc,2019-07-01,2.0,4.0,True,2.0
yr8src2i4ce,2019-07-01,1.0,64.0,True,64.0
yrla7te8did,2019-07-01,0.0,0.0,False,0.0
ytlp4ll8vlr,2019-07-01,13.0,108.0,True,8.307692307692308
yuhgkuvvkl7,2019-07-01,5.0,1.0,False,0.2
yvgxgy3pxh9,2019-07-01,39.0,81.0,True,2.076923076923077
ywavmd5gr8b,2019-07-01,47.0,52.0,True,1.1063829787234043
ywu7t1sl6xw,2019-07-01,27.0,41.0,True,1.5185185185185186
yxmez0fkukz,2019-07-01,0.0,16.0,False,1600000000.0
yyf96dxyoes,2019-07-01,39.0,3.0,False,0.07692307692307693
yz980fjau76,2019-07-01,0.0,0.0,False,0.0
yzvx3unhcp7,2019-07-01,6.0,18.0,True,3.0
yzx9908p5b4,2019-07-01,3.0,6.0,True,2.0
z07oqi6s057,2019-07-01,27.0,10.0,False,0.37037037037037035
z0vtx91tdv6,2019-07-01,19.0,11.0,False,0.5789473684210527
z0wxc65p0kt,2019-07-01,5.0,18.0,True,3.6
z13887l6360,2019-07-01,2.0,2.0,True,1.0
z139wb0rpdi,2019-07-01,32.0,30.0,False,0.9375
z18gp0z5c92,2019-07-01,6.0,2.0,False,0.3333333333333333
z3ucy1cl01i,2019-07-01,22.0,2.0,False,0.09090909090909091
z41gol9ibuo,2019-07-01,15.0,1.0,False,0.06666666666666667
z5ecm85agcp,2019-07-01,5.0,11.0,True,2.2
z7y1m5htyi6,2019-07-01,40.0,19.0,False,0.475
z8mvztob2ra,2019-07-01,101.0,36.0,False,0.3564356435643564
z8wk9rqxwr3,2019-07-01,16.0,7.0,False,0.4375
z9a83r0oi2s,2019-07-01,4.0,3.0,False,0.75
zaylfiu3t1u,2019-07-01,23.0,38.0,True,1.6521739130434783
zbfibr6hurh,2019-07-01,20.0,28.0,True,1.4
zbh01a5r19e,2019-07-01,33.0,35.0,True,1.0606060606060606
zbhq7kn5lch,2019-07-01,13.0,2.0,False,0.15384615384615385
zcae9uugldd,2019-07-01,12.0,11.0,False,0.9166666666666666
zeme51uyzhf,2019-07-01,25.0,31.0,True,1.24
zew0zw544hu,2019-07-01,11.0,3.0,False,0.2727272727272727
zfberkxgv20,2019-07-01,12.0,23.0,True,1.9166666666666667
zgkr5xqhojb,2019-07-01,174.0,4.0,False,0.022988505747126436
zipmafti4g1,2019-07-01,0.0,0.0,False,0.0
ziv0icasvsq,2019-07-01,9.0,71.0,True,7.888888888888889
zj5uxyv70r6,2019-07-01,24.0,0.0,False,0.0
zj64d52k9q7,2019-07-01,0.0,1.0,False,100000000.0
zksy90vagbq,2019-07-01,3.0,0.0,False,0.0
zlhn3nrz3k1,2019-07-01,37.0,0.0,False,0.0
zln2y9igepl,2019-07-01,0.0,0.0,False,0.0
zlotfdl38em,2019-07-01,17.0,13.0,False,0.7647058823529411
zmfygnjunvg,2019-07-01,27.0,33.0,True,1.2222222222222223
zn8hlznf8sn,2019-07-01,26.0,13.0,False,0.5
zp1rwp87tf5,2019-07-01,42.0,22.0,False,0.5238095238095238
zpherp7b4jh,2019-07-01,23.0,5.0,False,0.21739130434782608
zpsnofwjlcz,2019-07-01,48.0,27.0,False,0.5625
zqfq9f9snut,2019-07-01,32.0,72.0,True,2.25
zrf0353r09a,2019-07-01,36.0,13.0,False,0.3611111111111111
zrfszsmtrqz,2019-07-01,53.0,18.0,False,0.33962264150943394
zrppmx95hn7,2019-07-01,3.0,4.0,True,1.3333333333333333
zrpv3xbinho,2019-07-01,0.0,0.0,False,0.0
zrwszghee8o,2019-07-01,6.0,1.0,False,0.16666666666666666
zsqz7tsc82y,2019-07-01,12.0,6.0,False,0.5
zt8wbfthf9r,2019-07-01,36.0,4.0,False,0.1111111111111111
ztlz8g6ruwy,2019-07-01,20.0,2.0,False,0.1
zu79ttunx8i,2019-07-01,3.0,0.0,False,0.0
zucuh515bef,2019-07-01,91.0,45.0,False,0.4945054945054945
zwh5yhmu14w,2019-07-01,17.0,5.0,False,0.29411764705882354
zwn2h1f7u7w,2019-07-01,37.0,207.0,True,5.594594594594595
zwrkukkkqjr,2019-07-01,17.0,0.0,False,0.0
zwxob9kqvc9,2019-07-01,0.0,0.0,False,0.0
zxrr7xzpmxx,2019-07-01,2.0,28.0,True,14.0
zy48ee9b466,2019-07-01,13.0,10.0,False,0.7692307692307693
zyhrrhik7zt,2019-07-01,18.0,5.0,False,0.2777777777777778
zyz4lcusiy6,2019-07-01,21.0,6.0,False,0.2857142857142857
zzm73krlac0,2019-07-01,55.0,5.0,False,0.09090909090909091
zzv3logjblt,2019-07-01,4.0,0.0,False,0.0
01ntrj3qj9j,2019-08-01,59.0,176.0,True,2.983050847457627
02fouwduzgn,2019-08-01,0.0,0.0,False,0.0
02mrj37btaj,2019-08-01,41.0,7.0,False,0.17073170731707318
02pk9tq4a7l,2019-08-01,203.0,230.0,True,1.1330049261083743
039mzypf7lf,2019-08-01,5.0,24.0,True,4.8
04gwopyn6ng,2019-08-01,29.0,33.0,True,1.1379310344827587
04vc71z1knc,2019-08-01,30.0,48.0,True,1.6
060iz1blga9,2019-08-01,0.0,0.0,False,0.0
06m0unfyki1,2019-08-01,102.0,14.0,False,0.13725490196078433
06yoc7bt928,2019-08-01,2.0,0.0,False,0.0
06zjudzbk1m,2019-08-01,35.0,16.0,False,0.45714285714285713
0798slmbnf9,2019-08-01,7.0,2.0,False,0.2857142857142857
07p7qcx41nf,2019-08-01,15.0,32.0,True,2.1333333333333333
07pcigvb0g5,2019-08-01,21.0,30.0,True,1.4285714285714286
08ux4d1znud,2019-08-01,24.0,3.0,False,0.125
09tbi8ws4kv,2019-08-01,28.0,359.0,True,12.821428571428571
0amazxhzuxn,2019-08-01,47.0,35.0,False,0.7446808510638298
0b9zwxddi88,2019-08-01,29.0,38.0,True,1.3103448275862069
0bdpo7dmmsb,2019-08-01,10.0,94.0,True,9.4
0bq7mfzn9lk,2019-08-01,0.0,12.0,False,1200000000.0
0c60xrjm0te,2019-08-01,19.0,1.0,False,0.05263157894736842
0d4vjmpt6z3,2019-08-01,-1.0,0.0,False,0.0
0eaxxwmhuql,2019-08-01,129.0,3.0,False,0.023255813953488372
0enkgy0xzpy,2019-08-01,16.0,11.0,False,0.6875
0g59nta5c4b,2019-08-01,17.0,16.0,False,0.9411764705882353
0glsii58kqc,2019-08-01,45.0,32.0,False,0.7111111111111111
0h0iris3jbm,2019-08-01,1019.0,807.0,False,0.7919528949950932
0idal3ttka1,2019-08-01,17.0,0.0,False,0.0
0j7yiv8zurj,2019-08-01,83.0,85.0,True,1.0240963855421688
0jbcen7ikmq,2019-08-01,2.0,2.0,True,1.0
0jdtxgpze7j,2019-08-01,53.0,34.0,False,0.6415094339622641
0kzj1kkhn41,2019-08-01,20.0,12.0,False,0.6
0l1mve71wo4,2019-08-01,16.0,0.0,False,0.0
0m9896yuiju,2019-08-01,13.0,8.0,False,0.6153846153846154
0m9x8cpstjf,2019-08-01,3.0,2.0,False,0.6666666666666666
0nc2otlja04,2019-08-01,0.0,0.0,False,0.0
0ncvx0wbjs4,2019-08-01,18.0,160.0,True,8.88888888888889
0nfbjmv4wcf,2019-08-01,103.0,286.0,True,2.7766990291262137
0osqqj1wazo,2019-08-01,36.0,6.0,False,0.16666666666666666
0pt3oj1rdoz,2019-08-01,23.0,23.0,True,1.0
0r5rp29qa6d,2019-08-01,9.0,5.0,False,0.5555555555555556
0rfavjq4hrn,2019-08-01,5.0,6.0,True,1.2
0srfeji2ly0,2019-08-01,63.0,20.0,False,0.31746031746031744
0t90pnbese9,2019-08-01,20.0,1.0,False,0.05
0u7xk68h5ou,2019-08-01,11.0,4.0,False,0.36363636363636365
0ug6xcxo0y5,2019-08-01,23.0,18.0,False,0.782608695652174
0uwwx7ut7g3,2019-08-01,8.0,17.0,True,2.125
0v5gffwkaf5,2019-08-01,10.0,11.0,True,1.1
0vfedsdz82m,2019-08-01,24.0,18.0,False,0.75
0wgs83rhkqk,2019-08-01,0.0,0.0,False,0.0
0wulrdrn3jz,2019-08-01,9.0,5.0,False,0.5555555555555556
0znvkfqu4gb,2019-08-01,1.0,0.0,False,0.0
0zo41cr2vub,2019-08-01,11.0,23.0,True,2.090909090909091
0zzwcumq4qj,2019-08-01,50.0,39.0,False,0.78
10b7m8mhs11,2019-08-01,43.0,0.0,False,0.0
10oi2f4f1br,2019-08-01,0.0,1.0,False,100000000.0
10xfjy4d39q,2019-08-01,4.0,0.0,False,0.0
11zwco4ou3n,2019-08-01,0.0,0.0,False,0.0
13vtfcnre28,2019-08-01,38.0,0.0,False,0.0
145ynp7dty4,2019-08-01,53.0,66.0,True,1.2452830188679245
14suo0mpm7g,2019-08-01,36.0,94.0,True,2.611111111111111
15sra9bxazd,2019-08-01,10.0,31.0,True,3.1
16pglkxmv44,2019-08-01,23.0,5.0,False,0.21739130434782608
170nmxeyo7u,2019-08-01,17.0,13.0,False,0.7647058823529411
18iebc6js9a,2019-08-01,8.0,3.0,False,0.375
18wt5lcja0u,2019-08-01,17.0,87.0,True,5.117647058823529
19ad6vgw8rb,2019-08-01,0.0,3.0,False,300000000.0
19c6thiw8oy,2019-08-01,2.0,0.0,False,0.0
1cqu4739nyz,2019-08-01,40.0,20.0,False,0.5
1d1r9qeqptp,2019-08-01,0.0,0.0,False,0.0
1dgfb3ormrv,2019-08-01,46.0,9.0,False,0.1956521739130435
1dn8bogwen2,2019-08-01,13.0,21.0,True,1.6153846153846154
1dpc1483i03,2019-08-01,11.0,2.0,False,0.18181818181818182
1edyi2s93vv,2019-08-01,37.0,9.0,False,0.24324324324324326
1epwutoik36,2019-08-01,1.0,2.0,True,2.0
1fhnngzkx15,2019-08-01,20.0,12.0,False,0.6
1h289no4e56,2019-08-01,7.0,6.0,False,0.8571428571428571
1h88db0vz5m,2019-08-01,0.0,0.0,False,0.0
1hzbzwb869b,2019-08-01,36.0,8.0,False,0.2222222222222222
1i576jf9h31,2019-08-01,10.0,8.0,False,0.8
1in1p2rxvwg,2019-08-01,30.0,47.0,True,1.5666666666666667
1ipn12timoa,2019-08-01,12.0,3.0,False,0.25
1iqdxjnhc9r,2019-08-01,14.0,0.0,False,0.0
1ixdnyfh8yq,2019-08-01,9.0,10.0,True,1.1111111111111112
1ka3cex1gw0,2019-08-01,48.0,2.0,False,0.041666666666666664
1ktd9jpuw1d,2019-08-01,14.0,6.0,False,0.42857142857142855
1laxvyyloif,2019-08-01,7.0,6.0,False,0.8571428571428571
1lg71vrhjpj,2019-08-01,57.0,280.0,True,4.912280701754386
1lmp6gvxyqy,2019-08-01,9.0,17.0,True,1.8888888888888888
1m0w0h22elj,2019-08-01,30.0,12.0,False,0.4
1m1mft53hk7,2019-08-01,48.0,407.0,True,8.479166666666666
1mwy8n9ivf2,2019-08-01,12.0,2.0,False,0.16666666666666666
1n9xh1fny9w,2019-08-01,49.0,14.0,False,0.2857142857142857
1nk73f30pwv,2019-08-01,8.0,0.0,False,0.0
1oykaeypl2a,2019-08-01,5.0,0.0,False,0.0
1p8n6eftxni,2019-08-01,6.0,0.0,False,0.0
1pztxak9xyv,2019-08-01,6.0,5.0,False,0.8333333333333334
1q7rekcza9b,2019-08-01,5.0,5.0,True,1.0
1qoqfkb1xgn,2019-08-01,9.0,3.0,False,0.3333333333333333
1ryxau47r5w,2019-08-01,0.0,0.0,False,0.0
1stslvp97hu,2019-08-01,80.0,18.0,False,0.225
1t7pyqara3n,2019-08-01,78.0,257.0,True,3.2948717948717947
1u9r7egtexa,2019-08-01,1.0,0.0,False,0.0
1uuae2zqy2b,2019-08-01,5.0,2.0,False,0.4
1uulpoadh2n,2019-08-01,73.0,28.0,False,0.3835616438356164
1ve6uxxky5x,2019-08-01,1.0,0.0,False,0.0
1vg9h23gwsg,2019-08-01,0.0,2.0,False,200000000.0
1wdgnkkz5yw,2019-08-01,14.0,11.0,False,0.7857142857142857
1wsuv6pcgn3,2019-08-01,5.0,4.0,False,0.8
1y41tivcgd8,2019-08-01,20.0,39.0,True,1.95
1ypqvxb97jc,2019-08-01,16.0,9.0,False,0.5625
1yxiyjkxtdt,2019-08-01,7.0,0.0,False,0.0
1z5vhdsnbfh,2019-08-01,0.0,3.0,False,300000000.0
1z8pvo3mwcp,2019-08-01,33.0,108.0,True,3.272727272727273
20b4l2pe9i2,2019-08-01,16.0,18.0,True,1.125
20gq5x8lbtb,2019-08-01,3.0,0.0,False,0.0
20m462qom05,2019-08-01,110.0,112.0,True,1.018181818181818
23ie888k9ej,2019-08-01,54.0,592.0,True,10.962962962962964
25czj70u5tv,2019-08-01,201.0,81.0,False,0.40298507462686567
26ll7kny13u,2019-08-01,47.0,129.0,True,2.74468085106383
27ehlrfdh1k,2019-08-01,18.0,7.0,False,0.3888888888888889
28g1xuzalw2,2019-08-01,18.0,5.0,False,0.2777777777777778
292kxhv7vpc,2019-08-01,18.0,4.0,False,0.2222222222222222
2a1qkdnx82w,2019-08-01,10.0,4.0,False,0.4
2aal15ii53c,2019-08-01,3.0,1.0,False,0.3333333333333333
2akkt9hjz6h,2019-08-01,0.0,0.0,False,0.0
2b4ihdyts1t,2019-08-01,-2.0,581.0,False,58100000000.0
2btl1931ku8,2019-08-01,8.0,5.0,False,0.625
2dxpntjlne0,2019-08-01,8.0,1.0,False,0.125
2dy3bnzuk83,2019-08-01,17.0,6.0,False,0.35294117647058826
2eeza4ibzl7,2019-08-01,130.0,12.0,False,0.09230769230769231
2fhh6s9iyrl,2019-08-01,8.0,4.0,False,0.5
2geezvbvufl,2019-08-01,2.0,84.0,True,42.0
2gnhi26f2t3,2019-08-01,0.0,0.0,False,0.0
2hf1tmsgvaj,2019-08-01,8.0,5.0,False,0.625
2j05vgnko4z,2019-08-01,2.0,6.0,True,3.0
2k9efx7e9j9,2019-08-01,13.0,2.0,False,0.15384615384615385
2kpz7m3e817,2019-08-01,33.0,7.0,False,0.21212121212121213
2ldpgf1qqo0,2019-08-01,71.0,38.0,False,0.5352112676056338
2ofpw4mlpik,2019-08-01,39.0,667.0,True,17.102564102564102
2pe0wltwkej,2019-08-01,58.0,94.0,True,1.6206896551724137
2phci22bxd2,2019-08-01,52.0,30.0,False,0.5769230769230769
2shgz5q8uks,2019-08-01,59.0,24.0,False,0.4067796610169492
2sukrpnwqux,2019-08-01,5.0,0.0,False,0.0
2t1e4os4ay3,2019-08-01,1.0,0.0,False,0.0
2tj29jjqk4l,2019-08-01,24.0,29.0,True,1.2083333333333333
2uavtrp0njq,2019-08-01,23.0,38.0,True,1.6521739130434783
2uvgwox1u1s,2019-08-01,27.0,127.0,True,4.703703703703703
2vvgy127c7u,2019-08-01,0.0,29.0,False,2900000000.0
2wdqew71ht9,2019-08-01,28.0,58.0,True,2.0714285714285716
2wn3snp0fin,2019-08-01,31.0,65.0,True,2.096774193548387
2wxo72zjfx6,2019-08-01,8.0,2.0,False,0.25
2x7c2zvf4x5,2019-08-01,10.0,128.0,True,12.8
2xn9677mql6,2019-08-01,180.0,0.0,False,0.0
2xu1nwrwrl3,2019-08-01,49.0,128.0,True,2.6122448979591835
2xu30w2tks3,2019-08-01,13.0,0.0,False,0.0
2yv74oscax7,2019-08-01,134.0,32.0,False,0.23880597014925373
2zxrmobzwmo,2019-08-01,25.0,50.0,True,2.0
30h1fq8usp8,2019-08-01,24.0,0.0,False,0.0
3280sc5oytp,2019-08-01,9.0,6.0,False,0.6666666666666666
32rwb9yb78d,2019-08-01,6.0,7.0,True,1.1666666666666667
330isotvbaa,2019-08-01,11.0,1.0,False,0.09090909090909091
336q9837skz,2019-08-01,25.0,5.0,False,0.2
33d8t8rkkg4,2019-08-01,8.0,18.0,True,2.25
34rh2ygd8xm,2019-08-01,88.0,160.0,True,1.8181818181818181
354hgryd0kt,2019-08-01,8.0,7.0,False,0.875
35jtvam7htr,2019-08-01,26.0,8.0,False,0.3076923076923077
35rc1us3p9c,2019-08-01,2.0,31.0,True,15.5
362t6uhq78r,2019-08-01,11.0,25.0,True,2.272727272727273
3637hh0mfgb,2019-08-01,3.0,6.0,True,2.0
36h83ags0gf,2019-08-01,5.0,17.0,True,3.4
36i5a863xvn,2019-08-01,7.0,0.0,False,0.0
36ig9yqeqaf,2019-08-01,15.0,82.0,True,5.466666666666667
36telvtop24,2019-08-01,16.0,9.0,False,0.5625
385kxuguhj4,2019-08-01,5.0,0.0,False,0.0
38f20la1w9p,2019-08-01,102.0,31.0,False,0.30392156862745096
38q89az3t1k,2019-08-01,11.0,111.0,True,10.090909090909092
39g3bv36bvc,2019-08-01,47.0,22.0,False,0.46808510638297873
39ta8pk4v0t,2019-08-01,18.0,6.0,False,0.3333333333333333
3axyc2nronr,2019-08-01,98.0,83.0,False,0.8469387755102041
3aymp8k11ge,2019-08-01,14.0,8.0,False,0.5714285714285714
3bx5agruial,2019-08-01,15.0,15.0,True,1.0
3c51e6d57xb,2019-08-01,0.0,0.0,False,0.0
3c7ay0acey7,2019-08-01,0.0,0.0,False,0.0
3c7r5qc7uti,2019-08-01,23.0,21.0,False,0.9130434782608695
3ch3zt0fpds,2019-08-01,153.0,21.0,False,0.13725490196078433
3clcd0p0cmx,2019-08-01,14.0,3.0,False,0.21428571428571427
3cz8hpdh2zf,2019-08-01,4.0,0.0,False,0.0
3dfjlqeox2m,2019-08-01,127.0,109.0,False,0.8582677165354331
3eex5g91uri,2019-08-01,0.0,0.0,False,0.0
3fpa3d61e38,2019-08-01,5.0,7.0,True,1.4
3g67s0yu6wj,2019-08-01,54.0,14.0,False,0.25925925925925924
3h2pt34ym7t,2019-08-01,13.0,2.0,False,0.15384615384615385
3h3cmkofn32,2019-08-01,3.0,5.0,True,1.6666666666666667
3hnbpu6yrce,2019-08-01,36.0,2.0,False,0.05555555555555555
3j36f4o1k8r,2019-08-01,5.0,3.0,False,0.6
3jqboox3uh0,2019-08-01,2.0,2.0,True,1.0
3jzkr9fxan0,2019-08-01,25.0,0.0,False,0.0
3k0hcxf64rf,2019-08-01,18.0,98.0,True,5.444444444444445
3k9jcbmfy93,2019-08-01,64.0,12.0,False,0.1875
3ko02g9wbm7,2019-08-01,5.0,0.0,False,0.0
3koulvna3m6,2019-08-01,22.0,2.0,False,0.09090909090909091
3kzmfb0a8oc,2019-08-01,17.0,10.0,False,0.5882352941176471
3l99onde4vw,2019-08-01,16.0,2.0,False,0.125
3lyudh8o9lv,2019-08-01,17.0,0.0,False,0.0
3m4me04pvvs,2019-08-01,0.0,0.0,False,0.0
3oy9qzdxjo9,2019-08-01,22.0,318.0,True,14.454545454545455
3pcy0823poj,2019-08-01,47.0,10.0,False,0.2127659574468085
3pf3ztzns2i,2019-08-01,0.0,0.0,False,0.0
3pmbc7caor4,2019-08-01,44.0,15.0,False,0.3409090909090909
3pohohidj11,2019-08-01,75.0,17.0,False,0.22666666666666666
3q5c6qppx3y,2019-08-01,3.0,3.0,True,1.0
3q5rx5lbjyn,2019-08-01,26.0,46.0,True,1.7692307692307692
3qy3ho76fhc,2019-08-01,11.0,98.0,True,8.909090909090908
3sc73yowp41,2019-08-01,6.0,17.0,True,2.8333333333333335
3svvg21r52i,2019-08-01,15.0,14.0,False,0.9333333333333333
3uf8052uhqr,2019-08-01,66.0,0.0,False,0.0
3vhn7guiug8,2019-08-01,14.0,20.0,True,1.4285714285714286
3vl6ghijwii,2019-08-01,0.0,0.0,False,0.0
3w3lrhl21ac,2019-08-01,14.0,7.0,False,0.5
3x6c7gqh4to,2019-08-01,15.0,40.0,True,2.6666666666666665
3xkt2uujz42,2019-08-01,20.0,50.0,True,2.5
3xvhrp46eig,2019-08-01,22.0,80.0,True,3.6363636363636362
3y15uekq00k,2019-08-01,5.0,2.0,False,0.4
3ydijz22wpc,2019-08-01,4.0,0.0,False,0.0
3yvsud9vypm,2019-08-01,0.0,4.0,False,400000000.0
3yz1av3nzx0,2019-08-01,0.0,0.0,False,0.0
3zp9bq57mbz,2019-08-01,16.0,2.0,False,0.125
40ecdr01s04,2019-08-01,26.0,3.0,False,0.11538461538461539
40mjml3zswj,2019-08-01,55.0,226.0,True,4.109090909090909
41b94k2cwse,2019-08-01,117.0,67.0,False,0.5726495726495726
41c7iyk4hp2,2019-08-01,3.0,4.0,True,1.3333333333333333
41nxcahowxc,2019-08-01,4.0,5.0,True,1.25
41pyamyys8y,2019-08-01,26.0,53.0,True,2.0384615384615383
422sbyi8j7a,2019-08-01,4.0,14.0,True,3.5
42erq4fqgwf,2019-08-01,0.0,5.0,False,500000000.0
435adksgsbf,2019-08-01,13.0,1.0,False,0.07692307692307693
445dlvpt3e4,2019-08-01,0.0,0.0,False,0.0
44nns3lmdhe,2019-08-01,216.0,2691.0,True,12.458333333333334
44nowb1ckma,2019-08-01,14.0,0.0,False,0.0
44z25hs1urg,2019-08-01,3.0,0.0,False,0.0
45draei5eza,2019-08-01,23.0,21.0,False,0.9130434782608695
45vhgse15re,2019-08-01,16.0,16.0,True,1.0
46mtvu7qpgo,2019-08-01,1.0,1.0,True,1.0
46zhk56fujr,2019-08-01,32.0,17.0,False,0.53125
47rjqb2o5o3,2019-08-01,10.0,4.0,False,0.4
47tgwft4185,2019-08-01,23.0,9.0,False,0.391304347826087
48gneu659vb,2019-08-01,0.0,0.0,False,0.0
49mchw1vgfx,2019-08-01,12.0,5.0,False,0.4166666666666667
4a3k5ef3qjo,2019-08-01,21.0,94.0,True,4.476190476190476
4ak9lkdxmk1,2019-08-01,19.0,8.0,False,0.42105263157894735
4ch43kx632n,2019-08-01,23.0,9.0,False,0.391304347826087
4cpeu3iymlb,2019-08-01,27.0,34.0,True,1.2592592592592593
4dvrwqfnk9f,2019-08-01,42.73,40.63,False,0.950854200795694
4eq3jyedfp3,2019-08-01,15.0,77.0,True,5.133333333333334
4fd926hflz7,2019-08-01,0.0,12.0,False,1200000000.0
4gq2arhz303,2019-08-01,0.0,0.0,False,0.0
4hxx2man99n,2019-08-01,3.0,8.0,True,2.6666666666666665
4i4anos1lah,2019-08-01,76.0,28.0,False,0.3684210526315789
4iby8p8yury,2019-08-01,19.0,25.0,True,1.3157894736842106
4iztaapxvlj,2019-08-01,38.0,57.0,True,1.5
4j5m1aa0giv,2019-08-01,5.0,1.0,False,0.2
4jzff4qzop6,2019-08-01,67.0,209.0,True,3.1194029850746268
4k24exmsaqw,2019-08-01,19.0,25.0,True,1.3157894736842106
4kyrs11gl81,2019-08-01,9.0,34.0,True,3.7777777777777777
4l4v710qw3a,2019-08-01,1.0,120.0,True,120.0
4lzczor5nvp,2019-08-01,165.0,28.0,False,0.1696969696969697
4mizlwnwq59,2019-08-01,3.0,4.0,True,1.3333333333333333
4mtdveadcoo,2019-08-01,101.0,256.0,True,2.5346534653465347
4n03do4276y,2019-08-01,49.0,44.0,False,0.8979591836734694
4n03vrybbjc,2019-08-01,0.0,0.0,False,0.0
4p4z7kzk976,2019-08-01,52.0,2.0,False,0.038461538461538464
4pny2lhe06a,2019-08-01,17.0,4.0,False,0.23529411764705882
4qk5d0lffto,2019-08-01,3.0,14.0,True,4.666666666666667
4rkbkvd1j5u,2019-08-01,0.0,0.0,False,0.0
4s2ytbirowk,2019-08-01,2.0,13.0,True,6.5
4sx7hfyhqcc,2019-08-01,16.0,8.0,False,0.5
4t4jopztems,2019-08-01,16.0,4.0,False,0.25
4tde6qme6ux,2019-08-01,13.0,12.0,False,0.9230769230769231
4to8vr6jjlx,2019-08-01,3.0,0.0,False,0.0
4tpq5h6hwrz,2019-08-01,23.0,5.0,False,0.21739130434782608
4twlh4zhcrr,2019-08-01,0.0,1.0,False,100000000.0
4umy3zbidez,2019-08-01,20.0,67.0,True,3.35
4vbv935fa8y,2019-08-01,3.0,17.0,True,5.666666666666667
4vwyougz9js,2019-08-01,17.0,0.0,False,0.0
4w02r40gan5,2019-08-01,0.0,2.0,False,200000000.0
4whplge2k0l,2019-08-01,15.0,18.0,True,1.2
4x18uxebqus,2019-08-01,16.0,1.0,False,0.0625
4x5uxbnh85m,2019-08-01,37.0,11.0,False,0.2972972972972973
4x8eb1c771y,2019-08-01,18.0,35.0,True,1.9444444444444444
4xd0gvo52v3,2019-08-01,0.0,0.0,False,0.0
4xklodgapg4,2019-08-01,32.0,1.0,False,0.03125
4y8huncsdf0,2019-08-01,0.0,0.0,False,0.0
4yctep30qzk,2019-08-01,510.0,250.0,False,0.49019607843137253
4yf4t695r8m,2019-08-01,26.0,1.0,False,0.038461538461538464
4z200d7ty4d,2019-08-01,28.0,29.0,True,1.0357142857142858
4zqz9sl6h9q,2019-08-01,39.0,1075.0,True,27.564102564102566
4zu91u7lts5,2019-08-01,54.0,91.0,True,1.6851851851851851
50hj3g4qnne,2019-08-01,94.0,223.0,True,2.372340425531915
50u46hit3fn,2019-08-01,0.0,0.0,False,0.0
50xxh3glehc,2019-08-01,38.0,68.0,True,1.7894736842105263
519xma040ip,2019-08-01,45.0,224.0,True,4.977777777777778
52aqo3vxko1,2019-08-01,0.0,0.0,False,0.0
5363nninkgi,2019-08-01,12.0,7.0,False,0.5833333333333334
53egujxtr8f,2019-08-01,5.0,0.0,False,0.0
53iekvo10mu,2019-08-01,9.0,23.0,True,2.5555555555555554
5407ynm9dei,2019-08-01,40.0,21.0,False,0.525
556uvvzc4ai,2019-08-01,2.0,2.0,True,1.0
55zhqna53oz,2019-08-01,3.0,12.0,True,4.0
56ykpdg2xqf,2019-08-01,0.0,0.0,False,0.0
57v8w6dsjfu,2019-08-01,22.0,5.0,False,0.22727272727272727
5836c4zfbpw,2019-08-01,22.0,1.0,False,0.045454545454545456
59lnmmlx2or,2019-08-01,59.0,17.0,False,0.288135593220339
59tlwbslxn3,2019-08-01,2.0,5.0,True,2.5
5ah0tzbfobl,2019-08-01,55.0,93.0,True,1.690909090909091
5bdwemf71pm,2019-08-01,0.0,0.0,False,0.0
5bgagp09u9w,2019-08-01,10.0,6.0,False,0.6
5ble6t2hgsb,2019-08-01,12.0,0.0,False,0.0
5bsqj6k6lp7,2019-08-01,8.0,2.0,False,0.25
5c3insvqt49,2019-08-01,3.0,6.0,True,2.0
5c9a7n981rz,2019-08-01,12.0,1.0,False,0.08333333333333333
5d8y3ka1vks,2019-08-01,9.0,444.0,True,49.333333333333336
5dgf8js55q2,2019-08-01,11.0,1.0,False,0.09090909090909091
5dt5yv04vby,2019-08-01,45.0,46.0,True,1.0222222222222221
5eaqvajq6tn,2019-08-01,10.0,12.0,True,1.2
5eok2ml1boe,2019-08-01,57.0,144.0,True,2.526315789473684
5hixknoxxph,2019-08-01,17.0,4.0,False,0.23529411764705882
5hvtdb6pzbz,2019-08-01,0.0,256.0,False,25600000000.0
5jtwej67lde,2019-08-01,5.0,22.0,True,4.4
5la89yg17uh,2019-08-01,13.0,3.0,False,0.23076923076923078
5lm50kodxst,2019-08-01,4.0,3.0,False,0.75
5n9ejaywgot,2019-08-01,60.0,143.0,True,2.3833333333333333
5nb73rff689,2019-08-01,19.0,11.0,False,0.5789473684210527
5nlg7c3cj3b,2019-08-01,0.0,0.0,False,0.0
5orm19cu00n,2019-08-01,0.0,2.0,False,200000000.0
5pc0bmb6ky2,2019-08-01,1.0,0.0,False,0.0
5puaj0zkeq8,2019-08-01,8.0,1.0,False,0.125
5pumfwm2vv9,2019-08-01,0.0,0.0,False,0.0
5qcdvh0q8ov,2019-08-01,13.0,0.0,False,0.0
5qwmta9pr3x,2019-08-01,0.0,0.0,False,0.0
5qzbvrejv1i,2019-08-01,3.0,0.0,False,0.0
5rfvwdik1ww,2019-08-01,0.0,0.0,False,0.0
5rjd38rhpf0,2019-08-01,4.0,31.0,True,7.75
5sawqvw741i,2019-08-01,33.0,76.0,True,2.303030303030303
5swatokw6fo,2019-08-01,7.0,0.0,False,0.0
5sy1oh3jwvn,2019-08-01,13.0,216.0,True,16.615384615384617
5t4fqx39jqc,2019-08-01,4.0,3.0,False,0.75
5uhgf44c5fr,2019-08-01,33.0,66.0,True,2.0
5v39tsy6gpt,2019-08-01,42.0,29.0,False,0.6904761904761905
5v6um7af6fq,2019-08-01,18.0,7.0,False,0.3888888888888889
5vnsuoco0hi,2019-08-01,20.0,30.0,True,1.5
5vnz4fweexn,2019-08-01,36.0,33.0,False,0.9166666666666666
5voto15c742,2019-08-01,8.0,174.0,True,21.75
5vyjyjnbw1a,2019-08-01,20.0,0.0,False,0.0
5w2zafbmxlp,2019-08-01,62.0,9.0,False,0.14516129032258066
5wxwe2o481e,2019-08-01,7.0,7.0,True,1.0
5xqcbc8yiyo,2019-08-01,0.0,0.0,False,0.0
5yxzdxz43dc,2019-08-01,10.0,3.0,False,0.3
5zprd957cfi,2019-08-01,11.0,120.0,True,10.909090909090908
5zrzxwsl159,2019-08-01,9.0,9.0,True,1.0
611saldv8ix,2019-08-01,2.0,2.0,True,1.0
61794ivxwzq,2019-08-01,0.0,0.0,False,0.0
61rzm254c6k,2019-08-01,11.0,5.0,False,0.45454545454545453
61w2edgrzyt,2019-08-01,8.0,1.0,False,0.125
62b37tmj07o,2019-08-01,0.0,86.0,False,8600000000.0
63so9mn73b5,2019-08-01,116.0,2.0,False,0.017241379310344827
647fnq6b46t,2019-08-01,13.0,5.0,False,0.38461538461538464
655bg0ejouo,2019-08-01,31.0,29.0,False,0.9354838709677419
65pk1z5lhn7,2019-08-01,26.0,141.0,True,5.423076923076923
66d68cseche,2019-08-01,3.0,0.0,False,0.0
67isv46w6ar,2019-08-01,14.0,17.0,True,1.2142857142857142
67mqmro9dpp,2019-08-01,3.0,5.0,True,1.6666666666666667
68uyh2w3qy3,2019-08-01,9.0,1.0,False,0.1111111111111111
6971sldeo75,2019-08-01,13.0,1.0,False,0.07692307692307693
6a4vinwwgu1,2019-08-01,15.0,32.0,True,2.1333333333333333
6aosxke9mt3,2019-08-01,26.0,17.0,False,0.6538461538461539
6aynb5qleg1,2019-08-01,7.0,5.0,False,0.7142857142857143
6b0hynryagd,2019-08-01,11.0,1.0,False,0.09090909090909091
6brbpzs0dat,2019-08-01,15.0,36.0,True,2.4
6chh58as1xt,2019-08-01,0.0,0.0,False,0.0
6duvqlh0hrf,2019-08-01,70.0,88.0,True,1.2571428571428571
6e9xsmx31nc,2019-08-01,9.0,55.0,True,6.111111111111111
6fr0pr06iui,2019-08-01,2.0,0.0,False,0.0
6gfwd3z2t14,2019-08-01,11.0,4.0,False,0.36363636363636365
6h2swuv79hy,2019-08-01,1.0,57.0,True,57.0
6id3dpjcz7o,2019-08-01,14.0,4.0,False,0.2857142857142857
6ja7cdgh8wh,2019-08-01,3.0,7.0,True,2.3333333333333335
6k115p896fj,2019-08-01,40.0,30.0,False,0.75
6lfrv29hnxb,2019-08-01,17.0,7.0,False,0.4117647058823529
6m45dvanu9a,2019-08-01,1.0,52.0,True,52.0
6mkn8rrwqmv,2019-08-01,17.0,0.0,False,0.0
6mvqggi2ul5,2019-08-01,60.0,64.0,True,1.0666666666666667
6n1gvl6tkin,2019-08-01,1.0,0.0,False,0.0
6oj74bkgsf9,2019-08-01,17.0,12.0,False,0.7058823529411765
6otzwybnydw,2019-08-01,50.0,18.0,False,0.36
6ptqz7wgi5n,2019-08-01,4.0,5.0,True,1.25
6q3mwfkokp0,2019-08-01,50.0,13.0,False,0.26
6qnlqgi3jzw,2019-08-01,0.0,0.0,False,0.0
6qxkrsmqfm3,2019-08-01,3.0,1.0,False,0.3333333333333333
6t4iqsw2afg,2019-08-01,32.0,36.0,True,1.125
6ukltfqhb3a,2019-08-01,8.0,3.0,False,0.375
6uyspgvpjq9,2019-08-01,10.0,3.0,False,0.3
6xtwa6ris1x,2019-08-01,24.0,26.0,True,1.0833333333333333
6ydo6o89gni,2019-08-01,52.0,103.0,True,1.9807692307692308
6ygd5zbcjqi,2019-08-01,80.0,428.0,True,5.35
6yk5se9do4q,2019-08-01,39.0,3.0,False,0.07692307692307693
71dkm5l2y8i,2019-08-01,98.0,46.0,False,0.46938775510204084
71zk2dsbqes,2019-08-01,10.0,4.0,False,0.4
745dagplgjs,2019-08-01,8.0,3.0,False,0.375
74q7u1dwbgx,2019-08-01,50.0,59.0,True,1.18
74zcm1ypb0p,2019-08-01,0.0,0.0,False,0.0
75oplv8qwnc,2019-08-01,26.0,0.0,False,0.0
76683533y73,2019-08-01,4.0,0.0,False,0.0
78gb37l8w8v,2019-08-01,34.0,5.0,False,0.14705882352941177
799r01z5emx,2019-08-01,15.0,17.0,True,1.1333333333333333
7dtazzo2b5i,2019-08-01,23.0,28.0,True,1.2173913043478262
7e1pzluhlpc,2019-08-01,35.0,85.0,True,2.4285714285714284
7gt4sqlikpo,2019-08-01,49.0,1.0,False,0.02040816326530612
7guwo60s5ht,2019-08-01,28.0,80.0,True,2.857142857142857
7hml4c075vs,2019-08-01,4.0,0.0,False,0.0
7irdvwkvlt9,2019-08-01,9.0,0.0,False,0.0
7j20hwiky6l,2019-08-01,0.0,0.0,False,0.0
7jmjktu4j08,2019-08-01,7.0,6.0,False,0.8571428571428571
7kec6qntys7,2019-08-01,6.0,1.0,False,0.16666666666666666
7n2e31szrhj,2019-08-01,22.0,8.0,False,0.36363636363636365
7oi6r94xoew,2019-08-01,18.0,7.0,False,0.3888888888888889
7r5e9y8bfbi,2019-08-01,3.0,3.0,True,1.0
7r8xo3uuevh,2019-08-01,76.0,29.0,False,0.3815789473684211
7s90qplvp8s,2019-08-01,22.0,1.0,False,0.045454545454545456
7swkdyi5qo2,2019-08-01,44.0,22.0,False,0.5
7szpypvjzbn,2019-08-01,14.0,3.0,False,0.21428571428571427
7tv7z9wz9ao,2019-08-01,14.0,0.0,False,0.0
7ufid3neeid,2019-08-01,2.0,1.0,False,0.5
7uofjdml3nl,2019-08-01,36.0,0.0,False,0.0
7v1flbe7tfc,2019-08-01,7.0,3.0,False,0.42857142857142855
7v8jky6gifc,2019-08-01,2.0,1.0,False,0.5
7voco1jlfg4,2019-08-01,14.0,3.0,False,0.21428571428571427
7wksgonkge1,2019-08-01,4.0,1.0,False,0.25
7x21hh1ruux,2019-08-01,61.0,19.0,False,0.3114754098360656
7xg1wv1h5pn,2019-08-01,22.0,10.0,False,0.45454545454545453
7xt44afgr2c,2019-08-01,37.0,14.0,False,0.3783783783783784
7y2bzsizkus,2019-08-01,19.0,13.0,False,0.6842105263157895
80ezajohi1g,2019-08-01,8.0,2.0,False,0.25
80jxep0xdd1,2019-08-01,5.0,1.0,False,0.2
80us98680xn,2019-08-01,35.0,4.0,False,0.11428571428571428
817cq5kbb9i,2019-08-01,0.0,3.0,False,300000000.0
81gf6zm0fkl,2019-08-01,21.0,2.0,False,0.09523809523809523
81vmv3a56tj,2019-08-01,29.0,4.0,False,0.13793103448275862
8296wkw5vgh,2019-08-01,26.0,12.0,False,0.46153846153846156
82s7h4jrwmv,2019-08-01,18.0,0.0,False,0.0
82su02melwt,2019-08-01,9.0,2.0,False,0.2222222222222222
82t3j1invr3,2019-08-01,44.0,80.0,True,1.8181818181818181
82uotqj46uy,2019-08-01,170.0,7.0,False,0.041176470588235294
82uvg9r65mf,2019-08-01,13.0,0.0,False,0.0
82xquc3i22s,2019-08-01,2.0,3.0,True,1.5
83i0zazwdm3,2019-08-01,15.0,15.0,True,1.0
83k4sni318s,2019-08-01,27.0,27.0,True,1.0
83mlkkkh0ha,2019-08-01,15.0,2.0,False,0.13333333333333333
848xgzxv4dt,2019-08-01,148.0,30.0,False,0.20270270270270271
85810mwwb1n,2019-08-01,4.0,8.0,True,2.0
85nygebc9bv,2019-08-01,73.0,271.0,True,3.712328767123288
85urck9d961,2019-08-01,4.0,1.0,False,0.25
869xm5rvoji,2019-08-01,26.0,4.0,False,0.15384615384615385
86z70bstdpc,2019-08-01,4.0,0.0,False,0.0
88lry9aq8lg,2019-08-01,20.0,14.0,False,0.7
88ynnovyq0h,2019-08-01,40.0,91.0,True,2.275
890y4kwt2tl,2019-08-01,12.0,0.0,False,0.0
89mmyl04w2d,2019-08-01,13.0,9.0,False,0.6923076923076923
89p391r3drd,2019-08-01,36.0,1.0,False,0.027777777777777776
89xh5of6e8o,2019-08-01,54.0,48.0,False,0.8888888888888888
89yfj0x5g9i,2019-08-01,95.0,276.0,True,2.905263157894737
8aa4ef2gix6,2019-08-01,5.0,8.0,True,1.6
8bnnr9edu4o,2019-08-01,37.0,15.0,False,0.40540540540540543
8c4tp34ak8f,2019-08-01,6.0,8.0,True,1.3333333333333333
8cg9ns9zop3,2019-08-01,59.0,298.0,True,5.0508474576271185
8cw8xqeqmjm,2019-08-01,86.0,3.0,False,0.03488372093023256
8db5hshel42,2019-08-01,28.0,10.0,False,0.35714285714285715
8djprj5lar0,2019-08-01,5.0,5.0,True,1.0
8es4lxnwatd,2019-08-01,59.0,24.0,False,0.4067796610169492
8gkxiqbl234,2019-08-01,27.0,50.0,True,1.8518518518518519
8hdl2a5lg6l,2019-08-01,11.0,3.0,False,0.2727272727272727
8i926134a1z,2019-08-01,25.0,12.0,False,0.48
8igttww457d,2019-08-01,14.0,4.0,False,0.2857142857142857
8jc6vt5aq4d,2019-08-01,223.0,13.0,False,0.05829596412556054
8k0dgc2b7hc,2019-08-01,25.0,17.0,False,0.68
8kovihvkh0h,2019-08-01,19.0,13.0,False,0.6842105263157895
8kq5j5b804s,2019-08-01,97.0,362.0,True,3.731958762886598
8l918uctw2a,2019-08-01,4.0,9.0,True,2.25
8lgb2018qrd,2019-08-01,3.0,0.0,False,0.0
8lggh4y71q0,2019-08-01,93.0,25.0,False,0.26881720430107525
8lq51rc8t2a,2019-08-01,10.0,58.0,True,5.8
8oa3gw9os8l,2019-08-01,70.0,63.0,False,0.9
8ompcl69nj5,2019-08-01,1.0,1.0,True,1.0
8pdgjg9t7wo,2019-08-01,22.0,10.0,False,0.45454545454545453
8pdw5pdgpu3,2019-08-01,7.0,4.0,False,0.5714285714285714
8pqh49eg0h9,2019-08-01,7.0,35.0,True,5.0
8rdp320xxym,2019-08-01,54.0,0.0,False,0.0
8u4jh2cq8qi,2019-08-01,91.0,2418.0,True,26.571428571428573
8urgxfx2e4h,2019-08-01,1.0,0.0,False,0.0
8w957vuy6u3,2019-08-01,14.0,37.0,True,2.642857142857143
8wofveconfm,2019-08-01,0.0,0.0,False,0.0
8xk5ewaxp5m,2019-08-01,3.0,47.0,True,15.666666666666666
8zdbw3y2mvt,2019-08-01,0.0,0.0,False,0.0
8zrwyqme4nf,2019-08-01,13.0,5.0,False,0.38461538461538464
900w1mqyd2a,2019-08-01,38.0,1.0,False,0.02631578947368421
921ixx6tgns,2019-08-01,70.0,49.0,False,0.7
93b1rmykkz2,2019-08-01,37.0,1.0,False,0.02702702702702703
93xg7jxzgkv,2019-08-01,40.0,13.0,False,0.325
9648npy35lq,2019-08-01,53.0,343.0,True,6.471698113207547
981n2n36uct,2019-08-01,23.0,23.0,True,1.0
982u0jl5ucb,2019-08-01,0.0,2.0,False,200000000.0
983tmh0ocqe,2019-08-01,18.0,16.0,False,0.8888888888888888
99dnxlabhp4,2019-08-01,7.0,1.0,False,0.14285714285714285
9ahal9xceo0,2019-08-01,5.0,0.0,False,0.0
9alkvjco9eh,2019-08-01,7.0,5.0,False,0.7142857142857143
9aoi7m938uv,2019-08-01,0.0,6.0,False,600000000.0
9bw5es2cyq3,2019-08-01,17.0,11.0,False,0.6470588235294118
9c2126px38q,2019-08-01,21.0,13.0,False,0.6190476190476191
9co230w9ft3,2019-08-01,26.0,2.0,False,0.07692307692307693
9e2ij49i39y,2019-08-01,33.0,33.0,True,1.0
9ejqxc7khy1,2019-08-01,12.0,5.0,False,0.4166666666666667
9etek1zxviw,2019-08-01,7.0,42.0,True,6.0
9eyrzpxgd18,2019-08-01,14.0,12.0,False,0.8571428571428571
9flv7bvuu5l,2019-08-01,11.0,5.0,False,0.45454545454545453
9fzozst5zaw,2019-08-01,19.0,1.0,False,0.05263157894736842
9g9x2ondr08,2019-08-01,34.0,0.0,False,0.0
9gcdarw1coe,2019-08-01,18.0,28.0,True,1.5555555555555556
9h560nek4qx,2019-08-01,29.0,2.0,False,0.06896551724137931
9hjdic4ksur,2019-08-01,60.0,1.0,False,0.016666666666666666
9j1r3br04tf,2019-08-01,6.0,0.0,False,0.0
9jj7bhztgqe,2019-08-01,61.0,65.0,True,1.0655737704918034
9koqhazwsqh,2019-08-01,21.0,31.0,True,1.4761904761904763
9m32iatj338,2019-08-01,24.0,17.0,False,0.7083333333333334
9m3kkslq5m1,2019-08-01,9.0,7.0,False,0.7777777777777778
9mp1zwj8qb8,2019-08-01,16.0,6.0,False,0.375
9na7kb2k64q,2019-08-01,17.0,2.0,False,0.11764705882352941
9oayyetjggj,2019-08-01,29.0,7.0,False,0.2413793103448276
9ps4eey2zym,2019-08-01,10.0,0.0,False,0.0
9qtmz5prcla,2019-08-01,8.0,2.0,False,0.25
9r9z92fkd55,2019-08-01,86.0,117.0,True,1.3604651162790697
9rm2m90cqvt,2019-08-01,11.0,15.0,True,1.3636363636363635
9rrsvlcs0fv,2019-08-01,5.0,0.0,False,0.0
9s0m2rtu56x,2019-08-01,4.0,0.0,False,0.0
9sagjexti3c,2019-08-01,51.0,1.0,False,0.0196078431372549
9sr05cnjih5,2019-08-01,14.0,2.0,False,0.14285714285714285
9t4w3b100fk,2019-08-01,32.0,21.0,False,0.65625
9tos9lguxis,2019-08-01,17.0,1.0,False,0.058823529411764705
9tuykqrbufh,2019-08-01,245.0,392.0,True,1.6
9u5l5bhm5gi,2019-08-01,160.0,229.0,True,1.43125
9u968s77sd9,2019-08-01,17.0,9.0,False,0.5294117647058824
9v5mvcstm6n,2019-08-01,9.0,0.0,False,0.0
9v6sds53vjb,2019-08-01,0.0,0.0,False,0.0
9vkjxh57kxf,2019-08-01,27.0,40.0,True,1.4814814814814814
9vlda48wcex,2019-08-01,3.0,1.0,False,0.3333333333333333
9vz7t2jb80n,2019-08-01,37.0,28.0,False,0.7567567567567568
9wtmyoznwcu,2019-08-01,10.0,13.0,True,1.3
9xp8sjwl5q9,2019-08-01,21.0,29.0,True,1.380952380952381
9zhii1lwnfz,2019-08-01,8.0,0.0,False,0.0
9zhmyl7qc2w,2019-08-01,5.0,1.0,False,0.2
a0a2613kn7j,2019-08-01,0.0,0.0,False,0.0
a0pv7xf7xrj,2019-08-01,129.0,32.0,False,0.24806201550387597
a2aprflcy62,2019-08-01,48.0,42.0,False,0.875
a2t5ivou2dc,2019-08-01,15.0,41.0,True,2.7333333333333334
a37opb5gml5,2019-08-01,42.0,15.0,False,0.35714285714285715
a3f4i5xcnyn,2019-08-01,28.0,28.0,True,1.0
a6gxcflv94j,2019-08-01,9.0,37.0,True,4.111111111111111
a718jdm4vgv,2019-08-01,5.0,1.0,False,0.2
a71ba6dvugx,2019-08-01,23.0,1.0,False,0.043478260869565216
a7meglogdk8,2019-08-01,15.0,25.0,True,1.6666666666666667
a7p1orrgi36,2019-08-01,15.0,4.0,False,0.26666666666666666
a80jota6w7k,2019-08-01,27.0,1.0,False,0.037037037037037035
a87kqgt49j8,2019-08-01,130.0,74.0,False,0.5692307692307692
a88dsvnofn8,2019-08-01,5.0,1.0,False,0.2
a8d0nxr5930,2019-08-01,71.0,210.0,True,2.9577464788732395
a9lf6367bji,2019-08-01,6.0,4.0,False,0.6666666666666666
aa02877zlkl,2019-08-01,4.0,22.0,True,5.5
aah6tel947v,2019-08-01,25.0,28.0,True,1.12
abv6xm5kqs1,2019-08-01,36.0,2.0,False,0.05555555555555555
abx2caf1la5,2019-08-01,23.0,0.0,False,0.0
ad69581s7ru,2019-08-01,0.0,2.0,False,200000000.0
adqn5rxrzty,2019-08-01,0.0,0.0,False,0.0
ae0g1qdbevq,2019-08-01,61.0,272.0,True,4.459016393442623
af1oeikrz66,2019-08-01,11.0,0.0,False,0.0
af4pzqa16f2,2019-08-01,69.0,17.0,False,0.2463768115942029
afp8tzx7m5e,2019-08-01,0.0,0.0,False,0.0
afu6fdj194k,2019-08-01,85.0,65.0,False,0.7647058823529411
ag3vrrlak6s,2019-08-01,0.0,0.0,False,0.0
agkftoewbsi,2019-08-01,9.0,5.0,False,0.5555555555555556
ai15hez3yy3,2019-08-01,20.0,7.0,False,0.35
aiwulj3n74h,2019-08-01,19.0,23.0,True,1.2105263157894737
aj4gvef11xq,2019-08-01,18.0,29.0,True,1.6111111111111112
ajrdo2stoup,2019-08-01,71.0,36.0,False,0.5070422535211268
ak9a61ty9or,2019-08-01,13.0,7.0,False,0.5384615384615384
akgsdjlk0kp,2019-08-01,348.0,721.0,True,2.07183908045977
akikrb4o24w,2019-08-01,51.0,98.0,True,1.9215686274509804
akyohk6pijf,2019-08-01,31.0,1.0,False,0.03225806451612903
am8hb366gd9,2019-08-01,4.0,0.0,False,0.0
amabggypbld,2019-08-01,56.0,199.0,True,3.5535714285714284
ambrhcezxqj,2019-08-01,51.0,24.0,False,0.47058823529411764
anlfvaf1qyr,2019-08-01,10.0,2.0,False,0.2
anuojgmbxb6,2019-08-01,2.0,0.0,False,0.0
ao043t52um1,2019-08-01,0.0,3.0,False,300000000.0
ap5xlsze0tl,2019-08-01,23.0,9.0,False,0.391304347826087
ap65ja0a6m4,2019-08-01,6.0,53.0,True,8.833333333333334
aq8tzme59p8,2019-08-01,1.0,1.0,True,1.0
aqck303pn5e,2019-08-01,12.0,11.0,False,0.9166666666666666
aqdijj39yet,2019-08-01,6.0,3.0,False,0.5
aqla1bqkftm,2019-08-01,0.0,0.0,False,0.0
aqop14xy7s3,2019-08-01,13.0,5.0,False,0.38461538461538464
ar1etjheucs,2019-08-01,9.0,0.0,False,0.0
aro3erfjydw,2019-08-01,1.0,0.0,False,0.0
arwc0yykykg,2019-08-01,14.0,3.0,False,0.21428571428571427
asuh1bjc05f,2019-08-01,19.0,6.0,False,0.3157894736842105
asz1fudnofn,2019-08-01,90.0,16.0,False,0.17777777777777778
at12tv26vta,2019-08-01,4.0,3.0,False,0.75
at9acbn90qs,2019-08-01,0.0,0.0,False,0.0
ava3gfoj79r,2019-08-01,7.0,3.0,False,0.42857142857142855
axufgx7e5cq,2019-08-01,27.0,41.0,True,1.5185185185185186
axysnpepnxi,2019-08-01,31.0,93.0,True,3.0
aybvbxx2mr1,2019-08-01,44.0,113.0,True,2.5681818181818183
az0fdd8p02c,2019-08-01,24.0,146.0,True,6.083333333333333
az98ay96byf,2019-08-01,6.0,4.0,False,0.6666666666666666
azbghssxpcs,2019-08-01,110.0,113.0,True,1.0272727272727273
azjxa3hgp6z,2019-08-01,0.0,0.0,False,0.0
azxnnv0w7qu,2019-08-01,1.0,15.0,True,15.0
b0j2bo900wr,2019-08-01,24.0,5.0,False,0.20833333333333334
b1r8wy5lqnw,2019-08-01,17.0,6.0,False,0.35294117647058826
b1vstfa2ay5,2019-08-01,17.0,11.0,False,0.6470588235294118
b34xaiq2yhf,2019-08-01,21.0,4.0,False,0.19047619047619047
b42ja3lf85r,2019-08-01,0.0,0.0,False,0.0
b4x7lwcpw98,2019-08-01,16.0,15.0,False,0.9375
b7gilb8lttt,2019-08-01,7.0,7.0,True,1.0
b7xhx1xlcsv,2019-08-01,32.0,0.0,False,0.0
b89aanzfont,2019-08-01,83.0,111.0,True,1.3373493975903614
b97ag9e5s3b,2019-08-01,10.0,2.0,False,0.2
b97eeb6z56c,2019-08-01,72.0,6.0,False,0.08333333333333333
b9dfvytymwa,2019-08-01,40.0,558.0,True,13.95
b9kgfvwt1tp,2019-08-01,8.0,0.0,False,0.0
b9ne6xijsze,2019-08-01,14.0,0.0,False,0.0
bah7ismk4mv,2019-08-01,10.0,12.0,True,1.2
bao0t5vo2cs,2019-08-01,4.0,7.0,True,1.75
bb9t7dc4y85,2019-08-01,0.0,0.0,False,0.0
bc2k842utv4,2019-08-01,15.0,5.0,False,0.3333333333333333
bcmtxn0x8lw,2019-08-01,47.0,18.0,False,0.3829787234042553
bcwyuixcqr3,2019-08-01,66.0,19.0,False,0.2878787878787879
bdfttkech9o,2019-08-01,0.0,0.0,False,0.0
bdsfng6n9qo,2019-08-01,89.0,6.0,False,0.06741573033707865
bgyu47jhue4,2019-08-01,11.0,48.0,True,4.363636363636363
bhfanhxs5s7,2019-08-01,41.0,6.0,False,0.14634146341463414
bhou6wpgltx,2019-08-01,12.0,2.0,False,0.16666666666666666
bji3tues20y,2019-08-01,10.0,3.0,False,0.3
bjnd5y6ott1,2019-08-01,36.0,15.0,False,0.4166666666666667
bjx73a4mpdm,2019-08-01,2.0,1.0,False,0.5
bktkcjet7cm,2019-08-01,12.0,75.0,True,6.25
bl3ecvf63ke,2019-08-01,301.0,436.0,True,1.4485049833887043
bla68518xpi,2019-08-01,20.0,36.0,True,1.8
blkvdn891oe,2019-08-01,28.0,92.0,True,3.2857142857142856
bm66tirgnk8,2019-08-01,18.0,5.0,False,0.2777777777777778
bmw1h9dzqqi,2019-08-01,10.0,583.0,True,58.3
bqhmfbf1twh,2019-08-01,20.0,4.0,False,0.2
bqsvfmfwi21,2019-08-01,26.0,61.0,True,2.3461538461538463
bqzkbxfjr09,2019-08-01,0.0,0.0,False,0.0
btatu9hppwg,2019-08-01,48.0,120.0,True,2.5
btisb4xz5vr,2019-08-01,19.0,2.0,False,0.10526315789473684
bts68f5t90p,2019-08-01,14.0,32.0,True,2.2857142857142856
btuksx82f9r,2019-08-01,5.0,1.0,False,0.2
bysk8l8o369,2019-08-01,9.0,3.0,False,0.3333333333333333
bzlojfw1zqg,2019-08-01,17.0,32.0,True,1.8823529411764706
c13h9749oj0,2019-08-01,21.0,7.0,False,0.3333333333333333
c26zhppwwds,2019-08-01,22.0,4.0,False,0.18181818181818182
c3c2zo34lbl,2019-08-01,7.0,1.0,False,0.14285714285714285
c431xam0t74,2019-08-01,21.0,21.0,True,1.0
c4blfv5v77z,2019-08-01,0.0,0.0,False,0.0
c5qtaimpolb,2019-08-01,5.0,0.0,False,0.0
c7hl2p10jpd,2019-08-01,35.0,18.0,False,0.5142857142857142
c7lwmgzm3p4,2019-08-01,22.0,2.0,False,0.09090909090909091
c7un7ekzves,2019-08-01,18.0,1.0,False,0.05555555555555555
c8xnt1ymysi,2019-08-01,39.0,168.0,True,4.3076923076923075
c9f3m0s61w0,2019-08-01,52.0,3.0,False,0.057692307692307696
c9t8qa72bff,2019-08-01,17.0,1.0,False,0.058823529411764705
cca9y92msi3,2019-08-01,53.0,3.0,False,0.05660377358490566
ccd6u6cl25m,2019-08-01,20.0,4.0,False,0.2
ccpe3b9rfin,2019-08-01,31.0,7.0,False,0.22580645161290322
ccz73eeplpn,2019-08-01,19.0,1.0,False,0.05263157894736842
cd4zmjiii6r,2019-08-01,89.0,305.0,True,3.4269662921348316
cfqc0pwcrb6,2019-08-01,9.0,33.0,True,3.6666666666666665
cgvgj4clu01,2019-08-01,14.0,8.0,False,0.5714285714285714
chazc5wslle,2019-08-01,22.0,27.0,True,1.2272727272727273
ci7p1u42et2,2019-08-01,58.0,57.0,False,0.9827586206896551
ciclwawaf6m,2019-08-01,1.0,3.0,True,3.0
ckh34cz2zle,2019-08-01,15.0,3.0,False,0.2
ckpg3m95eie,2019-08-01,8.0,12.0,True,1.5
ckredjkobv3,2019-08-01,16.0,4.0,False,0.25
cmszlocrjpu,2019-08-01,25.0,4.0,False,0.16
cndujikhcm1,2019-08-01,1.0,32.0,True,32.0
cnioqmcafz1,2019-08-01,0.0,0.0,False,0.0
cnk08d5rwgn,2019-08-01,12.0,7.0,False,0.5833333333333334
cod642mdvo8,2019-08-01,26.0,6.0,False,0.23076923076923078
covu1b3tzi8,2019-08-01,21.0,1.0,False,0.047619047619047616
cpushi9fspr,2019-08-01,7.0,5.0,False,0.7142857142857143
cq9f328b6fe,2019-08-01,43.0,1433.0,True,33.325581395348834
cr0hmmyqa23,2019-08-01,44.0,1.0,False,0.022727272727272728
cralkqoitah,2019-08-01,166.0,274.0,True,1.6506024096385543
csj00j5cyy8,2019-08-01,114.0,134.0,True,1.1754385964912282
ctgjuyml35y,2019-08-01,18.0,0.0,False,0.0
ctha9450vuo,2019-08-01,128.0,229.0,True,1.7890625
cu0pop3fv9p,2019-08-01,47.0,214.0,True,4.553191489361702
cutt9jrkfsu,2019-08-01,80.0,827.0,True,10.3375
cvk1cwcbyyd,2019-08-01,25.0,3.0,False,0.12
cvq63pcntny,2019-08-01,99.0,51.0,False,0.5151515151515151
cx960ocou10,2019-08-01,17.0,32.0,True,1.8823529411764706
cy0i3hbjihz,2019-08-01,8.0,3.0,False,0.375
cybiolyee8k,2019-08-01,12.0,0.0,False,0.0
cyiaeuvs4i9,2019-08-01,0.0,0.0,False,0.0
cyygzp5bjyi,2019-08-01,8.0,5.0,False,0.625
czpo4r79eh7,2019-08-01,7.0,0.0,False,0.0
d0l7ptdjrnu,2019-08-01,0.0,2.0,False,200000000.0
d0z72i9ak4n,2019-08-01,34.0,135.0,True,3.9705882352941178
d1rmduu2x9d,2019-08-01,8.0,0.0,False,0.0
d1vg77hvds2,2019-08-01,23.0,21.0,False,0.9130434782608695
d221sazi436,2019-08-01,25.0,0.0,False,0.0
d28x1wo73m1,2019-08-01,23.0,1.0,False,0.043478260869565216
d3jhwvz3244,2019-08-01,3.0,10.0,True,3.3333333333333335
d426lh6i0hf,2019-08-01,4.0,9.0,True,2.25
d4scrztmq5s,2019-08-01,15.0,17.0,True,1.1333333333333333
d4tr6ke724i,2019-08-01,50.0,11.0,False,0.22
d6469u5odma,2019-08-01,0.0,0.0,False,0.0
d69ccfoytst,2019-08-01,0.0,8.0,False,800000000.0
d75fmdnma10,2019-08-01,153.0,261.0,True,1.7058823529411764
d7k2hzlr42b,2019-08-01,25.0,22.0,False,0.88
d7t004i7zp3,2019-08-01,38.0,145.0,True,3.8157894736842106
d7z7hv3jtdx,2019-08-01,3.0,0.0,False,0.0
d940rdumwze,2019-08-01,22.0,0.0,False,0.0
dahte6zj1yl,2019-08-01,9.0,1.0,False,0.1111111111111111
db65t6q0eyu,2019-08-01,16.0,4.0,False,0.25
dbfbg6lg7f9,2019-08-01,23.0,7.0,False,0.30434782608695654
dbotzlqwnp7,2019-08-01,6.0,1.0,False,0.16666666666666666
dbskuwpvawv,2019-08-01,17.0,4.0,False,0.23529411764705882
dbvxs06mf3d,2019-08-01,9.0,9.0,True,1.0
dcmq7wk8trh,2019-08-01,114.0,161.0,True,1.412280701754386
debhwmtuen6,2019-08-01,4.0,44.0,True,11.0
dfgz7b4lft7,2019-08-01,63.0,287.0,True,4.555555555555555
dfr7p1hxxmo,2019-08-01,45.0,9.0,False,0.2
dg926unz51o,2019-08-01,0.0,0.0,False,0.0
dgxzeiwnto3,2019-08-01,13.0,20.0,True,1.5384615384615385
djlsl6c8u6p,2019-08-01,8.0,19.0,True,2.375
djngkisx1kj,2019-08-01,20.0,6.0,False,0.3
dkg3zp3pvkh,2019-08-01,12.0,3.0,False,0.25
dl8wt0ibzyp,2019-08-01,26.0,55.0,True,2.1153846153846154
dlr2psp1d79,2019-08-01,6.0,0.0,False,0.0
dn2ui8vbksl,2019-08-01,3.0,1.0,False,0.3333333333333333
dnbikcdyzep,2019-08-01,12.0,0.0,False,0.0
doewyteearz,2019-08-01,44.0,17.0,False,0.38636363636363635
dp1qbzen4gk,2019-08-01,18.0,20.0,True,1.1111111111111112
dqumrap9rhh,2019-08-01,33.0,26.0,False,0.7878787878787878
du0y90wirsh,2019-08-01,10.0,5.0,False,0.5
dv60a5dhgy3,2019-08-01,7.0,6.0,False,0.8571428571428571
dvaay3mp9ln,2019-08-01,19.0,24.0,True,1.263157894736842
dvbsbejhwem,2019-08-01,59.0,171.0,True,2.8983050847457625
dweu7xaeco4,2019-08-01,54.0,9.0,False,0.16666666666666666
dwgcs4ua3x9,2019-08-01,22.0,1.0,False,0.045454545454545456
dwux6yulgvi,2019-08-01,12.0,2.0,False,0.16666666666666666
dx5132et7w5,2019-08-01,0.0,68.0,False,6800000000.0
dxad235xgvg,2019-08-01,0.0,0.0,False,0.0
dyva3ojthh8,2019-08-01,7.0,1.0,False,0.14285714285714285
e0bzu103ktd,2019-08-01,141.0,268.0,True,1.900709219858156
e0ghojg20io,2019-08-01,8.0,0.0,False,0.0
e14elgbjnl0,2019-08-01,29.0,19.0,False,0.6551724137931034
e16xwvezjqg,2019-08-01,16.0,248.0,True,15.5
e1wgcrjhmvl,2019-08-01,11.0,2.0,False,0.18181818181818182
e24m6la3gpp,2019-08-01,5.0,22.0,True,4.4
e26m1aor0b8,2019-08-01,5.0,2.0,False,0.4
e2xl2j2hd84,2019-08-01,40.0,6.0,False,0.15
e4okwlrkrb1,2019-08-01,2.0,2.0,True,1.0
e5x2f4v70yc,2019-08-01,20.0,2.0,False,0.1
e7gbp5g8xzo,2019-08-01,23.0,6.0,False,0.2608695652173913
e8mjd9qwqad,2019-08-01,9.0,24.0,True,2.6666666666666665
eag6536auen,2019-08-01,11.0,1.0,False,0.09090909090909091
ecb9a54unz8,2019-08-01,1.0,1.0,True,1.0
edeslq6i0st,2019-08-01,14.0,12.0,False,0.8571428571428571
ediupxzb8z8,2019-08-01,2.0,1.0,False,0.5
edn68r3k7q9,2019-08-01,12.0,23.0,True,1.9166666666666667
edy9gwensq1,2019-08-01,67.0,25.0,False,0.373134328358209
ee6yv9tb1et,2019-08-01,88.0,244.0,True,2.772727272727273
eentj50e6yj,2019-08-01,24.0,0.0,False,0.0
eex08llutgy,2019-08-01,29.0,52.0,True,1.793103448275862
ef51m0b6qcr,2019-08-01,7.0,1.0,False,0.14285714285714285
efddexciiul,2019-08-01,5.0,3.0,False,0.6
efgor6nu5ql,2019-08-01,13.0,1.0,False,0.07692307692307693
ei1nn7rdq8w,2019-08-01,15.0,41.0,True,2.7333333333333334
eig79ki6vde,2019-08-01,48.0,21.0,False,0.4375
eip7plx49oz,2019-08-01,9.0,8.0,False,0.8888888888888888
ejakd4gjtna,2019-08-01,4.0,1.0,False,0.25
eji8ly7ef7e,2019-08-01,22.0,5.0,False,0.22727272727272727
ejo2ff3sfhj,2019-08-01,96.0,96.0,True,1.0
ekr8yercjbx,2019-08-01,111.0,109.0,False,0.9819819819819819
el4fwdbom4z,2019-08-01,58.0,14.0,False,0.2413793103448276
eljswfux16i,2019-08-01,16.0,13.0,False,0.8125
eltvac34vdv,2019-08-01,6.0,0.0,False,0.0
emwqqg2xqhg,2019-08-01,7.0,25.0,True,3.5714285714285716
eosy64j501u,2019-08-01,0.0,0.0,False,0.0
epma12igj5p,2019-08-01,10.0,1.0,False,0.1
eq5v6pbcwpv,2019-08-01,112.0,90.0,False,0.8035714285714286
eqh54fhhbzt,2019-08-01,26.0,0.0,False,0.0
er3o43u9r81,2019-08-01,15.0,1.0,False,0.06666666666666667
er89wd8erb6,2019-08-01,26.0,63.0,True,2.423076923076923
ernjpq2a1ps,2019-08-01,7.0,3.0,False,0.42857142857142855
es0sab3fv9i,2019-08-01,49.0,137.0,True,2.795918367346939
es57u7s4vuy,2019-08-01,57.0,49.0,False,0.8596491228070176
eskpt0i7xcu,2019-08-01,32.0,50.0,True,1.5625
esypowoizv5,2019-08-01,9.0,1.0,False,0.1111111111111111
eu1656xusft,2019-08-01,93.0,6.0,False,0.06451612903225806
eun611gksjz,2019-08-01,5.0,0.0,False,0.0
ev8e9l7i89t,2019-08-01,6.0,0.0,False,0.0
evfirb33vvr,2019-08-01,16.0,140.0,True,8.75
ew0lykrdajg,2019-08-01,37.0,24.0,False,0.6486486486486487
ewf1pi10zc4,2019-08-01,47.0,76.0,True,1.6170212765957446
ews5jfqo5gi,2019-08-01,20.0,1.0,False,0.05
exhcuuebpou,2019-08-01,19.0,32.0,True,1.6842105263157894
eyk1i9sof30,2019-08-01,6.0,0.0,False,0.0
eynbrnbb1kj,2019-08-01,4.0,3.0,False,0.75
ezl2n9zh4oi,2019-08-01,41.0,11.0,False,0.2682926829268293
ezr1brecfcx,2019-08-01,10.0,4.0,False,0.4
f0yi7qw2eou,2019-08-01,14.0,17.0,True,1.2142857142857142
f25fk1lcxos,2019-08-01,34.0,3.0,False,0.08823529411764706
f2y6a7v8fh6,2019-08-01,34.0,26.0,False,0.7647058823529411
f34ri41qlrx,2019-08-01,74.0,17.0,False,0.22972972972972974
f3gjj12z9ed,2019-08-01,33.0,1.0,False,0.030303030303030304
f48e3xarx3h,2019-08-01,3.0,40.0,True,13.333333333333334
f4f4dv3am27,2019-08-01,0.0,0.0,False,0.0
f6bmnl185od,2019-08-01,0.0,40.0,False,4000000000.0
f6kz6p0dtoj,2019-08-01,23.0,18.0,False,0.782608695652174
f7kv8blu6a6,2019-08-01,18.0,3.0,False,0.16666666666666666
f7ot60ya0ya,2019-08-01,39.0,12.0,False,0.3076923076923077
f7vkp9xukew,2019-08-01,7.0,3.0,False,0.42857142857142855
f89kkpetywd,2019-08-01,49.0,347.0,True,7.081632653061225
f8qzxzjgh0m,2019-08-01,41.0,1.0,False,0.024390243902439025
f8z3lw8ix5x,2019-08-01,26.0,20.0,False,0.7692307692307693
faxed0yivgi,2019-08-01,6.0,4.0,False,0.6666666666666666
fbk5ydky9zz,2019-08-01,6.0,19.0,True,3.1666666666666665
fbnprwwhmum,2019-08-01,12.0,1.0,False,0.08333333333333333
fbt4hxqtlhx,2019-08-01,18.0,4.0,False,0.2222222222222222
fd3qogoph70,2019-08-01,0.0,0.0,False,0.0
fdmlsrf542m,2019-08-01,15.0,0.0,False,0.0
fe8i6624c0r,2019-08-01,12.0,11.0,False,0.9166666666666666
fe8rb81x8u2,2019-08-01,16.0,16.0,True,1.0
feunmp701vh,2019-08-01,0.0,0.0,False,0.0
fgbm8ba7w13,2019-08-01,6.0,0.0,False,0.0
fgrrk4mma0s,2019-08-01,13.0,2.0,False,0.15384615384615385
fgzfhbwgept,2019-08-01,38.0,11.0,False,0.2894736842105263
fh2g1i58l3i,2019-08-01,43.0,8.0,False,0.18604651162790697
fhetzba3i42,2019-08-01,27.0,10.0,False,0.37037037037037035
fhfbti924ur,2019-08-01,57.0,42.0,False,0.7368421052631579
fj1lz9pgiz7,2019-08-01,26.0,3125.0,True,120.1923076923077
fj1yzz6w7jj,2019-08-01,0.0,0.0,False,0.0
fjaicvo3m6o,2019-08-01,239.0,136.0,False,0.5690376569037657
fjb4si9ti44,2019-08-01,9.0,4.0,False,0.4444444444444444
fjkhabjo05v,2019-08-01,16.0,32.0,True,2.0
fk801h4p9p3,2019-08-01,26.0,45.0,True,1.7307692307692308
flopgcdgq3b,2019-08-01,4.0,1.0,False,0.25
flvqjqw0edr,2019-08-01,22.0,39.0,True,1.7727272727272727
fn3u7g7qfuh,2019-08-01,0.0,9.0,False,900000000.0
fntorblhc5i,2019-08-01,0.0,0.0,False,0.0
fnwn5irge69,2019-08-01,37.0,35.0,False,0.9459459459459459
foc39m1jxmx,2019-08-01,69.0,7.0,False,0.10144927536231885
foqww0v5oqc,2019-08-01,2.0,4.0,True,2.0
foxvfl43n3s,2019-08-01,18.0,18.0,True,1.0
fp5wjukx89b,2019-08-01,6.0,5.0,False,0.8333333333333334
fq8vcp3mcav,2019-08-01,49.0,37.0,False,0.7551020408163265
fqqbebd77ka,2019-08-01,7.0,1.0,False,0.14285714285714285
fs60korfoff,2019-08-01,32.0,43.0,True,1.34375
fs98wmkrryl,2019-08-01,32.0,10.0,False,0.3125
fswudsvv6az,2019-08-01,44.0,31.0,False,0.7045454545454546
ftukwswdnlp,2019-08-01,21.0,30.0,True,1.4285714285714286
fu2aygmjoov,2019-08-01,4.0,2.0,False,0.5
fv476yt8ii4,2019-08-01,-1.0,64.0,False,6400000000.0
fvtn3i13i22,2019-08-01,111.0,170.0,True,1.5315315315315314
fvwl359l2fs,2019-08-01,18.0,22.0,True,1.2222222222222223
fwkimuo1z82,2019-08-01,48.0,169.0,True,3.5208333333333335
fx67ve8sigk,2019-08-01,7.0,1.0,False,0.14285714285714285
fxfanegtj9h,2019-08-01,35.0,27.0,False,0.7714285714285715
g1jboun5xqi,2019-08-01,0.0,0.0,False,0.0
g1qmlqg1voc,2019-08-01,54.0,31.0,False,0.5740740740740741
g21vsixu8rd,2019-08-01,7.0,3.0,False,0.42857142857142855
g2smft3eewu,2019-08-01,10.0,1.0,False,0.1
g33nxt14m4r,2019-08-01,7.0,3.0,False,0.42857142857142855
g3lck0z0lmj,2019-08-01,12.0,7.0,False,0.5833333333333334
g4n3w5066zf,2019-08-01,21.0,59.0,True,2.8095238095238093
g4rrhel2hm2,2019-08-01,33.0,35.0,True,1.0606060606060606
g4ulv7cuvf8,2019-08-01,17.0,13.0,False,0.7647058823529411
g4ux0ohyyk2,2019-08-01,25.0,13.0,False,0.52
g4yaj8xzlr9,2019-08-01,10.0,2.0,False,0.2
g5i42hnht8x,2019-08-01,39.0,0.0,False,0.0
g5lg9a4uhjt,2019-08-01,4.0,9.0,True,2.25
g6610vybx2i,2019-08-01,12.0,1.0,False,0.08333333333333333
g6612qkva9d,2019-08-01,11.0,2.0,False,0.18181818181818182
g7drdytl3pp,2019-08-01,19.0,7.0,False,0.3684210526315789
g7yz3e43u6f,2019-08-01,0.0,0.0,False,0.0
ga3ihghjdms,2019-08-01,5.0,39.0,True,7.8
gagt7jyp20c,2019-08-01,10.0,3.0,False,0.3
gc6jczdkqkm,2019-08-01,23.0,9.0,False,0.391304347826087
gcs7rck28z1,2019-08-01,15.0,2.0,False,0.13333333333333333
gdcxxdc528u,2019-08-01,41.0,19.0,False,0.4634146341463415
gdhrs1wugqw,2019-08-01,213.0,296.0,True,1.3896713615023475
gdksjmicc29,2019-08-01,85.0,6.0,False,0.07058823529411765
gevsxri4qb1,2019-08-01,86.0,38.0,False,0.4418604651162791
gfg0nb0z3m1,2019-08-01,62.0,2.0,False,0.03225806451612903
gg8tanhwwa9,2019-08-01,0.0,141.0,False,14100000000.0
gg9m3sc9f0a,2019-08-01,0.0,0.0,False,0.0
ghg76sm1dei,2019-08-01,15.0,60.0,True,4.0
ghil83u4xm1,2019-08-01,17.0,8.0,False,0.47058823529411764
ghmvzwy5j9t,2019-08-01,14.0,1.0,False,0.07142857142857142
gic79hjb0e5,2019-08-01,38.0,31.0,False,0.8157894736842105
giqu6hyd9cj,2019-08-01,0.0,0.0,False,0.0
gj3vex6dgrk,2019-08-01,13.0,19.0,True,1.4615384615384615
gjg3aembwj2,2019-08-01,8.0,6.0,False,0.75
gjlo6lwrp8r,2019-08-01,22.0,5.0,False,0.22727272727272727
gle3rg69aao,2019-08-01,0.0,0.0,False,0.0
glgqgwg9xg9,2019-08-01,2.0,5.0,True,2.5
gn2djc1sc3a,2019-08-01,5.0,0.0,False,0.0
gnbubftk4y1,2019-08-01,13.0,14.0,True,1.0769230769230769
gohb60ofm5g,2019-08-01,12.0,5.0,False,0.4166666666666667
gohyrasmyra,2019-08-01,66.0,73.0,True,1.106060606060606
goqqsy50jae,2019-08-01,30.0,26.0,False,0.8666666666666667
gow4amej3d2,2019-08-01,60.0,20.0,False,0.3333333333333333
gp0wsye9zrb,2019-08-01,1.0,0.0,False,0.0
gp4zwuq5ky2,2019-08-01,9.0,2.0,False,0.2222222222222222
grtc6s1yi0b,2019-08-01,45.0,0.0,False,0.0
grui4eqe2t3,2019-08-01,25.0,12.0,False,0.48
gryk6rexav6,2019-08-01,28.0,7.0,False,0.25
gryqpzwadsi,2019-08-01,65.0,7.0,False,0.1076923076923077
gsjb7pk4v3n,2019-08-01,0.0,0.0,False,0.0
gtllzy2rig5,2019-08-01,14.0,10.0,False,0.7142857142857143
guzhicxxbs0,2019-08-01,38.0,84.0,True,2.210526315789474
gvagic05m59,2019-08-01,19.0,7.0,False,0.3684210526315789
gvhabn93gs1,2019-08-01,7.0,1.0,False,0.14285714285714285
gwk5azkntws,2019-08-01,7.0,0.0,False,0.0
gwktsdlmjkv,2019-08-01,11.0,2.0,False,0.18181818181818182
gx1ft7tbkbe,2019-08-01,133.0,167.0,True,1.255639097744361
gx2e90uo0qu,2019-08-01,12.0,20.0,True,1.6666666666666667
gxaty85nxjv,2019-08-01,22.0,2.0,False,0.09090909090909091
gxjmx56k558,2019-08-01,148.0,74.0,False,0.5
gxmcc0a3xft,2019-08-01,18.0,28.0,True,1.5555555555555556
gxo1q5488mp,2019-08-01,8.0,8.0,True,1.0
gy4wtt0r6xs,2019-08-01,14.0,10.0,False,0.7142857142857143
gz05rmty7yr,2019-08-01,96.0,2.0,False,0.020833333333333332
gzooa64lf00,2019-08-01,2.0,2.0,True,1.0
h05aziwtnku,2019-08-01,106.0,58.0,False,0.5471698113207547
h07cxxsx141,2019-08-01,12.0,6.0,False,0.5
h1ow5u254rj,2019-08-01,64.0,16.0,False,0.25
h1pxa8vhekc,2019-08-01,11.0,1.0,False,0.09090909090909091
h1zed5c90g4,2019-08-01,36.0,5.0,False,0.1388888888888889
h2yrka3vc5y,2019-08-01,0.0,60.0,False,6000000000.0
h3dw1xamicr,2019-08-01,22.0,43.0,True,1.9545454545454546
h3nznzmzy6g,2019-08-01,38.0,6.0,False,0.15789473684210525
h5pnjbka6z9,2019-08-01,6.0,10.0,True,1.6666666666666667
h5xvo7trsaq,2019-08-01,0.0,0.0,False,0.0
h63yqa8rqqm,2019-08-01,2.0,1.0,False,0.5
h7l4o4pl2hy,2019-08-01,88.0,189.0,True,2.147727272727273
h7mn7vtnswh,2019-08-01,8.0,0.0,False,0.0
h882kvg9311,2019-08-01,3.0,6.0,True,2.0
h9a87gyyl79,2019-08-01,19.0,8.0,False,0.42105263157894735
h9xoibpng2j,2019-08-01,24.0,26.0,True,1.0833333333333333
ha38r8qi133,2019-08-01,11.0,36.0,True,3.272727272727273
hamnjrcqtg1,2019-08-01,31.0,11.0,False,0.3548387096774194
hboisbzauu2,2019-08-01,42.0,40.0,False,0.9523809523809523
hc5ou3kw2ac,2019-08-01,6.0,4.0,False,0.6666666666666666
hchktpcwccf,2019-08-01,6.0,13.0,True,2.1666666666666665
hclcmwpw27a,2019-08-01,60.0,18.0,False,0.3
hdoknxs337q,2019-08-01,7.0,1.0,False,0.14285714285714285
hdreiw5qrzv,2019-08-01,9.0,3.0,False,0.3333333333333333
hej3moflzzb,2019-08-01,12.0,1.0,False,0.08333333333333333
hejkt1h2tkh,2019-08-01,11.0,0.0,False,0.0
het5s0nafqv,2019-08-01,17.0,2.0,False,0.11764705882352941
hf1stvjpyyh,2019-08-01,317.0,93.0,False,0.29337539432176657
hfuzhbm015y,2019-08-01,3.0,0.0,False,0.0
hggtg7og19c,2019-08-01,84.0,7.0,False,0.08333333333333333
hgl3njgb4qt,2019-08-01,30.0,268.0,True,8.933333333333334
hgopbkse22f,2019-08-01,27.0,12.0,False,0.4444444444444444
hgx0t1z0rfb,2019-08-01,160.0,19.0,False,0.11875
hhgt5qd8bc4,2019-08-01,14.0,0.0,False,0.0
hhodjphwph1,2019-08-01,102.0,45.0,False,0.4411764705882353
hibpg49sz73,2019-08-01,35.0,5.0,False,0.14285714285714285
hixpbq36zta,2019-08-01,133.0,154.0,True,1.1578947368421053
hj7cwxt3bbw,2019-08-01,18.0,8.0,False,0.4444444444444444
hknsn6zeprw,2019-08-01,1.0,119.0,True,119.0
hlor54dpgbk,2019-08-01,4.0,0.0,False,0.0
hm2dt7uv7t7,2019-08-01,4.0,16.0,True,4.0
hm4dtnr1qst,2019-08-01,66.0,6.0,False,0.09090909090909091
hm6nvmvq1pd,2019-08-01,27.0,323.0,True,11.962962962962964
ho158j4bttv,2019-08-01,23.0,25.0,True,1.0869565217391304
ho412tg4dcu,2019-08-01,3.0,7.0,True,2.3333333333333335
hq6x0msvel2,2019-08-01,20.0,8.0,False,0.4
hqdj2gldorq,2019-08-01,18.0,151.0,True,8.38888888888889
hqnzvt55pad,2019-08-01,27.0,48.0,True,1.7777777777777777
hqo8tf50ndi,2019-08-01,114.0,35.0,False,0.30701754385964913
hr0a6a9x68s,2019-08-01,5.0,2.0,False,0.4
hr595hosrv7,2019-08-01,8.0,1.0,False,0.125
hr5en8fbf1w,2019-08-01,22.0,3.0,False,0.13636363636363635
hrdepx6xit6,2019-08-01,9.0,0.0,False,0.0
hri1rbtf8po,2019-08-01,3.0,0.0,False,0.0
hrsmacysh3y,2019-08-01,17.0,109.0,True,6.411764705882353
htuab127ahl,2019-08-01,3.0,5.0,True,1.6666666666666667
hu9teoqtjbg,2019-08-01,31.0,43.0,True,1.3870967741935485
hw58ar9a1f9,2019-08-01,26.0,6.0,False,0.23076923076923078
hwlbe9d203n,2019-08-01,30.0,87.0,True,2.9
hws42h1w34h,2019-08-01,35.0,240.0,True,6.857142857142857
hx0xda995jy,2019-08-01,48.0,33.0,False,0.6875
hxdm9yd0nog,2019-08-01,27.0,19.0,False,0.7037037037037037
hy2fxwtm8mv,2019-08-01,148.0,59.0,False,0.39864864864864863
hytnu1kwsbz,2019-08-01,5.0,2.0,False,0.4
hz23wwsj11j,2019-08-01,261.0,451.0,True,1.7279693486590038
hz6wcfzc1x3,2019-08-01,11.0,199.0,True,18.09090909090909
hzw2qnbkmpb,2019-08-01,7.0,5.0,False,0.7142857142857143
i0kfvmovrkt,2019-08-01,8.0,33.0,True,4.125
i163req6qx1,2019-08-01,15.0,10.0,False,0.6666666666666666
i1naxuayrhr,2019-08-01,228.0,56.0,False,0.24561403508771928
i3cmp8wp1am,2019-08-01,17.0,8.0,False,0.47058823529411764
i4ve3o1uqrg,2019-08-01,8.0,3.0,False,0.375
i5ccfh0w89x,2019-08-01,28.0,122.0,True,4.357142857142857
i72cbxw9f85,2019-08-01,3.0,2.0,False,0.6666666666666666
i7ebaqpruqs,2019-08-01,0.0,0.0,False,0.0
i89bblr7wfl,2019-08-01,35.0,15.0,False,0.42857142857142855
i9ichf6q6pf,2019-08-01,17.0,6.0,False,0.35294117647058826
icaig2apant,2019-08-01,31.0,26.0,False,0.8387096774193549
iceelhxda1l,2019-08-01,74.0,59.0,False,0.7972972972972973
id25eobi5ev,2019-08-01,948.0,3723.0,True,3.9272151898734178
id82rujkgaz,2019-08-01,6.0,3.0,False,0.5
idkw8u4bd28,2019-08-01,23.0,10.0,False,0.43478260869565216
idrvan4xiza,2019-08-01,88.0,81.0,False,0.9204545454545454
idsazd7u6t4,2019-08-01,42.0,132.0,True,3.142857142857143
ie6742hjfqc,2019-08-01,15.0,203.0,True,13.533333333333333
ie8iu7ezsht,2019-08-01,17.0,10.0,False,0.5882352941176471
iejw2wacy70,2019-08-01,22.0,9.0,False,0.4090909090909091
ifcju31jdou,2019-08-01,17.0,8.0,False,0.47058823529411764
iflpnbk7xag,2019-08-01,55.0,73.0,True,1.3272727272727274
igx9kk97hnb,2019-08-01,3.0,0.0,False,0.0
ihf84qiz0ym,2019-08-01,12.0,2.0,False,0.16666666666666666
ihhiwucnbih,2019-08-01,0.0,0.0,False,0.0
ihiuzj9318s,2019-08-01,39.0,6.0,False,0.15384615384615385
ihizgk4pgzt,2019-08-01,19.0,1.0,False,0.05263157894736842
ihvr7wmldiu,2019-08-01,21.0,5.0,False,0.23809523809523808
ihzykk9x2eg,2019-08-01,14.0,0.0,False,0.0
ij9pyu3664e,2019-08-01,14.0,0.0,False,0.0
ijxka0tju1m,2019-08-01,37.0,154.0,True,4.162162162162162
ikc2rik8yuj,2019-08-01,74.0,165.0,True,2.22972972972973
ilh0v3cq7yu,2019-08-01,16.0,1.0,False,0.0625
iltqieugzoq,2019-08-01,76.0,53.0,False,0.6973684210526315
imq95kvin2b,2019-08-01,25.0,8.0,False,0.32
indn3gn8j2x,2019-08-01,3.0,1.0,False,0.3333333333333333
innyejvr58k,2019-08-01,97.0,10.0,False,0.10309278350515463
inuv9oraz3w,2019-08-01,28.0,42.0,True,1.5
io9thv2jcb4,2019-08-01,82.0,21.0,False,0.25609756097560976
ip07chrb69a,2019-08-01,6.0,0.0,False,0.0
ip46f2w7lya,2019-08-01,27.0,24.0,False,0.8888888888888888
ipkh5ilec7e,2019-08-01,9.0,12.0,True,1.3333333333333333
iqqf39gb7f7,2019-08-01,23.0,14.0,False,0.6086956521739131
is3k0n5svo3,2019-08-01,68.0,9.0,False,0.1323529411764706
ismrhtb54o4,2019-08-01,6.0,1.0,False,0.16666666666666666
isotzi7cez9,2019-08-01,29.0,32.0,True,1.103448275862069
itcyw70ewyc,2019-08-01,7.0,98.0,True,14.0
iw8yiunj1ys,2019-08-01,22.0,9.0,False,0.4090909090909091
iwd545ht1l8,2019-08-01,38.0,7.0,False,0.18421052631578946
iwif46q5bd5,2019-08-01,15.0,2.0,False,0.13333333333333333
iyf6ygojdrp,2019-08-01,18.0,16.0,False,0.8888888888888888
j00w40bzeu2,2019-08-01,14.0,23.0,True,1.6428571428571428
j1e3o0x7ev6,2019-08-01,49.0,33.0,False,0.673469387755102
j2bw5jrg1in,2019-08-01,4.0,67.0,True,16.75
j2watcvuun6,2019-08-01,14.0,4.0,False,0.2857142857142857
j47g1ubfunu,2019-08-01,25.0,159.0,True,6.36
j4r7m13zrcq,2019-08-01,16.0,14.0,False,0.875
j64h6zi1jk9,2019-08-01,12.0,4.0,False,0.3333333333333333
j6702x2ebkt,2019-08-01,30.0,3.0,False,0.1
j75qozdwhon,2019-08-01,138.0,197.0,True,1.4275362318840579
j9kz0leml7f,2019-08-01,20.0,2.0,False,0.1
ja7bxbxp056,2019-08-01,266.0,136.0,False,0.5112781954887218
jay98tudcgj,2019-08-01,8.0,4.0,False,0.5
jb63d3zkzva,2019-08-01,7.0,4.0,False,0.5714285714285714
jbxrtkb3uda,2019-08-01,11.0,10.0,False,0.9090909090909091
jc03qezpap7,2019-08-01,7.0,1.0,False,0.14285714285714285
jcjb48rf3cb,2019-08-01,3.0,1.0,False,0.3333333333333333
jcsxc9iximj,2019-08-01,36.0,7.0,False,0.19444444444444445
jdv5v0fdl1i,2019-08-01,2.0,1.0,False,0.5
je9wnjpjlum,2019-08-01,64.0,10.0,False,0.15625
jeqkcjo6o7p,2019-08-01,9.0,2.0,False,0.2222222222222222
jewgqhe7xjo,2019-08-01,29.0,95.0,True,3.2758620689655173
jf4qmxcr8uf,2019-08-01,22.0,21.0,False,0.9545454545454546
jfkcwjsmy3z,2019-08-01,90.0,25.0,False,0.2777777777777778
ji0ddg388kq,2019-08-01,257.0,412.0,True,1.6031128404669261
jk2mkzahnsa,2019-08-01,12.0,0.0,False,0.0
jks5h9948p4,2019-08-01,36.0,11.0,False,0.3055555555555556
jlbdz79ofm2,2019-08-01,117.0,120.0,True,1.0256410256410255
jlim3wn7xrn,2019-08-01,9.0,1.0,False,0.1111111111111111
jlsufhxjbw5,2019-08-01,386.0,1252.0,True,3.243523316062176
jm0g1o7vq8k,2019-08-01,41.0,50.0,True,1.2195121951219512
jmmilql78m7,2019-08-01,0.0,3.0,False,300000000.0
jmqkgfv2f24,2019-08-01,0.0,0.0,False,0.0
jn8h8l1l0q3,2019-08-01,17.0,8.0,False,0.47058823529411764
jou4ycqp3fd,2019-08-01,0.0,0.0,False,0.0
jp35nsvuo8v,2019-08-01,58.0,43.0,False,0.7413793103448276
jpufyxtlljr,2019-08-01,15.0,50.0,True,3.3333333333333335
jqf0tht6v7z,2019-08-01,7.0,2.0,False,0.2857142857142857
jqk1fgh73ns,2019-08-01,16.0,3.0,False,0.1875
jqldvm92alx,2019-08-01,49.0,147.0,True,3.0
jqotiduuaxt,2019-08-01,2.0,0.0,False,0.0
jqpusjb5omt,2019-08-01,20.0,4.0,False,0.2
jrmombthcjc,2019-08-01,4.0,0.0,False,0.0
js3xkv489g5,2019-08-01,55.0,38.0,False,0.6909090909090909
js6s44zmqzh,2019-08-01,16.0,3.0,False,0.1875
jt9i91dgg2y,2019-08-01,55.0,20.0,False,0.36363636363636365
ju025r5o7ek,2019-08-01,63.0,60.0,False,0.9523809523809523
juz35lhcx40,2019-08-01,47.0,35.0,False,0.7446808510638298
jv21m25w7wm,2019-08-01,0.0,2.0,False,200000000.0
jv52k8mpa3g,2019-08-01,12.0,8.0,False,0.6666666666666666
jvcdlc81ock,2019-08-01,5.0,5.0,True,1.0
jw9z5eogoju,2019-08-01,18.0,1.0,False,0.05555555555555555
jx3fay60f8a,2019-08-01,9.0,3.0,False,0.3333333333333333
jx6h9utb8x2,2019-08-01,7.0,36.0,True,5.142857142857143
jyr3zcd2get,2019-08-01,11.0,10.0,False,0.9090909090909091
jzeofrdrbd5,2019-08-01,8.0,13.0,True,1.625
k0203yil188,2019-08-01,9.0,8.0,False,0.8888888888888888
k1c0nil87gw,2019-08-01,16.0,0.0,False,0.0
k26g3u44fsk,2019-08-01,31.0,4.0,False,0.12903225806451613
k42xe298v70,2019-08-01,1.0,0.0,False,0.0
k4c2yssgzpo,2019-08-01,24.0,18.0,False,0.75
k4ubnbz0pgz,2019-08-01,12.0,11.0,False,0.9166666666666666
k5vke7slcl2,2019-08-01,26.0,3.0,False,0.11538461538461539
k6gqgdg3ely,2019-08-01,11.0,28.0,True,2.5454545454545454
k6j24jyq8ss,2019-08-01,7.0,2.0,False,0.2857142857142857
k6ydegcktbi,2019-08-01,29.0,11.0,False,0.3793103448275862
k7t6flwh3yb,2019-08-01,9.0,0.0,False,0.0
k7zvo4whpbw,2019-08-01,0.0,0.0,False,0.0
k8reqia4v7j,2019-08-01,28.0,26.0,False,0.9285714285714286
k8uxbr6f1ze,2019-08-01,206.0,831.0,True,4.033980582524272
k9asy3gc69e,2019-08-01,61.0,36.0,False,0.5901639344262295
ka1pxb59ycv,2019-08-01,15.0,3.0,False,0.2
kayfdxz6ovn,2019-08-01,2.0,3.0,True,1.5
kb3mkt5fgid,2019-08-01,9.0,1.0,False,0.1111111111111111
kbf4b5a0xkk,2019-08-01,8.0,0.0,False,0.0
kbfiv65comk,2019-08-01,4.0,1.0,False,0.25
kblhpflwp54,2019-08-01,15.0,4.0,False,0.26666666666666666
kbqpnnxe1rk,2019-08-01,59.0,42.0,False,0.711864406779661
kcu9lpo7ogm,2019-08-01,6.0,5.0,False,0.8333333333333334
kcwacvzk4xg,2019-08-01,4.0,2.0,False,0.5
kdnygv7lkhx,2019-08-01,0.0,0.0,False,0.0
kegyr9qtuow,2019-08-01,21.0,22.0,True,1.0476190476190477
kgn3nvddv27,2019-08-01,25.0,2.0,False,0.08
khdbnk30q6s,2019-08-01,30.0,6.0,False,0.2
kiih6e3zua6,2019-08-01,5.0,2.0,False,0.4
kjx12gxxwvn,2019-08-01,247.0,687.0,True,2.7813765182186234
kky8l1rjvva,2019-08-01,28.0,320.0,True,11.428571428571429
kl2qstba35y,2019-08-01,0.0,0.0,False,0.0
kmdsuk4kt4j,2019-08-01,99.0,4.0,False,0.04040404040404041
kn9svozrb9y,2019-08-01,51.0,1.0,False,0.0196078431372549
knhzj1c7y1j,2019-08-01,52.0,0.0,False,0.0
kovfesgpi8z,2019-08-01,13.0,5.0,False,0.38461538461538464
kpqpumuqqmk,2019-08-01,31.0,52.0,True,1.6774193548387097
kpy662b60xz,2019-08-01,12.0,3.0,False,0.25
kqo651ud3v4,2019-08-01,2.0,2.0,True,1.0
kr474c9rp1c,2019-08-01,14.0,6.0,False,0.42857142857142855
kr4lnuri2ge,2019-08-01,2.0,0.0,False,0.0
krag1z1o3bw,2019-08-01,19.0,52.0,True,2.736842105263158
kt23iq8umee,2019-08-01,35.0,1.0,False,0.02857142857142857
ktqccudxhit,2019-08-01,16.0,12.0,False,0.75
ktvirkbvw4r,2019-08-01,14.0,0.0,False,0.0
ku3bp9hby3u,2019-08-01,25.0,7.0,False,0.28
ku4jawvr3zx,2019-08-01,7.0,1.0,False,0.14285714285714285
kuluvv8ll25,2019-08-01,24.0,2.0,False,0.08333333333333333
kuq2hr010tw,2019-08-01,5.0,21.0,True,4.2
kuxzpwwhhb2,2019-08-01,43.0,112.0,True,2.604651162790698
kv7vv5uriun,2019-08-01,14.0,1.0,False,0.07142857142857142
kvi0e6g1zyv,2019-08-01,1.0,0.0,False,0.0
kvplg7ji2k7,2019-08-01,13.0,10.0,False,0.7692307692307693
kvqilywiv8c,2019-08-01,75.0,283.0,True,3.7733333333333334
kw024u5i8i9,2019-08-01,2.0,30.0,True,15.0
kw3vwd9gj9a,2019-08-01,8.0,8.0,True,1.0
kwf5bxgo1on,2019-08-01,27.0,28.0,True,1.037037037037037
kx0toxepbb8,2019-08-01,132.0,2.0,False,0.015151515151515152
ky72bqd9lct,2019-08-01,7.0,4.0,False,0.5714285714285714
kykc1g3xw8r,2019-08-01,0.0,94.0,False,9400000000.0
kyp6zv55umo,2019-08-01,200.0,73.0,False,0.365
kzixvabpr9k,2019-08-01,20.0,19.0,False,0.95
kzjg0cxt4ee,2019-08-01,15.0,14.0,False,0.9333333333333333
l05bk6nmdzz,2019-08-01,0.0,2.0,False,200000000.0
l09hhltwzfq,2019-08-01,3.0,10.0,True,3.3333333333333335
l10rc5yrx7v,2019-08-01,45.0,4.0,False,0.08888888888888889
l2csifc1lzv,2019-08-01,235.0,50.0,False,0.2127659574468085
l3cwx3vnl8z,2019-08-01,0.0,0.0,False,0.0
l3x2a2vsnrh,2019-08-01,25.0,56.0,True,2.24
l421p9m57ue,2019-08-01,13.0,2.0,False,0.15384615384615385
l5w8hi9cjkb,2019-08-01,15.0,1.0,False,0.06666666666666667
l60d1qn3wdl,2019-08-01,147.0,3.0,False,0.02040816326530612
l752fp2cjhx,2019-08-01,34.0,23.0,False,0.6764705882352942
l7tkq0e424p,2019-08-01,1.0,12.0,True,12.0
l83vs3957fz,2019-08-01,12.0,2.0,False,0.16666666666666666
l880gquvl2g,2019-08-01,5.0,106.0,True,21.2
l9wur12a5hr,2019-08-01,19.0,2.0,False,0.10526315789473684
lb12lnap4gf,2019-08-01,15.0,43.0,True,2.8666666666666667
lcoxyvvp67j,2019-08-01,43.0,5.0,False,0.11627906976744186
lef9j2013im,2019-08-01,3.0,254.0,True,84.66666666666667
lglbxjgr8a0,2019-08-01,14.0,10.0,False,0.7142857142857143
lgqmrqlwdfc,2019-08-01,19.0,53.0,True,2.789473684210526
lh2otld7y76,2019-08-01,0.0,0.0,False,0.0
lhgydgzida8,2019-08-01,35.0,0.0,False,0.0
lio0l784362,2019-08-01,10.0,0.0,False,0.0
ljm722fqjw2,2019-08-01,32.0,8.0,False,0.25
ljon9fubuz2,2019-08-01,26.0,2.0,False,0.07692307692307693
ljqz9dy7hou,2019-08-01,3.0,5.0,True,1.6666666666666667
lkx9r6qzoqh,2019-08-01,7.0,24.0,True,3.4285714285714284
lmjth7hw93i,2019-08-01,8.0,5.0,False,0.625
lmkf6127ldq,2019-08-01,105.0,17.0,False,0.1619047619047619
lmoepu5rebq,2019-08-01,12.0,2.0,False,0.16666666666666666
ln75f6s19ik,2019-08-01,23.0,9.0,False,0.391304347826087
lnhseuol4jx,2019-08-01,15.0,1.0,False,0.06666666666666667
lnywjz24l2v,2019-08-01,45.0,12.0,False,0.26666666666666666
lo31cd8fidc,2019-08-01,47.0,2.0,False,0.0425531914893617
lq9j9mt1hsy,2019-08-01,5.0,5.0,True,1.0
lr8o9s9v1b6,2019-08-01,24.0,11.0,False,0.4583333333333333
lrxnyk3hs7a,2019-08-01,4.0,5.0,True,1.25
lsn97uhhpkk,2019-08-01,4.0,2.0,False,0.5
lsz6j7maftp,2019-08-01,5.0,6.0,True,1.2
lt6dbjoa8ik,2019-08-01,7.0,0.0,False,0.0
lttjpgyenxs,2019-08-01,4.0,4.0,True,1.0
ltvexvsc2a3,2019-08-01,16.0,67.0,True,4.1875
ludcf5ivyhx,2019-08-01,3.0,3.0,True,1.0
lv7gmha4ku6,2019-08-01,5.0,20.0,True,4.0
lvd60kgva69,2019-08-01,103.0,7.0,False,0.06796116504854369
lwbalio8six,2019-08-01,2.0,16.0,True,8.0
lwng1mi4g3u,2019-08-01,21.0,115.0,True,5.476190476190476
lxyzrlg15uj,2019-08-01,17.0,66.0,True,3.8823529411764706
lzq1mskqwnf,2019-08-01,9.0,0.0,False,0.0
lzwjoihxreu,2019-08-01,16.0,1.0,False,0.0625
m0hdrnx0m2p,2019-08-01,55.0,4.0,False,0.07272727272727272
m1557pjmxfr,2019-08-01,25.0,10.0,False,0.4
m19nafd9h5z,2019-08-01,17.0,4.0,False,0.23529411764705882
m1v10ljv7b5,2019-08-01,11.0,3.0,False,0.2727272727272727
m2z3ljufrb0,2019-08-01,-4.0,15.0,False,1500000000.0
m301wxhzx3n,2019-08-01,0.0,0.0,False,0.0
m3g5uw9o9hq,2019-08-01,661.0,1974.0,True,2.9863842662632374
m65aj3j06ss,2019-08-01,10.0,15.0,True,1.5
m68ot740grk,2019-08-01,0.0,0.0,False,0.0
m6fc75q2iun,2019-08-01,98.0,1.0,False,0.01020408163265306
m7787awld2l,2019-08-01,91.0,75.0,False,0.8241758241758241
m7npt7nuiel,2019-08-01,19.0,199.0,True,10.473684210526315
m8k7iht95bm,2019-08-01,32.0,2.0,False,0.0625
m8wjtnbnjkq,2019-08-01,81.0,17.0,False,0.20987654320987653
m9vnyxw21i5,2019-08-01,43.0,12.0,False,0.27906976744186046
machsjjup71,2019-08-01,0.0,0.0,False,0.0
mat9b4lvdy1,2019-08-01,13.0,1.0,False,0.07692307692307693
mbbbgz0hup9,2019-08-01,10.0,19.0,True,1.9
mbh9xlfro55,2019-08-01,35.0,29.0,False,0.8285714285714286
mcqub0x8faz,2019-08-01,29.0,20.0,False,0.6896551724137931
mdwyny7ulz3,2019-08-01,24.0,12.0,False,0.5
mef2eh85jdk,2019-08-01,24.0,2.0,False,0.08333333333333333
methibl1o7o,2019-08-01,1.0,0.0,False,0.0
mf6lerb825l,2019-08-01,9.0,4.0,False,0.4444444444444444
mflopzwre5j,2019-08-01,13.0,18.0,True,1.3846153846153846
mg0rxdjla29,2019-08-01,23.0,20.0,False,0.8695652173913043
mgj604sw6ri,2019-08-01,20.0,3.0,False,0.15
mgmuh7xpfu6,2019-08-01,0.0,0.0,False,0.0
mgvij1p7wn5,2019-08-01,8.0,4.0,False,0.5
mhykdya3wti,2019-08-01,5.0,2.0,False,0.4
miquop68vzi,2019-08-01,44.0,7.0,False,0.1590909090909091
mir87gqxkal,2019-08-01,10.0,0.0,False,0.0
mj0dt9zefjd,2019-08-01,25.0,76.0,True,3.04
mlih7881llh,2019-08-01,2.0,2.0,True,1.0
mmi6chfchff,2019-08-01,9.0,3.0,False,0.3333333333333333
mmk6h854290,2019-08-01,0.0,0.0,False,0.0
mmprt7ke058,2019-08-01,6.0,8.0,True,1.3333333333333333
mnozildzdqr,2019-08-01,5.0,0.0,False,0.0
mnpzyjyyzmd,2019-08-01,46.0,39.0,False,0.8478260869565217
mq9w8389fv8,2019-08-01,26.0,1.0,False,0.038461538461538464
mrliyrkmjpo,2019-08-01,496.0,1365.0,True,2.752016129032258
mtno3p0bun7,2019-08-01,21.0,14.0,False,0.6666666666666666
mwqdrn1i19v,2019-08-01,90.0,251.0,True,2.7888888888888888
mxc9yjictd8,2019-08-01,27.0,25.0,False,0.9259259259259259
mzo3jomb0mk,2019-08-01,15.0,24.0,True,1.6
mzqd24hnb7r,2019-08-01,3.0,2.0,False,0.6666666666666666
n0ewao2z0va,2019-08-01,19.0,87.0,True,4.578947368421052
n0oqm3lgwuh,2019-08-01,84.0,49.0,False,0.5833333333333334
n0p9f3czuvo,2019-08-01,21.0,14.0,False,0.6666666666666666
n0xoyyvrx2b,2019-08-01,10.0,15.0,True,1.5
n3w3r0gbie6,2019-08-01,4.0,0.0,False,0.0
n42kd52zv55,2019-08-01,8.0,4.0,False,0.5
n4iachduehr,2019-08-01,20.0,41.0,True,2.05
n4o2yfie18b,2019-08-01,33.0,21.0,False,0.6363636363636364
n4yg5fubk7i,2019-08-01,15.0,32.0,True,2.1333333333333333
n54vd54uvn5,2019-08-01,19.0,22.0,True,1.1578947368421053
n5n0etwp6rk,2019-08-01,1.0,0.0,False,0.0
n6bzv1ag23f,2019-08-01,57.0,61.0,True,1.0701754385964912
n6dba44xvtb,2019-08-01,38.0,1.0,False,0.02631578947368421
n6hjo23l37u,2019-08-01,0.0,1.0,False,100000000.0
n6zt84gdj59,2019-08-01,5.0,3.0,False,0.6
n76vwggrg60,2019-08-01,18.0,1.0,False,0.05555555555555555
n7xab1ydmek,2019-08-01,34.0,11.0,False,0.3235294117647059
n9mglnclcg2,2019-08-01,33.0,2.0,False,0.06060606060606061
nas68j2w11a,2019-08-01,0.0,20.0,False,2000000000.0
nb09trle6tn,2019-08-01,13.0,34.0,True,2.6153846153846154
nc26qytk491,2019-08-01,31.0,27.0,False,0.8709677419354839
ncfxillitsl,2019-08-01,135.0,77.0,False,0.5703703703703704
nctpirbyghw,2019-08-01,6.0,1.0,False,0.16666666666666666
nd43qn4hlak,2019-08-01,144.0,22.0,False,0.1527777777777778
ne823mbdnh9,2019-08-01,36.0,3.0,False,0.08333333333333333
nehqz3ngayz,2019-08-01,60.0,2.0,False,0.03333333333333333
nerxxxyubnr,2019-08-01,64.0,14.0,False,0.21875
nf5zs9cxp3h,2019-08-01,8.0,0.0,False,0.0
nfd0bzmi7vx,2019-08-01,25.0,30.0,True,1.2
ng2sc1vdl73,2019-08-01,14.0,13.0,False,0.9285714285714286
nghk0vqggg2,2019-08-01,9.0,16.0,True,1.7777777777777777
ngl05qt2q53,2019-08-01,50.0,1.0,False,0.02
ni6kbz1ocug,2019-08-01,170.0,6.0,False,0.03529411764705882
njhnwdh3na5,2019-08-01,42.0,14.0,False,0.3333333333333333
njkrduqiqii,2019-08-01,3.0,2.0,False,0.6666666666666666
njnjw1b3zp8,2019-08-01,17.0,13.0,False,0.7647058823529411
nklriogawhs,2019-08-01,44.0,16.0,False,0.36363636363636365
nlj9otzrbq3,2019-08-01,57.0,3.0,False,0.05263157894736842
nlsiso1vdgi,2019-08-01,28.0,0.0,False,0.0
nlxg1gbw481,2019-08-01,9.0,1.0,False,0.1111111111111111
nm3ebnrk6km,2019-08-01,7.0,2.0,False,0.2857142857142857
nm4eo5iaekj,2019-08-01,43.0,0.0,False,0.0
nm660f4nzpv,2019-08-01,39.0,59.0,True,1.5128205128205128
nndflf3bsrw,2019-08-01,7.0,0.0,False,0.0
nnyseqxlirm,2019-08-01,1.0,57.0,True,57.0
nnzufyper7d,2019-08-01,10.0,18.0,True,1.8
no4tqoqh4gj,2019-08-01,92.0,11.0,False,0.11956521739130435
no8wqed2sr9,2019-08-01,20.0,2.0,False,0.1
no9neukmuye,2019-08-01,21.0,40.0,True,1.9047619047619047
nomsg6nclj6,2019-08-01,40.0,28.0,False,0.7
nq2me3svf87,2019-08-01,58.0,8.0,False,0.13793103448275862
nqk59gqgwoq,2019-08-01,2.0,0.0,False,0.0
nqlerge2dbg,2019-08-01,19.0,0.0,False,0.0
nqxoar8arrw,2019-08-01,8.0,15.0,True,1.875
nr3jz3uldca,2019-08-01,64.0,198.0,True,3.09375
nrgvi96wb5p,2019-08-01,0.0,0.0,False,0.0
nryo6vo0t0g,2019-08-01,22.0,18.0,False,0.8181818181818182
nt4gi3se760,2019-08-01,9.0,6.0,False,0.6666666666666666
ntp8lfp9kjv,2019-08-01,7.0,4.0,False,0.5714285714285714
nu99og6nuu0,2019-08-01,0.0,0.0,False,0.0
nubjnkgini3,2019-08-01,57.0,7.0,False,0.12280701754385964
nult4xo86g2,2019-08-01,3.0,0.0,False,0.0
nuraejg9ce5,2019-08-01,18.0,13.0,False,0.7222222222222222
nv8ngxv9g1x,2019-08-01,232.0,91.0,False,0.3922413793103448
nvhlb3fzisd,2019-08-01,31.0,14.0,False,0.45161290322580644
nw31419v44a,2019-08-01,8.0,1.0,False,0.125
nyavrgocvhn,2019-08-01,7.0,2.0,False,0.2857142857142857
nyk3kni1o7f,2019-08-01,1.0,2.0,True,2.0
o150r2wrpwn,2019-08-01,34.0,19.0,False,0.5588235294117647
o1ni218wkiy,2019-08-01,45.0,172.0,True,3.8222222222222224
o3ve6acn0xx,2019-08-01,18.0,7.0,False,0.3888888888888889
o524fogvojv,2019-08-01,7.0,9.0,True,1.2857142857142858
o57bgjalx1j,2019-08-01,111.0,282.0,True,2.5405405405405403
o5x22w26x43,2019-08-01,0.0,0.0,False,0.0
o6xktsez0dm,2019-08-01,124.0,51.0,False,0.4112903225806452
o77lqcki0a9,2019-08-01,14.0,22.0,True,1.5714285714285714
o77pu640cir,2019-08-01,316.0,8.0,False,0.02531645569620253
o7asxz6e0fv,2019-08-01,15.0,2.0,False,0.13333333333333333
o7nmqzuvl78,2019-08-01,12.0,11.0,False,0.9166666666666666
o8xvetnn8cp,2019-08-01,37.0,45.0,True,1.2162162162162162
o95japtta0b,2019-08-01,21.0,11.0,False,0.5238095238095238
obq8a4g841c,2019-08-01,45.0,148.0,True,3.2888888888888888
ocp68dhzbfo,2019-08-01,1.0,0.0,False,0.0
odurvbu5jsg,2019-08-01,41.0,60.0,True,1.4634146341463414
ofuyt56i03g,2019-08-01,3.0,1.0,False,0.3333333333333333
oggfpzs57ip,2019-08-01,10.0,19.0,True,1.9
ohhwcr7eibt,2019-08-01,6.0,1.0,False,0.16666666666666666
ohtvats82i5,2019-08-01,0.0,0.0,False,0.0
oi0yvwhpy37,2019-08-01,44.0,86.0,True,1.9545454545454546
oja7lsryb2l,2019-08-01,15.0,17.0,True,1.1333333333333333
okqlb70k3nd,2019-08-01,24.0,5.0,False,0.20833333333333334
ol5frwtcbio,2019-08-01,3.0,44.0,True,14.666666666666666
omtfs7c7xtj,2019-08-01,26.0,4.0,False,0.15384615384615385
ondhd1lvs83,2019-08-01,12.0,1.0,False,0.08333333333333333
onna7quwpb6,2019-08-01,23.0,10.0,False,0.43478260869565216
oo86qgxgs7m,2019-08-01,26.0,12.0,False,0.46153846153846156
ooxvzf3esbh,2019-08-01,41.0,21.0,False,0.5121951219512195
oq3lodvtasu,2019-08-01,14.0,3.0,False,0.21428571428571427
oqlax65uebn,2019-08-01,4.0,3.0,False,0.75
oqrl6eew4cp,2019-08-01,29.0,16.0,False,0.5517241379310345
orltcqtisqk,2019-08-01,6.0,3.0,False,0.5
os1kehjm8qi,2019-08-01,115.0,58.0,False,0.5043478260869565
ot8y037fhvz,2019-08-01,159.0,566.0,True,3.559748427672956
outz8ms8vdw,2019-08-01,17.0,2.0,False,0.11764705882352941
ov5jds1xfak,2019-08-01,11.0,5.0,False,0.45454545454545453
ovodf94e7wt,2019-08-01,25.0,2.0,False,0.08
ovqxlm6q9me,2019-08-01,25.0,25.0,True,1.0
oxpcfncpr9p,2019-08-01,45.0,20.0,False,0.4444444444444444
oxtz60tzksq,2019-08-01,28.0,21.0,False,0.75
oy9s63wnr3v,2019-08-01,7.0,2.0,False,0.2857142857142857
oyd7s9cdj8w,2019-08-01,0.0,0.0,False,0.0
oyis9f6lzre,2019-08-01,27.0,46.0,True,1.7037037037037037
oyvdj2msvnb,2019-08-01,13.0,0.0,False,0.0
ozd9l7qid2z,2019-08-01,19.0,285.0,True,15.0
ozgh1ow32nd,2019-08-01,13.0,14.0,True,1.0769230769230769
ozhvb70kp42,2019-08-01,26.0,59.0,True,2.269230769230769
ozmg21l1s2f,2019-08-01,6.0,2.0,False,0.3333333333333333
ozu80hgo7mn,2019-08-01,11.0,8.0,False,0.7272727272727273
p0thd2vng07,2019-08-01,37.0,171.0,True,4.621621621621622
p1gsqzl6lvj,2019-08-01,21.0,13.0,False,0.6190476190476191
p33yr35x3t6,2019-08-01,140.0,11.0,False,0.07857142857142857
p3btr17w4wu,2019-08-01,51.0,29.0,False,0.5686274509803921
p4sx5wjiv90,2019-08-01,56.0,53.0,False,0.9464285714285714
p4xfpntn3aw,2019-08-01,22.0,14.0,False,0.6363636363636364
p5rtc8t4wdy,2019-08-01,0.0,0.0,False,0.0
p5u6pt2310q,2019-08-01,0.0,0.0,False,0.0
p63ivgs50xx,2019-08-01,6.0,3.0,False,0.5
p6wh68gayg2,2019-08-01,30.0,5.0,False,0.16666666666666666
p73sdroz103,2019-08-01,23.0,5.0,False,0.21739130434782608
p77hs8twbna,2019-08-01,19.0,17.0,False,0.8947368421052632
p7rstorq87l,2019-08-01,0.0,0.0,False,0.0
p8wms4y0o8j,2019-08-01,42.0,295.0,True,7.023809523809524
pakkp9f3k97,2019-08-01,4.0,1.0,False,0.25
pb0za1vrto9,2019-08-01,3.0,0.0,False,0.0
pb9m0wee6e6,2019-08-01,32.0,108.0,True,3.375
pc8ktsdugru,2019-08-01,0.0,0.0,False,0.0
pc9a73jeb6j,2019-08-01,3.0,0.0,False,0.0
pdhk5727fex,2019-08-01,30.0,11.0,False,0.36666666666666664
pdndf3bcs86,2019-08-01,41.0,31.0,False,0.7560975609756098
petc6890w34,2019-08-01,12.0,36.0,True,3.0
pfcpa3chvsr,2019-08-01,7.0,8.0,True,1.1428571428571428
pfcpcdm2m4s,2019-08-01,13.0,70.0,True,5.384615384615385
pfpj8uizwiw,2019-08-01,0.0,0.0,False,0.0
pgiyqxk8j7d,2019-08-01,7.0,2.0,False,0.2857142857142857
phh04zpphls,2019-08-01,312.0,1.0,False,0.003205128205128205
pik7y0j4kll,2019-08-01,14.0,14.0,True,1.0
pimd3p7orbx,2019-08-01,4.0,2.0,False,0.5
pjat8xoxafz,2019-08-01,77.0,0.0,False,0.0
pjxz820hcxv,2019-08-01,0.0,0.0,False,0.0
pkm7tneql4o,2019-08-01,6.0,55.0,True,9.166666666666666
pl7ap49lv9q,2019-08-01,37.0,1.0,False,0.02702702702702703
plrbjog62pb,2019-08-01,43.0,13.0,False,0.3023255813953488
plsqisank6b,2019-08-01,3.0,11.0,True,3.6666666666666665
pmx3rqy88zf,2019-08-01,22.0,13.0,False,0.5909090909090909
po27f14pffa,2019-08-01,35.0,14.0,False,0.4
poszmpcoaey,2019-08-01,22.0,7.0,False,0.3181818181818182
pp8oxan4pzi,2019-08-01,5.0,1.0,False,0.2
pptiu6s6dop,2019-08-01,26.0,27.0,True,1.0384615384615385
ppv5637qln0,2019-08-01,49.0,16.0,False,0.32653061224489793
prncvnpk5mf,2019-08-01,62.0,83.0,True,1.3387096774193548
prx35jido8k,2019-08-01,14.0,51.0,True,3.642857142857143
psg53lt2kiw,2019-08-01,6.0,3.0,False,0.5
psxvnbu6i43,2019-08-01,1753.0,2267.0,True,1.2932116371933828
pszh69dofcb,2019-08-01,153.0,210.0,True,1.3725490196078431
ptwbfomvd91,2019-08-01,18.0,2.0,False,0.1111111111111111
punwvsbh1ed,2019-08-01,379.0,1.0,False,0.002638522427440633
pvj1m6jz703,2019-08-01,0.0,0.0,False,0.0
pvmach777p1,2019-08-01,4.0,1.0,False,0.25
pway6196sbe,2019-08-01,0.0,0.0,False,0.0
pwedvu96tnj,2019-08-01,16.0,24.0,True,1.5
pxfau1k4udf,2019-08-01,26.0,16.0,False,0.6153846153846154
pxqb1hyo6p6,2019-08-01,40.0,11.0,False,0.275
pz1hllpr7m0,2019-08-01,8.0,1.0,False,0.125
q0kcul43mob,2019-08-01,11.0,18.0,True,1.6363636363636365
q1fdroz4t17,2019-08-01,0.0,0.0,False,0.0
q2k1otyfuwy,2019-08-01,23.0,5.0,False,0.21739130434782608
q2up27z0xz7,2019-08-01,15.0,4.0,False,0.26666666666666666
q3jk4myhctr,2019-08-01,19.0,3.0,False,0.15789473684210525
q3oi1kdnfq2,2019-08-01,39.0,249.0,True,6.384615384615385
q3yyjblgx0e,2019-08-01,25.0,17.0,False,0.68
q4ryuxkumhl,2019-08-01,3.0,0.0,False,0.0
q6e0yhjo8na,2019-08-01,6.0,0.0,False,0.0
q6p4tb5e2sw,2019-08-01,29.0,22.0,False,0.7586206896551724
q73ay0d4lz9,2019-08-01,0.0,0.0,False,0.0
q7w21kvuzcg,2019-08-01,0.0,0.0,False,0.0
q8535gsccia,2019-08-01,67.0,105.0,True,1.5671641791044777
q8d02qcht5w,2019-08-01,0.0,0.0,False,0.0
q9bx4ma53fo,2019-08-01,41.0,7.0,False,0.17073170731707318
qbf3b52q074,2019-08-01,19.0,4.0,False,0.21052631578947367
qclxtalzrih,2019-08-01,35.0,1.0,False,0.02857142857142857
qdz5lrrmlqw,2019-08-01,3.0,2.0,False,0.6666666666666666
qfuevqhvscb,2019-08-01,14.0,1.0,False,0.07142857142857142
qfyykfkh498,2019-08-01,31.0,93.0,True,3.0
qij63gh3k4e,2019-08-01,10.0,3.0,False,0.3
qirbrbyfx24,2019-08-01,24.0,4.0,False,0.16666666666666666
qj7600cur0f,2019-08-01,42.0,27.0,False,0.6428571428571429
qja475ou9i4,2019-08-01,5.0,3.0,False,0.6
qjfcrdtmsrh,2019-08-01,315.22,74.46000000000001,False,0.2362159761436457
qkkcjll6act,2019-08-01,35.0,5.0,False,0.14285714285714285
qkm24vsqhuf,2019-08-01,30.0,37.0,True,1.2333333333333334
qkrp6jrj4aa,2019-08-01,54.0,24.0,False,0.4444444444444444
qktgyk1564n,2019-08-01,0.0,0.0,False,0.0
qlpfuzislfz,2019-08-01,13.0,19.0,True,1.4615384615384615
qltuhbqe0vb,2019-08-01,9.0,1.0,False,0.1111111111111111
qm11nzjz0oy,2019-08-01,2.0,7.0,True,3.5
qmzj8bpqal5,2019-08-01,44.0,162.0,True,3.6818181818181817
qnhlb3zqucp,2019-08-01,10.0,6.0,False,0.6
qnxa68cg7qo,2019-08-01,53.0,4.0,False,0.07547169811320754
qnzz3hh4jej,2019-08-01,35.0,1.0,False,0.02857142857142857
qp23rykghp2,2019-08-01,0.0,6.0,False,600000000.0
qpx7fvn2gwr,2019-08-01,1.0,3.0,True,3.0
qq3ikd28qf8,2019-08-01,1.0,10.0,True,10.0
qqcjkjbh4wx,2019-08-01,4.0,7.0,True,1.75
qqqkf0u2u55,2019-08-01,13.0,0.0,False,0.0
qqurosa4ee3,2019-08-01,4.0,1.0,False,0.25
qscfwj0tdht,2019-08-01,7.0,3.0,False,0.42857142857142855
qtekfijfr87,2019-08-01,41.0,18.0,False,0.43902439024390244
qwhpv606396,2019-08-01,5.0,2.0,False,0.4
qwz7wucr5zy,2019-08-01,7.0,0.0,False,0.0
qxmzhs8ac4c,2019-08-01,6.0,3.0,False,0.5
qxs7xw7ogqs,2019-08-01,3.0,3.0,True,1.0
qyip6iai67s,2019-08-01,23.0,10.0,False,0.43478260869565216
qzin2ahgksv,2019-08-01,5.0,35.0,True,7.0
r0bsmqc1ppy,2019-08-01,30.0,19.0,False,0.6333333333333333
r0vyb1jdw4n,2019-08-01,8.0,3.0,False,0.375
r1xh37labnq,2019-08-01,21.0,5.0,False,0.23809523809523808
r298qnh1vp7,2019-08-01,13.0,2.0,False,0.15384615384615385
r2e6ucxfd15,2019-08-01,11.0,49.0,True,4.454545454545454
r3i3i7tazh2,2019-08-01,22.0,6.0,False,0.2727272727272727
r3ibo0orboi,2019-08-01,4.0,66.0,True,16.5
r5w4qk6ynix,2019-08-01,21.0,31.0,True,1.4761904761904763
r5wd9k0azok,2019-08-01,17.0,8.0,False,0.47058823529411764
r6gtxjl6iug,2019-08-01,0.0,0.0,False,0.0
r7lfcl63dlc,2019-08-01,14.0,14.0,True,1.0
r7n15vej0cd,2019-08-01,26.0,3.0,False,0.11538461538461539
r8dwysl6m4d,2019-08-01,19.0,1.0,False,0.05263157894736842
r8uymqq4gyv,2019-08-01,12.0,0.0,False,0.0
r96zz2ebndx,2019-08-01,0.0,0.0,False,0.0
r9d2c7eefsy,2019-08-01,17.0,3.0,False,0.17647058823529413
ra2zo1dzt17,2019-08-01,9.0,0.0,False,0.0
ragxnfurw1c,2019-08-01,18.0,8.0,False,0.4444444444444444
rays16href4,2019-08-01,2.0,30.0,True,15.0
rbk4hsfccr4,2019-08-01,30.0,13.0,False,0.43333333333333335
rbzgsdg0ryt,2019-08-01,29.0,4.0,False,0.13793103448275862
rc378u6xaqj,2019-08-01,20.0,3.0,False,0.15
rcenzc3ev7z,2019-08-01,28.0,40.0,True,1.4285714285714286
rcu2hwo0v4n,2019-08-01,9.0,2.0,False,0.2222222222222222
rcw5vyziwq7,2019-08-01,24.0,45.0,True,1.875
rex0qguzmpq,2019-08-01,0.0,0.0,False,0.0
rf31xi3vvk3,2019-08-01,12.0,6.0,False,0.5
rfsisyfyu1f,2019-08-01,60.0,9.0,False,0.15
rfwburmkfdy,2019-08-01,81.0,176.0,True,2.1728395061728394
rh9q7gwbs0r,2019-08-01,65.0,19.0,False,0.2923076923076923
rilt8nrf54t,2019-08-01,6.0,2.0,False,0.3333333333333333
riw6k8n8me4,2019-08-01,6.0,19.0,True,3.1666666666666665
rizblmtg1lt,2019-08-01,10.0,36.0,True,3.6
rjzd6eva3zv,2019-08-01,24.0,0.0,False,0.0
rliwjw1d7yz,2019-08-01,22.0,55.0,True,2.5
rn4cmxkc4oa,2019-08-01,52.0,31.0,False,0.5961538461538461
rn7g2k07poc,2019-08-01,8.0,9.0,True,1.125
rnbvvc4kkw3,2019-08-01,20.0,49.0,True,2.45
ro3olpa58a4,2019-08-01,47.0,51.0,True,1.0851063829787233
ro450z22pw2,2019-08-01,6.0,13.0,True,2.1666666666666665
rojanfalp4n,2019-08-01,9.0,0.0,False,0.0
ronjg6rk8o7,2019-08-01,0.0,10.0,False,1000000000.0
rprxjn12bsb,2019-08-01,30.0,93.0,True,3.1
rq25y2ei1qw,2019-08-01,7.0,16.0,True,2.2857142857142856
rq2lbqjhwae,2019-08-01,3.0,3.0,True,1.0
rqbgvpzzxye,2019-08-01,22.0,4.0,False,0.18181818181818182
rqyv4g3cz63,2019-08-01,0.0,0.0,False,0.0
rr4gzpoej32,2019-08-01,4.0,5.0,True,1.25
rrq3kvbh7me,2019-08-01,22.0,12.0,False,0.5454545454545454
rswl3bfbx1w,2019-08-01,12.0,58.0,True,4.833333333333333
rt3k6xlj9nf,2019-08-01,192.0,136.0,False,0.7083333333333334
rtc397hfp5z,2019-08-01,7.0,5.0,False,0.7142857142857143
rtdzwzv1f7w,2019-08-01,58.0,38.0,False,0.6551724137931034
rul1m3snoy2,2019-08-01,18.0,13.0,False,0.7222222222222222
rv3low0g1s5,2019-08-01,30.0,57.0,True,1.9
rvy1hx9r1ky,2019-08-01,32.0,19.0,False,0.59375
rx6yxaegf7t,2019-08-01,47.0,1.0,False,0.02127659574468085
ry6f4l0w6qf,2019-08-01,1.0,0.0,False,0.0
ryfuu3gzva5,2019-08-01,42.0,44.0,True,1.0476190476190477
rypo8y0fjbo,2019-08-01,8.0,19.0,True,2.375
ryv2hoyhz9a,2019-08-01,172.0,42.0,False,0.2441860465116279
ryzmgat3by0,2019-08-01,58.0,118.0,True,2.0344827586206895
s0rh3nq7ipa,2019-08-01,10.0,3.0,False,0.3
s180qe7oipc,2019-08-01,1.0,20.0,True,20.0
s2e8ub1p20e,2019-08-01,112.0,232.0,True,2.0714285714285716
s2qa3zl2ixs,2019-08-01,5.0,5.0,True,1.0
s3dtch31hq0,2019-08-01,7.0,3.0,False,0.42857142857142855
s47qaw7vnqs,2019-08-01,4.0,4.0,True,1.0
s5i3i2zojie,2019-08-01,27.0,6.0,False,0.2222222222222222
s64mpfnqqdt,2019-08-01,12.0,21.0,True,1.75
s69lqzjhum5,2019-08-01,0.0,0.0,False,0.0
s6im8utal75,2019-08-01,9.0,9.0,True,1.0
s6nmf9ncaiq,2019-08-01,24.0,4.0,False,0.16666666666666666
s6xlflk7b6g,2019-08-01,18.0,0.0,False,0.0
s6z0gmdbfnl,2019-08-01,15.0,2.0,False,0.13333333333333333
s72am8azm8f,2019-08-01,72.0,328.0,True,4.555555555555555
s78v6egrkk8,2019-08-01,2.0,0.0,False,0.0
s7ay25e1v5l,2019-08-01,24.0,1.0,False,0.041666666666666664
s7cihvs286n,2019-08-01,33.0,17.0,False,0.5151515151515151
s7usauuogef,2019-08-01,11.0,14.0,True,1.2727272727272727
s7vwnx2a6j4,2019-08-01,4.0,5.0,True,1.25
s85dr4p55d8,2019-08-01,6.0,0.0,False,0.0
s8g9xr31doc,2019-08-01,48.0,0.0,False,0.0
s8ucardnyek,2019-08-01,26.0,11.0,False,0.4230769230769231
s95pn2fup9z,2019-08-01,3.0,0.0,False,0.0
s9dhkmhe470,2019-08-01,13.0,4.0,False,0.3076923076923077
s9onhvwl53e,2019-08-01,5.0,1.0,False,0.2
sbi9czyvrc2,2019-08-01,24.0,2.0,False,0.08333333333333333
sblmz64pokl,2019-08-01,14.0,10.0,False,0.7142857142857143
sbpiox2admu,2019-08-01,28.0,60.0,True,2.142857142857143
sc47h88jxdh,2019-08-01,37.0,33.0,False,0.8918918918918919
sc8h9brb1l7,2019-08-01,44.0,15.0,False,0.3409090909090909
scv3m02vo2j,2019-08-01,37.0,11.0,False,0.2972972972972973
sdpmbq9univ,2019-08-01,5.0,4.0,False,0.8
sdquri9k6xw,2019-08-01,35.0,37.0,True,1.0571428571428572
sezh6rikrqk,2019-08-01,8.0,28.0,True,3.5
sfzuual4byl,2019-08-01,31.0,7.0,False,0.22580645161290322
sh5tbw1ugx5,2019-08-01,21.0,14.0,False,0.6666666666666666
shemso7s7xy,2019-08-01,56.0,8.0,False,0.14285714285714285
shq45r9mexm,2019-08-01,3.0,3.0,True,1.0
shq68xeyh1k,2019-08-01,10.0,22.0,True,2.2
shxywzq3suv,2019-08-01,4.0,78.0,True,19.5
sindmz0kc3l,2019-08-01,377.0,509.0,True,1.3501326259946949
sirghdeuuae,2019-08-01,66.0,79.0,True,1.196969696969697
siwf0wjg4vg,2019-08-01,7.0,1.0,False,0.14285714285714285
skiu1sgj04s,2019-08-01,20.0,2.0,False,0.1
skp62px8eii,2019-08-01,68.0,15.0,False,0.22058823529411764
sldylog4xuq,2019-08-01,136.0,114.0,False,0.8382352941176471
sltbzns1ozr,2019-08-01,6.0,6.0,True,1.0
slwf3djr1aq,2019-08-01,10.0,4.0,False,0.4
smkug2a1k4b,2019-08-01,14.0,0.0,False,0.0
sn4vie0qo2o,2019-08-01,46.0,6.0,False,0.13043478260869565
snuqs2jp7cj,2019-08-01,9.0,1.0,False,0.1111111111111111
sojguzn5n1y,2019-08-01,131.0,11.0,False,0.08396946564885496
spnvnr14hl0,2019-08-01,6.0,0.0,False,0.0
sqerjw0a7vo,2019-08-01,46.0,2.0,False,0.043478260869565216
srmsqmx55m3,2019-08-01,12.0,18.0,True,1.5
srpuhjgxqiy,2019-08-01,0.0,1.0,False,100000000.0
ss5hlqjr2fq,2019-08-01,43.0,20.0,False,0.46511627906976744
ss7o9g5aqsr,2019-08-01,15.0,1.0,False,0.06666666666666667
ssxm8lq45hq,2019-08-01,4.0,2.0,False,0.5
stezuqbtana,2019-08-01,75.0,1.0,False,0.013333333333333334
stkb6rb642u,2019-08-01,4.0,2.0,False,0.5
sutn2jnovny,2019-08-01,0.0,0.0,False,0.0
suwqatx0vf6,2019-08-01,5.0,0.0,False,0.0
svm0guwd0lt,2019-08-01,8.0,1.0,False,0.125
swii99814mc,2019-08-01,2.0,0.0,False,0.0
swzk6llhuv9,2019-08-01,19.0,0.0,False,0.0
sz1e58xaur4,2019-08-01,18.0,43.0,True,2.388888888888889
t0chze7rg87,2019-08-01,74.0,54.0,False,0.7297297297297297
t2jllg00mz4,2019-08-01,19.0,20.0,True,1.0526315789473684
t2uqrxpbuvs,2019-08-01,24.0,6.0,False,0.25
t3axqjpe43j,2019-08-01,6.0,6.0,True,1.0
t3c0l57vbsl,2019-08-01,15.0,8.0,False,0.5333333333333333
t4aer637pyn,2019-08-01,6.0,7.0,True,1.1666666666666667
t4ckhrmhvlo,2019-08-01,6.0,2.0,False,0.3333333333333333
t4d6zu1vn7u,2019-08-01,9.0,0.0,False,0.0
t50ayjodadx,2019-08-01,0.0,0.0,False,0.0
t677dcse8ah,2019-08-01,4.0,0.0,False,0.0
t68wp8ymln4,2019-08-01,25.0,26.0,True,1.04
t720w7d086c,2019-08-01,13.0,3.0,False,0.23076923076923078
t7wuhurc687,2019-08-01,0.0,0.0,False,0.0
t8aiukrs5pu,2019-08-01,15.0,0.0,False,0.0
t97wb22pj22,2019-08-01,259.0,310.0,True,1.196911196911197
t9x3es1voil,2019-08-01,52.0,17.0,False,0.3269230769230769
ta27ixzajeh,2019-08-01,0.0,0.0,False,0.0
tb6j750klhi,2019-08-01,25.0,5.0,False,0.2
tbkm3958fuc,2019-08-01,176.0,2.0,False,0.011363636363636364
tc8oirgjnfl,2019-08-01,13.0,0.0,False,0.0
tfbyp40lgp1,2019-08-01,8.0,118.0,True,14.75
tfo7a2metru,2019-08-01,229.0,11.0,False,0.048034934497816595
tgn6vp71zjp,2019-08-01,0.0,1.0,False,100000000.0
th208c83pi6,2019-08-01,38.0,20.0,False,0.5263157894736842
thccwkmpimv,2019-08-01,17.0,5.0,False,0.29411764705882354
thw7rnsb945,2019-08-01,8.0,37.0,True,4.625
tjedn3yimkr,2019-08-01,46.0,5.0,False,0.10869565217391304
tjindtgn33w,2019-08-01,0.0,0.0,False,0.0
tm0p3mp73v0,2019-08-01,26.0,11.0,False,0.4230769230769231
tm619ssrzlk,2019-08-01,42.0,164.0,True,3.9047619047619047
tn2edk9v92u,2019-08-01,51.0,55.0,True,1.0784313725490196
tn7kpv3uwjc,2019-08-01,10.0,4.0,False,0.4
tnoecascpht,2019-08-01,100.0,39.0,False,0.39
todkyo1ob5y,2019-08-01,10.0,4.0,False,0.4
toh0js3ogld,2019-08-01,73.0,8.0,False,0.1095890410958904
tot26zadpk0,2019-08-01,10.0,6.0,False,0.6
tp8xqpd3i44,2019-08-01,11.0,16.0,True,1.4545454545454546
tpgt6yn0dfs,2019-08-01,14.0,8.0,False,0.5714285714285714
tqe3h8lyds3,2019-08-01,4.0,3.0,False,0.75
tqvs671336m,2019-08-01,59.0,127.0,True,2.152542372881356
tw8vdxuucyv,2019-08-01,5.0,3.0,False,0.6
twqome2qm6r,2019-08-01,26.0,7.0,False,0.2692307692307692
twv78lpndoz,2019-08-01,1.0,0.0,False,0.0
txklxxdmssp,2019-08-01,57.0,93.0,True,1.631578947368421
txyavvgans3,2019-08-01,7.0,6.0,False,0.8571428571428571
ty2n54rqne9,2019-08-01,14.0,13.0,False,0.9285714285714286
tyfoaw4287i,2019-08-01,6.0,0.0,False,0.0
tyk3hme559h,2019-08-01,10.0,0.0,False,0.0
tztah005p7c,2019-08-01,16.0,4.0,False,0.25
u0tonkcx9rf,2019-08-01,98.0,16.0,False,0.16326530612244897
u0vdh6oyaid,2019-08-01,12.0,3.0,False,0.25
u0wojhnn21v,2019-08-01,24.0,297.0,True,12.375
u1iuh965rmf,2019-08-01,24.0,18.0,False,0.75
u1l5zhwy7dd,2019-08-01,39.0,67.0,True,1.7179487179487178
u206llze4bo,2019-08-01,15.0,2.0,False,0.13333333333333333
u3bota62cms,2019-08-01,13.0,32.0,True,2.4615384615384617
u3jnupya6kz,2019-08-01,15.0,5.0,False,0.3333333333333333
u3w6lbh4fnq,2019-08-01,28.0,70.0,True,2.5
u53nivr9avc,2019-08-01,16.0,4.0,False,0.25
u53qppx0nff,2019-08-01,18.0,5.0,False,0.2777777777777778
u69qzkart1g,2019-08-01,20.0,0.0,False,0.0
u7uqt1wi7l8,2019-08-01,25.0,1.0,False,0.04
u8l816re9hj,2019-08-01,7.0,4.0,False,0.5714285714285714
u8nedw0cbhp,2019-08-01,236.0,856.0,True,3.6271186440677967
u97zonp79w7,2019-08-01,7.0,3.0,False,0.42857142857142855
ubm9yjwk73o,2019-08-01,82.0,314.0,True,3.8292682926829267
ubsxsrkaqfv,2019-08-01,10.0,3.0,False,0.3
ucrnqkwqbpz,2019-08-01,10.0,4.0,False,0.4
ucu0imafh5q,2019-08-01,16.0,5.0,False,0.3125
udbr9q44r38,2019-08-01,61.0,64.0,True,1.0491803278688525
ufkyenqooxb,2019-08-01,11.0,12.0,True,1.0909090909090908
ug070971an5,2019-08-01,0.0,19.0,False,1900000000.0
ug39cj2kulu,2019-08-01,65.0,50.0,False,0.7692307692307693
ug70m9vq8ke,2019-08-01,2.0,0.0,False,0.0
ug9p0s2splh,2019-08-01,65.0,5.0,False,0.07692307692307693
ugi065x2msa,2019-08-01,48.0,45.0,False,0.9375
uhmrrrgrgr1,2019-08-01,22.0,8.0,False,0.36363636363636365
uisr8vl59gb,2019-08-01,31.0,5.0,False,0.16129032258064516
ukdxyl18d6i,2019-08-01,2.0,2.0,True,1.0
ukgzjwr1qj2,2019-08-01,8.0,13.0,True,1.625
unitkt5meko,2019-08-01,10.0,4.0,False,0.4
uod9q42v804,2019-08-01,2.0,6.0,True,3.0
uognid1ur24,2019-08-01,38.0,0.0,False,0.0
up48m1pqqaj,2019-08-01,115.0,135.0,True,1.173913043478261
upk1rhppqw6,2019-08-01,2.0,1.0,False,0.5
uq3ofy0qifi,2019-08-01,39.0,4.0,False,0.10256410256410256
uqjmjluta5u,2019-08-01,4.0,4.0,True,1.0
uqvpgx61azu,2019-08-01,39.0,38.0,False,0.9743589743589743
urceg4zzb8u,2019-08-01,13.0,15.0,True,1.1538461538461537
usxvxj65tfg,2019-08-01,35.0,37.0,True,1.0571428571428572
utc5vlr81gm,2019-08-01,14.0,2.0,False,0.14285714285714285
uu8htwli71a,2019-08-01,28.0,1.0,False,0.03571428571428571
uutkkj4n9sn,2019-08-01,18.0,3.0,False,0.16666666666666666
uv10gf491qg,2019-08-01,5.0,4.0,False,0.8
uvg4dfa5yux,2019-08-01,8.0,1.0,False,0.125
uw6h52qy2mo,2019-08-01,24.0,16.0,False,0.6666666666666666
uysrpegkkax,2019-08-01,53.0,168.0,True,3.169811320754717
uyxuwmc8a8h,2019-08-01,7.0,0.0,False,0.0
v006vwouuym,2019-08-01,0.0,0.0,False,0.0
v08j1y4sjq9,2019-08-01,70.0,87.0,True,1.2428571428571429
v0p9ge9vdnd,2019-08-01,10.0,1.0,False,0.1
v209gli552i,2019-08-01,39.0,11.0,False,0.28205128205128205
v3nnv8mr259,2019-08-01,39.0,48.0,True,1.2307692307692308
v4hz3n608zf,2019-08-01,1.0,25.0,True,25.0
v57yc9sslod,2019-08-01,10.0,1.0,False,0.1
v5erxhi28m0,2019-08-01,89.0,222.0,True,2.49438202247191
v6zt9egdxu5,2019-08-01,13.0,10.0,False,0.7692307692307693
v7zk1zh72vj,2019-08-01,43.0,456.0,True,10.604651162790697
v95g54i3mn0,2019-08-01,5.0,1.0,False,0.2
vb8w9ra48df,2019-08-01,3.0,10.0,True,3.3333333333333335
vbc3rqjnqg0,2019-08-01,0.0,0.0,False,0.0
vbe22x8cxm8,2019-08-01,24.0,0.0,False,0.0
vbvmk9ope2l,2019-08-01,83.0,67.0,False,0.8072289156626506
vdm8c866ui7,2019-08-01,9.0,1.0,False,0.1111111111111111
vei7nch8dgm,2019-08-01,0.0,0.0,False,0.0
vfay9jbgjem,2019-08-01,15.0,10.0,False,0.6666666666666666
vgy2kd0p4wl,2019-08-01,67.0,78.0,True,1.164179104477612
vgzzt6m1274,2019-08-01,12.0,6.0,False,0.5
vh9ye31b0fd,2019-08-01,32.0,0.0,False,0.0
vjizmsw9fji,2019-08-01,6.0,1.0,False,0.16666666666666666
vjlohs8bd1c,2019-08-01,10.0,2.0,False,0.2
vkpej513yph,2019-08-01,5.0,0.0,False,0.0
vlrn3qicryw,2019-08-01,23.0,13.0,False,0.5652173913043478
vlverirxc1z,2019-08-01,65.0,0.0,False,0.0
vlxl5ihr3pl,2019-08-01,3.0,13.0,True,4.333333333333333
vm2p8db58an,2019-08-01,38.0,24.0,False,0.631578947368421
vnezlsd6e32,2019-08-01,16.0,0.0,False,0.0
vo1y10qjcu5,2019-08-01,8.0,11.0,True,1.375
voe6xpv89uh,2019-08-01,66.0,52.0,False,0.7878787878787878
vooeltwk2r8,2019-08-01,21.0,3.0,False,0.14285714285714285
voryhkspcda,2019-08-01,9.0,2.0,False,0.2222222222222222
vp7fhklesec,2019-08-01,10.0,4.0,False,0.4
vpx3d13rjnz,2019-08-01,43.0,5.0,False,0.11627906976744186
vsbvikzudaf,2019-08-01,0.0,2.0,False,200000000.0
vt73tnxwzp4,2019-08-01,33.0,48.0,True,1.4545454545454546
vu5zkybdr3z,2019-08-01,13.0,2.0,False,0.15384615384615385
vujco18pgzx,2019-08-01,54.0,27.0,False,0.5
vuuooqmimfm,2019-08-01,27.0,1.0,False,0.037037037037037035
vvcfsh674m7,2019-08-01,14.0,6.0,False,0.42857142857142855
vvck8ovelhn,2019-08-01,0.0,0.0,False,0.0
vx9nsdciqsw,2019-08-01,9.0,127.0,True,14.11111111111111
vym705m6y8l,2019-08-01,42.0,156.0,True,3.7142857142857144
vz6dqdtt943,2019-08-01,13.0,4.0,False,0.3076923076923077
vzfrvw2z8m8,2019-08-01,69.0,32.0,False,0.463768115942029
vzh8b26iuaz,2019-08-01,26.0,10.0,False,0.38461538461538464
w100iwcx1w0,2019-08-01,40.0,71.0,True,1.775
w1uociq1edt,2019-08-01,24.0,27.0,True,1.125
w2k9og4qtp9,2019-08-01,4.0,1.0,False,0.25
w2r7qwk03in,2019-08-01,8.0,0.0,False,0.0
w2t6knpb9hb,2019-08-01,12.0,2.0,False,0.16666666666666666
w33v3ov1fbf,2019-08-01,29.0,55.0,True,1.896551724137931
w3hs0mki34h,2019-08-01,16.0,1.0,False,0.0625
w3w4f43ldg2,2019-08-01,26.0,2.0,False,0.07692307692307693
w4lyq806a7i,2019-08-01,43.0,127.0,True,2.953488372093023
w4r2d9xzixg,2019-08-01,9.0,0.0,False,0.0
w4tka38pljn,2019-08-01,1.0,0.0,False,0.0
w51tiu2mufb,2019-08-01,2.0,0.0,False,0.0
w559l2ke1oe,2019-08-01,72.0,5.0,False,0.06944444444444445
w5hx4nweg13,2019-08-01,20.0,13.0,False,0.65
w5jwspwzl8j,2019-08-01,20.0,2.0,False,0.1
w5qudraeyss,2019-08-01,6.0,1.0,False,0.16666666666666666
w6782xxl0jm,2019-08-01,6.0,3.0,False,0.5
w6pm5idorba,2019-08-01,8.0,38.0,True,4.75
w8u6k7s1vlp,2019-08-01,0.0,11.0,False,1100000000.0
w8wdxeoetij,2019-08-01,0.0,0.0,False,0.0
w9b0ecuusma,2019-08-01,9.0,9.0,True,1.0
w9qi2f8pjnc,2019-08-01,17.0,14.0,False,0.8235294117647058
wa289ui9h06,2019-08-01,0.0,0.0,False,0.0
waeo6ri8q6l,2019-08-01,4.0,1.0,False,0.25
warlocs31xy,2019-08-01,2.0,24.0,True,12.0
wb201qxh4yi,2019-08-01,24.0,6.0,False,0.25
wbvnd3cabnu,2019-08-01,1.0,1.0,True,1.0
wc7bxbot7x5,2019-08-01,12.0,9.0,False,0.75
wc7jdskd4ac,2019-08-01,15.0,22.0,True,1.4666666666666666
wdamlpmiwoi,2019-08-01,1100.0,152.0,False,0.13818181818181818
we3i97h5djq,2019-08-01,12.0,16.0,True,1.3333333333333333
we47isivdpw,2019-08-01,0.0,0.0,False,0.0
wfrygitmguf,2019-08-01,0.0,0.0,False,0.0
wgl3qh2v29n,2019-08-01,19.0,4.0,False,0.21052631578947367
whdxdue80xd,2019-08-01,98.0,11.0,False,0.11224489795918367
wibkrt1yi5i,2019-08-01,11.0,456.0,True,41.45454545454545
wjo52sq7blu,2019-08-01,46.0,10.0,False,0.21739130434782608
wkb83kgdl14,2019-08-01,4.0,6.0,True,1.5
wl0b636f8gl,2019-08-01,108.0,314.0,True,2.9074074074074074
wl6cv8snt3e,2019-08-01,23.0,3.0,False,0.13043478260869565
wlqtzpp761t,2019-08-01,55.0,51.0,False,0.9272727272727272
wm1cj918y2k,2019-08-01,55.0,111.0,True,2.018181818181818
wm9u7im1255,2019-08-01,16.0,4.0,False,0.25
wmzvlb4djog,2019-08-01,15.0,114.0,True,7.6
wn7c3or5qkr,2019-08-01,20.0,22.0,True,1.1
woc4f7fud6m,2019-08-01,130.0,84.0,False,0.6461538461538462
wpnoiy25rl1,2019-08-01,10.0,0.0,False,0.0
wre6nxdfczi,2019-08-01,7.0,0.0,False,0.0
wrtx9bnv1zz,2019-08-01,15.0,4.0,False,0.26666666666666666
ws3lecwsfij,2019-08-01,3.0,5.0,True,1.6666666666666667
wsrzu5k65n6,2019-08-01,0.0,4.0,False,400000000.0
wssik3ikgy4,2019-08-01,38.0,7.0,False,0.18421052631578946
wtds2lxd79i,2019-08-01,17.0,5.0,False,0.29411764705882354
wtjfhdeut98,2019-08-01,1.0,0.0,False,0.0
wus2r1o6qzo,2019-08-01,83.0,222.0,True,2.674698795180723
wuz1spxgrsv,2019-08-01,10.0,2.0,False,0.2
wv7uyjvhvfe,2019-08-01,3.0,8.0,True,2.6666666666666665
wvse8p3mnj5,2019-08-01,148.0,14.0,False,0.0945945945945946
wvt1yg5g411,2019-08-01,149.0,0.0,False,0.0
wxe8fuwwtps,2019-08-01,35.0,15.0,False,0.42857142857142855
wxh1mxlln9j,2019-08-01,110.0,93.0,False,0.8454545454545455
x0nqperb7tk,2019-08-01,24.0,5.0,False,0.20833333333333334
x102yn1bn6n,2019-08-01,19.0,0.0,False,0.0
x1ex3wdkw40,2019-08-01,110.0,7.0,False,0.06363636363636363
x1mbwsfgl6k,2019-08-01,4.0,14.0,True,3.5
x1nvy65u8ly,2019-08-01,46.0,80.0,True,1.7391304347826086
x3e7azkbsxo,2019-08-01,0.0,1.0,False,100000000.0
x485ruva4x3,2019-08-01,41.0,16.0,False,0.3902439024390244
x49nmlsrr4n,2019-08-01,0.0,0.0,False,0.0
x4w86ey0qqe,2019-08-01,3.0,4.0,True,1.3333333333333333
x5f8l523mga,2019-08-01,5.0,0.0,False,0.0
x70d9x20dcv,2019-08-01,127.0,70.0,False,0.5511811023622047
x7vvmxcu251,2019-08-01,0.0,33.0,False,3300000000.0
x8t3qlxkrnp,2019-08-01,21.0,331.0,True,15.761904761904763
x9ka25cfu39,2019-08-01,22.0,3.0,False,0.13636363636363635
xbo6wsqwxi9,2019-08-01,6.0,11.0,True,1.8333333333333333
xccfjiwu62l,2019-08-01,2.0,2.0,True,1.0
xczm7pyalvw,2019-08-01,64.0,214.0,True,3.34375
xd3qdxm3g7a,2019-08-01,0.0,0.0,False,0.0
xdoxpbm2fnz,2019-08-01,565.0,1822.0,True,3.224778761061947
xdt1tx5zpze,2019-08-01,0.0,2.0,False,200000000.0
xf5823pj4m4,2019-08-01,24.0,10.0,False,0.4166666666666667
xflt91tw5v9,2019-08-01,21.0,7.0,False,0.3333333333333333
xfsmlkbyxb7,2019-08-01,3.0,0.0,False,0.0
xgjhxu000j1,2019-08-01,4.0,6.0,True,1.5
xgxdvt9dbdz,2019-08-01,33.0,13.0,False,0.3939393939393939
xhflot9enjm,2019-08-01,19.0,3.0,False,0.15789473684210525
xicngem0hkt,2019-08-01,1.0,4.0,True,4.0
xk4p13koqek,2019-08-01,17.0,3.0,False,0.17647058823529413
xlt7gtarjm4,2019-08-01,0.0,0.0,False,0.0
xlubaegy192,2019-08-01,1.0,504.0,True,504.0
xm0rwhl8g72,2019-08-01,8.0,2.0,False,0.25
xm0t40fn0d2,2019-08-01,17.0,13.0,False,0.7647058823529411
xmifwrdj5rq,2019-08-01,8.0,4.0,False,0.5
xn2riivstct,2019-08-01,28.0,53.0,True,1.8928571428571428
xnwo864pd91,2019-08-01,8.0,34.0,True,4.25
xodf4svefyo,2019-08-01,0.0,291.0,False,29100000000.0
xpm0vrt6bzv,2019-08-01,42.0,72.0,True,1.7142857142857142
xpnonldjipn,2019-08-01,11.0,10.0,False,0.9090909090909091
xqbs1za2cb4,2019-08-01,25.0,23.0,False,0.92
xqhi6xc2qq9,2019-08-01,5.0,0.0,False,0.0
xrarie1qtml,2019-08-01,45.0,6.0,False,0.13333333333333333
xsfdz3lwejr,2019-08-01,9.0,21.0,True,2.3333333333333335
xtfyj3mm5ic,2019-08-01,62.0,47.0,False,0.7580645161290323
xtq3dgtp14v,2019-08-01,37.0,31.0,False,0.8378378378378378
xw4kn0qjjhr,2019-08-01,14.0,9.0,False,0.6428571428571429
xw6gyb03t51,2019-08-01,26.0,2.0,False,0.07692307692307693
xx1lnqmefcj,2019-08-01,24.0,1.0,False,0.041666666666666664
xy7glptspa6,2019-08-01,27.0,3.0,False,0.1111111111111111
xyht7jc8hw6,2019-08-01,11.0,6.0,False,0.5454545454545454
y0cubv0jqf0,2019-08-01,0.0,0.0,False,0.0
y0ejft161x4,2019-08-01,25.0,29.0,True,1.16
y0wc7qhm4mx,2019-08-01,34.0,75.0,True,2.2058823529411766
y2m3zucxnvk,2019-08-01,1.0,14.0,True,14.0
y31qjeg50rz,2019-08-01,25.0,37.0,True,1.48
y3lt5qedz8r,2019-08-01,60.0,40.0,False,0.6666666666666666
y3o5p7sj6z9,2019-08-01,29.0,1.0,False,0.034482758620689655
y43chrd6xet,2019-08-01,5.0,35.0,True,7.0
y5jzwlhh5ou,2019-08-01,0.0,0.0,False,0.0
y5wr99g8h28,2019-08-01,11.0,45.0,True,4.090909090909091
y6fbfm77r5h,2019-08-01,41.0,38.0,False,0.926829268292683
y6fwcndm2rq,2019-08-01,13.0,6.0,False,0.46153846153846156
y7uhveklh64,2019-08-01,28.0,65.0,True,2.3214285714285716
y89gzj21b2d,2019-08-01,13.0,9.0,False,0.6923076923076923
y96coqb8e1d,2019-08-01,3.0,1.0,False,0.3333333333333333
y970ddunupm,2019-08-01,33.0,17.0,False,0.5151515151515151
yabh7x78vjq,2019-08-01,11.0,3.0,False,0.2727272727272727
yanfpuibx5g,2019-08-01,20.0,4.0,False,0.2
ydb1otb4wn7,2019-08-01,31.0,3.0,False,0.0967741935483871
ydgof2k52hc,2019-08-01,86.0,39.0,False,0.45348837209302323
yebbpufdsed,2019-08-01,18.0,6.0,False,0.3333333333333333
yect3j5w5xh,2019-08-01,0.0,0.0,False,0.0
yeel2kmtoj1,2019-08-01,20.0,2.0,False,0.1
yeozh4nge1f,2019-08-01,31.0,7.0,False,0.22580645161290322
yfhw8icykso,2019-08-01,16.0,0.0,False,0.0
yfnf49wf8wk,2019-08-01,9.0,4.0,False,0.4444444444444444
yfqc962elbg,2019-08-01,116.0,250.0,True,2.1551724137931036
yh7xf4dfin6,2019-08-01,18.0,0.0,False,0.0
yh8f768i2ad,2019-08-01,24.0,24.0,True,1.0
yju9nzai98z,2019-08-01,19.0,129.0,True,6.7894736842105265
yk28ly5j4yx,2019-08-01,10.0,4.0,False,0.4
yl1wzuvyuzn,2019-08-01,85.0,166.0,True,1.9529411764705882
yljakhncsy7,2019-08-01,21.0,10.0,False,0.47619047619047616
ymchqlifrcr,2019-08-01,61.0,1.0,False,0.01639344262295082
ynogs6ql1l6,2019-08-01,74.0,57.0,False,0.7702702702702703
yoew9py4msz,2019-08-01,12.0,34.0,True,2.8333333333333335
yp7jihwm9mc,2019-08-01,10.0,8.0,False,0.8
yr8src2i4ce,2019-08-01,5.0,75.0,True,15.0
yrla7te8did,2019-08-01,0.0,0.0,False,0.0
ytlp4ll8vlr,2019-08-01,51.0,99.0,True,1.9411764705882353
yuhgkuvvkl7,2019-08-01,4.0,3.0,False,0.75
yvgxgy3pxh9,2019-08-01,30.0,93.0,True,3.1
ywavmd5gr8b,2019-08-01,43.0,39.0,False,0.9069767441860465
ywu7t1sl6xw,2019-08-01,19.0,33.0,True,1.736842105263158
yxmez0fkukz,2019-08-01,12.0,17.0,True,1.4166666666666667
yyf96dxyoes,2019-08-01,36.0,1.0,False,0.027777777777777776
yz980fjau76,2019-08-01,0.0,0.0,False,0.0
yzvx3unhcp7,2019-08-01,18.0,18.0,True,1.0
yzx9908p5b4,2019-08-01,-3.0,4.0,False,400000000.0
z07oqi6s057,2019-08-01,17.0,8.0,False,0.47058823529411764
z0vtx91tdv6,2019-08-01,8.0,13.0,True,1.625
z0wxc65p0kt,2019-08-01,10.0,7.0,False,0.7
z13887l6360,2019-08-01,0.0,0.0,False,0.0
z139wb0rpdi,2019-08-01,20.0,28.0,True,1.4
z18gp0z5c92,2019-08-01,4.0,3.0,False,0.75
z3ucy1cl01i,2019-08-01,20.0,1.0,False,0.05
z41gol9ibuo,2019-08-01,14.0,0.0,False,0.0
z5ecm85agcp,2019-08-01,24.0,80.0,True,3.3333333333333335
z7y1m5htyi6,2019-08-01,21.0,18.0,False,0.8571428571428571
z8mvztob2ra,2019-08-01,65.0,29.0,False,0.4461538461538462
z8wk9rqxwr3,2019-08-01,9.0,2.0,False,0.2222222222222222
z9a83r0oi2s,2019-08-01,7.0,4.0,False,0.5714285714285714
zaylfiu3t1u,2019-08-01,25.0,28.0,True,1.12
zbfibr6hurh,2019-08-01,24.0,64.0,True,2.6666666666666665
zbh01a5r19e,2019-08-01,37.0,34.0,False,0.918918918918919
zbhq7kn5lch,2019-08-01,11.0,11.0,True,1.0
zcae9uugldd,2019-08-01,17.0,5.0,False,0.29411764705882354
zeme51uyzhf,2019-08-01,42.0,7.0,False,0.16666666666666666
zew0zw544hu,2019-08-01,8.0,1.0,False,0.125
zfberkxgv20,2019-08-01,25.0,21.0,False,0.84
zfn9uof9a2h,2019-08-01,93.0,76.0,False,0.8172043010752689
zgkr5xqhojb,2019-08-01,174.0,7.0,False,0.040229885057471264
zipmafti4g1,2019-08-01,0.0,0.0,False,0.0
ziv0icasvsq,2019-08-01,82.0,84.0,True,1.024390243902439
zj5uxyv70r6,2019-08-01,24.0,8.0,False,0.3333333333333333
zj64d52k9q7,2019-08-01,9.0,6.0,False,0.6666666666666666
zksy90vagbq,2019-08-01,3.0,2.0,False,0.6666666666666666
zlhn3nrz3k1,2019-08-01,37.0,1.0,False,0.02702702702702703
zln2y9igepl,2019-08-01,0.0,0.0,False,0.0
zlotfdl38em,2019-08-01,4.0,13.0,True,3.25
zmfygnjunvg,2019-08-01,24.0,44.0,True,1.8333333333333333
zn8hlznf8sn,2019-08-01,13.0,11.0,False,0.8461538461538461
zp1rwp87tf5,2019-08-01,20.0,6.0,False,0.3
zpherp7b4jh,2019-08-01,18.0,0.0,False,0.0
zpsnofwjlcz,2019-08-01,21.0,7.0,False,0.3333333333333333
zqfq9f9snut,2019-08-01,80.0,109.0,True,1.3625
zrf0353r09a,2019-08-01,23.0,27.0,True,1.173913043478261
zrfszsmtrqz,2019-08-01,35.0,34.0,False,0.9714285714285714
zrppmx95hn7,2019-08-01,5.0,3.0,False,0.6
zrpv3xbinho,2019-08-01,0.0,0.0,False,0.0
zrwszghee8o,2019-08-01,5.0,2.0,False,0.4
zsqz7tsc82y,2019-08-01,38.0,4.0,False,0.10526315789473684
zt8wbfthf9r,2019-08-01,32.0,4.0,False,0.125
ztlz8g6ruwy,2019-08-01,24.0,9.0,False,0.375
zu79ttunx8i,2019-08-01,3.0,1.0,False,0.3333333333333333
zucuh515bef,2019-08-01,46.0,8.0,False,0.17391304347826086
zwh5yhmu14w,2019-08-01,12.0,7.0,False,0.5833333333333334
zwn2h1f7u7w,2019-08-01,96.0,278.0,True,2.8958333333333335
zwrkukkkqjr,2019-08-01,3.0,4.0,True,1.3333333333333333
zwxob9kqvc9,2019-08-01,0.0,0.0,False,0.0
zxrr7xzpmxx,2019-08-01,14.0,22.0,True,1.5714285714285714
zy48ee9b466,2019-08-01,15.0,13.0,False,0.8666666666666667
zyhrrhik7zt,2019-08-01,13.0,13.0,True,1.0
zyz4lcusiy6,2019-08-01,15.0,10.0,False,0.6666666666666666
zzm73krlac0,2019-08-01,40.0,170.0,True,4.25
zzv3logjblt,2019-08-01,4.0,0.0,False,0.0
